日期,baseline,common_mpc,affine_feedback,affine_mpc,affine_saa_mpc,affine_sdp,总费用_元,按当日权重计算的专家费用_元,凸组合节省_元
2025-02-01,0.0,0.0,0.0,0.0,1.0,0.0,23686.783688960135,23686.783688960135,0.0
2025-02-02,0.0,0.0,0.0,0.0,1.0,0.0,58113.209630159574,58113.20963015957,-7.275957614183426e-12
2025-02-03,0.0,0.0,0.0,0.0,1.0,0.0,57064.47665437027,57064.476654370264,-7.275957614183426e-12
2025-02-04,0.0,0.0,9.24098582903897e-15,0.0,0.9999999999999908,0.0,57530.45602749129,57530.45602749127,-1.4551915228366852e-11
2025-02-05,0.0,5.272714515004909e-16,0.0,0.0,0.9999999999999987,8.25495700790243e-16,56388.97563449162,56388.97563449161,-7.275957614183426e-12
2025-02-06,0.0,7.817325096377793e-16,0.0,0.0,0.9999999999999991,0.0,57381.846947365535,57381.84694736548,-5.820766091346741e-11
2025-02-07,0.0,0.0,4.945970886658522e-15,0.0,0.9999999999999951,0.0,22753.138847467868,22753.13884746786,-7.275957614183426e-12
2025-02-08,0.0,0.0,0.0,0.0,1.0,0.0,20553.723776907114,20553.723776907114,0.0
2025-02-09,0.0,0.0,0.0,0.0,1.0,0.0,53601.9249867061,53601.9249867061,0.0
2025-02-10,0.0,0.0,7.81388191756979e-15,0.0,0.9999999999999922,0.0,54333.97714271009,54333.9771427101,7.275957614183426e-12
2025-02-11,0.0,0.0,5.031197193218029e-16,0.0,0.9999999999999996,0.0,53086.33477578784,53086.33477578779,-4.3655745685100555e-11
2025-02-12,0.0,7.294671542597307e-15,0.0,0.0,0.9999999999999882,4.34285762358675e-15,52647.72809977367,52647.72809977365,-1.4551915228366852e-11
2025-02-13,0.0,0.0,1.824102954256531e-15,0.0,0.9999999999999982,0.0,52269.675766925226,52269.6757669252,-2.9103830456733704e-11
2025-02-14,0.0,0.0,0.0,0.0,1.0,0.0,19299.19746803981,19299.19746803981,0.0
2025-02-15,0.0,0.0,0.0,0.0,0.9999999999999963,3.770022662558265e-15,19064.85473236634,19064.854732366315,-2.546585164964199e-11
2025-02-16,0.0,1.7766139911470822e-15,0.0,0.0,0.9999999999999931,5.070489300392587e-15,50436.508697353995,50436.50869735395,-4.3655745685100555e-11
2025-02-17,0.0,0.0,1.3532009726979396e-15,0.0,0.9999999999999952,3.515692880850652e-15,49860.57492169093,49860.5749216909,-2.9103830456733704e-11
2025-02-18,0.0,0.0,1.1033366442137126e-14,0.0,0.9999999999999645,2.452097787127649e-14,49685.52524602258,49685.52524602257,-1.4551915228366852e-11
2025-02-19,0.0,0.0,0.0,0.0,1.0,0.0,49515.92544168725,49515.92544168726,7.275957614183426e-12
2025-02-20,0.0,0.0,0.0,0.0,0.9999999999999867,1.3319961731674126e-14,48911.71389364343,48911.71389364341,-1.4551915228366852e-11
2025-02-21,0.0,0.0,0.0,0.0,0.999999999999998,2.0221549486328128e-15,18543.307605959337,18543.307605959326,-1.0913936421275139e-11
2025-02-22,0.0,0.0,0.0,0.0,1.0,0.0,18465.851769612203,18465.8517696122,-3.637978807091713e-12
2025-02-23,0.0,0.0,0.0,0.0,1.0,0.0,48324.762924455,48324.76292445499,-7.275957614183426e-12
2025-02-24,0.0,0.0,0.0,0.0,1.0,0.0,47506.92925899729,47506.92925899729,0.0
2025-02-25,0.0,0.0,2.6116420621864392e-15,0.0,0.9999999999999973,0.0,47583.08174324231,47583.08174324225,-5.820766091346741e-11
2025-02-26,0.0,0.0,0.0,0.0,1.0,0.0,47224.970979685684,47224.97097968568,-7.275957614183426e-12
2025-02-27,0.0,0.0,0.0,0.0,1.0,0.0,46389.64000203923,46389.64000203922,-1.4551915228366852e-11
2025-02-28,0.0,0.0,9.50209874675939e-15,0.0,0.9999999999999905,0.0,17751.928081460177,17751.928081460155,-2.1827872842550278e-11
2025-03-01,0.0,0.0,0.0,0.0,1.0,0.0,17781.2517308496,17781.251730849595,-3.637978807091713e-12
2025-03-02,0.0,0.0,0.0,0.0,1.0,0.0,60920.753906068785,60920.753906068785,0.0
2025-03-03,0.0,0.0,0.0,0.0,1.0,0.0,56945.144575946266,56945.144575946266,0.0
2025-03-04,0.0,0.0,6.460627729128431e-16,0.0,0.9999999999999993,0.0,47370.02913031138,47370.02913031134,-3.637978807091713e-11
2025-03-05,0.0,0.0,6.983277895743343e-15,0.0,0.9999999999999931,0.0,47844.71967122291,47844.7196712229,-1.4551915228366852e-11
2025-03-06,0.0,0.0,0.0,0.0,1.0,0.0,47834.56620587244,47834.56620587244,0.0
2025-03-07,0.0,0.0,5.635466695695458e-16,0.0,0.9999999999999959,3.631014550011963e-15,17584.510324583247,17584.51032458323,-1.8189894035458565e-11
2025-03-08,0.0,0.0,0.0,0.0,0.9999999999999991,8.621361512212627e-16,16908.632727576776,16908.632727576765,-1.0913936421275139e-11
2025-03-09,0.0,0.0,0.0,0.0,1.0,0.0,45736.40173571351,45736.40173571351,0.0
2025-03-10,0.0,0.0,2.4310421322740984e-15,0.0,0.9999999999999976,0.0,45535.63170284037,45535.63170284033,-4.3655745685100555e-11
2025-03-11,0.0,0.0,1.5578481216329592e-15,0.0,0.999999999999998,4.4042414327506043e-16,44432.935448513555,44432.935448513526,-2.9103830456733704e-11
2025-03-12,0.0,0.0,0.0,0.0,0.9999999999999963,3.616852652032456e-15,44066.42674500647,44066.42674500642,-5.093170329928398e-11
2025-03-13,0.0,0.0,0.0,0.0,1.0,0.0,48416.02724838033,48416.02724838033,0.0
2025-03-14,0.0,0.0,6.684030265436609e-16,0.0,0.9999999999999992,0.0,16132.152147492758,16132.15214749273,-2.7284841053187847e-11
2025-03-15,0.0,0.0,0.0,0.0,0.9999999999999944,5.467969964661668e-15,16277.44015980016,16277.440159800119,-4.18367562815547e-11
2025-03-16,0.0,0.0,0.0,0.0,1.0,0.0,43326.02839859691,43326.02839859691,0.0
2025-03-17,0.0,0.0,0.0,0.0,0.9999999999999974,2.4995244921350864e-15,43311.38497891832,43311.38497891829,-2.9103830456733704e-11
2025-03-18,3.8379256761244735e-15,0.0,0.0,0.0,0.9999999999999923,3.833731534844585e-15,42073.38726066079,42073.387260660755,-3.637978807091713e-11
2025-03-19,0.0,0.0,1.8004490697743875e-14,0.0,0.9999999999999819,0.0,42328.749212164956,42328.74921216495,-7.275957614183426e-12
2025-03-20,0.0,0.0,0.0,0.0,0.9999999999999944,5.5551049015588986e-15,42380.47757459206,42380.477574592034,-2.9103830456733704e-11
2025-03-21,0.0,0.0,0.0,0.0,0.9999999999999982,1.829318245848157e-15,15807.030314825055,15807.030314825024,-3.092281986027956e-11
2025-03-22,7.539943594269596e-16,0.0,2.9872514254105077e-15,0.0,0.9999999999999962,0.0,16259.583433646752,16259.583433646747,-5.4569682106375694e-12
2025-03-23,0.0,0.0,0.0,0.0,1.0,0.0,40859.40473534314,40859.40473534313,-7.275957614183426e-12
2025-03-24,0.0,0.0,0.0,0.0,1.0,0.0,40436.807443205624,40436.80744320562,-7.275957614183426e-12
2025-03-25,0.0,0.0,0.0,0.0,1.0,0.0,40190.02049279614,40190.02049279614,0.0
2025-03-26,0.0,0.0,0.0,0.0,1.0,0.0,40189.515568246265,40189.51556824626,-7.275957614183426e-12
2025-03-27,0.0,0.0,0.0,0.0,1.0,0.0,40167.17254492197,40167.17254492197,0.0
2025-03-28,0.0,0.0,0.0,0.0,1.0,0.0,15483.338962440526,15483.338962440528,1.8189894035458565e-12
2025-03-29,0.0,0.0,0.0,0.0,1.0,0.0,15200.331609752333,15200.331609752333,0.0
2025-03-30,0.0,0.0,0.0,0.0,0.9999999999999977,2.356404680434915e-15,39082.32740321783,39082.327403217816,-1.4551915228366852e-11
2025-03-31,0.0,0.0,0.0,0.0,1.0,0.0,38158.09592426281,38158.0959242628,-7.275957614183426e-12
2025-04-01,0.0,0.0,0.0,0.0,1.0,0.0,44034.81684186238,44034.81684186238,0.0
2025-04-02,0.0,0.0,0.0,0.0,1.0,0.0,46071.56098329233,46071.56098329234,7.275957614183426e-12
2025-04-03,0.0,0.0,0.0,0.0,1.0,0.0,38961.0575916832,38961.05759168319,-1.4551915228366852e-11
2025-04-04,0.0,0.0,0.0,0.0,1.0,0.0,14831.748922719184,14831.748922719182,-1.8189894035458565e-12
2025-04-05,0.0,0.0,0.0,0.0,0.9999999999999974,2.5934816822692643e-15,14986.768967568445,14986.768967568438,-7.275957614183426e-12
2025-04-06,0.0,0.0,0.0,0.0,0.9999999999999937,6.3599059547599745e-15,38689.575308027124,38689.575308027095,-2.9103830456733704e-11
2025-04-07,0.0,0.0,0.0,0.0,1.0,0.0,38060.567451694114,38060.56745169411,-7.275957614183426e-12
2025-04-08,0.0,0.0,0.0,0.0,1.0,0.0,38217.11943843795,38217.11943843795,0.0
2025-04-09,0.0,0.0,0.0,0.0,0.9999999999999954,4.574992312339925e-15,40985.638311758565,40985.63831175853,-3.637978807091713e-11
2025-04-10,0.0,0.0,0.0,0.0,0.9999999999999976,2.4395434374731235e-15,38042.07817705714,38042.078177057105,-3.637978807091713e-11
2025-04-11,0.0,0.0,0.0,0.0,1.0,0.0,14327.704082939124,14327.704082939123,-1.8189894035458565e-12
2025-04-12,0.0,0.0,0.0,0.0,0.999999999999999,1.0063664198128896e-15,14628.439808188345,14628.439808188336,-9.094947017729282e-12
2025-04-13,0.0,0.0,1.321966976161053e-15,0.0,0.9999999999999915,7.135064916987613e-15,36716.8988421736,36716.898842173534,-6.548361852765083e-11
2025-04-14,0.0,0.0,0.0,0.0,1.0,0.0,36371.93678837588,36371.936788375875,-7.275957614183426e-12
2025-04-15,0.0,0.0,0.0,0.0,1.0,0.0,36951.120879652706,36951.1208796527,-7.275957614183426e-12
2025-04-16,3.612794014387093e-15,1.821266068726631e-15,0.0,0.0,0.9999999999999912,3.33093497150812e-15,36549.22553531361,36549.225535313584,-2.9103830456733704e-11
2025-04-17,0.0,0.0,0.0,0.0,1.0,0.0,36469.138812618345,36469.13881261834,-7.275957614183426e-12
2025-04-18,0.0,0.0,0.0,0.0,1.0,0.0,14141.187649021938,14141.18764902194,1.8189894035458565e-12
2025-04-19,3.8521670577990065e-15,0.0,8.507629289544988e-16,0.0,0.9999999999999953,0.0,13795.627888585806,13795.627888585781,-2.546585164964199e-11
2025-04-20,8.881784197001252e-16,0.0,0.0,0.0,0.9999999999999967,2.438853090533531e-15,36029.162341949625,36029.16234194957,-5.093170329928398e-11
2025-04-21,0.0,0.0,0.0,0.0,1.0,0.0,36122.10144486142,36122.10144486142,0.0
2025-04-22,0.0,0.0,0.0,0.0,0.9999999999999957,4.315139057720765e-15,35485.54807014408,35485.548070144054,-2.9103830456733704e-11
2025-04-23,0.0,0.0,0.0,0.0,1.0,0.0,35677.994020566264,35677.994020566264,0.0
2025-04-24,0.0,0.0,8.616918658263242e-16,0.0,0.9999999999999992,0.0,35226.26807287622,35226.26807287618,-4.3655745685100555e-11
2025-04-25,0.0,0.0,0.0,0.0,0.9999999999999987,1.3225588652328388e-15,13063.351980614254,13063.351980614232,-2.1827872842550278e-11
2025-04-26,6.519741938019135e-15,0.0,0.0,0.0,0.9999999999999919,1.506098078139466e-15,13086.558727493722,13086.5587274937,-2.1827872842550278e-11
2025-04-27,0.0,0.0,0.0,0.0,1.0,0.0,34810.166774466816,34810.16677446682,7.275957614183426e-12
2025-04-28,0.0,0.0,2.625775822887738e-15,0.0,0.9999999999999973,0.0,47699.12243304567,47699.12243304564,-2.9103830456733704e-11
2025-04-29,0.0,0.0,0.0,0.0,1.0,0.0,34572.94921982069,34572.9492198207,7.275957614183426e-12
2025-04-30,0.0,0.0,0.0,0.0,0.9999999999999991,8.633746168426275e-16,34242.107430407996,34242.10743040795,-4.3655745685100555e-11
2025-05-01,0.0,0.0,0.0,0.0,1.0,0.0,44663.38274829472,44663.38274829471,-1.4551915228366852e-11
2025-05-02,0.0,0.0,4.95965001995986e-15,0.0,0.9999999999999951,0.0,25925.003853926657,25925.00385392666,3.637978807091713e-12
2025-05-03,0.0,0.0,0.0,0.0,0.999999999999999,9.921425695339474e-16,20434.95796583257,20434.957965832546,-2.546585164964199e-11
2025-05-04,0.0,0.0,3.097203028931055e-15,0.0,0.9999999999999951,1.8165133101414883e-15,42913.508841877105,42913.508841877105,0.0
2025-05-05,0.0,0.0,0.0,0.0,1.0,0.0,43595.953285710966,43595.95328571097,7.275957614183426e-12
2025-05-06,0.0,0.0,9.087738369937582e-16,0.0,0.9999999999999991,0.0,42046.07219111707,42046.072191117055,-1.4551915228366852e-11
2025-05-07,0.0,0.0,0.0,0.0,1.0,0.0,43093.039240410835,43093.039240410835,0.0
2025-05-08,0.0,0.0,0.0,0.0,0.9999999999999988,1.179650210120027e-15,40216.37113129202,40216.37113129197,-5.093170329928398e-11
2025-05-09,0.0,0.0,0.0,0.0,1.0,0.0,17094.130207292365,17094.130207292365,0.0
2025-05-10,0.0,0.0,5.10154303379899e-16,0.0,0.9999999999999996,0.0,17114.000588259853,17114.00058825983,-2.1827872842550278e-11
2025-05-11,0.0,0.0,0.0,0.0,0.9999999999999979,2.101038454747791e-15,40605.6184442879,40605.618444287844,-5.820766091346741e-11
2025-05-12,0.0,0.0,0.0,0.0,1.0,0.0,40644.56145399864,40644.56145399864,0.0
2025-05-13,0.0,0.0,5.451117861021767e-16,0.0,0.9999999999999988,6.210849152779139e-16,40635.654110869706,40635.65411086966,-4.3655745685100555e-11
2025-05-14,0.0,0.0,4.5182418018421065e-15,0.0,0.9999999999999956,0.0,40914.111182362474,40914.111182362474,0.0
2025-05-15,0.0,0.0,0.0,0.0,1.0,0.0,40268.59299064004,40268.59299064004,0.0
2025-05-16,0.0,0.0,0.0,0.0,0.9999999999999936,6.4341016725004255e-15,16549.115595943986,16549.115595943986,0.0
2025-05-17,0.0,0.0,0.0,0.0,1.0,0.0,16562.141724359903,16562.1417243599,-3.637978807091713e-12
2025-05-18,0.0,0.0,0.0,0.0,1.0,0.0,39878.54664268148,39878.54664268148,0.0
2025-05-19,0.0,0.0,0.0,0.0,0.9999999999999993,7.027895118486968e-16,39710.10666393693,39710.10666393689,-4.3655745685100555e-11
2025-05-20,0.0,0.0,0.0,0.0,0.9999999999999933,6.673892650642779e-15,39029.31180048314,39029.311800483105,-3.637978807091713e-11
2025-05-21,0.0,0.0,0.0,0.0,1.0,0.0,39307.271123912156,39307.271123912156,0.0
2025-05-22,0.0,0.0,2.294615316409091e-15,0.0,0.9999999999999978,0.0,38585.05149654933,38585.051496549306,-2.1827872842550278e-11
2025-05-23,0.0,0.0,0.0,0.0,0.9999999999999934,6.484754651982339e-15,16218.261282467092,16218.261282467067,-2.546585164964199e-11
2025-05-24,0.0,0.0,0.0,0.0,1.0,0.0,16730.650977387482,16730.65097738748,-3.637978807091713e-12
2025-05-25,0.0,0.0,0.0,0.0,1.0,0.0,38736.39801576303,38736.398015763036,7.275957614183426e-12
2025-05-26,0.0,0.0,0.0,0.0,0.999999999999996,3.988569641245598e-15,38221.70914225866,38221.709142258616,-4.3655745685100555e-11
2025-05-27,0.0,0.0,0.0,0.0,1.0,0.0,38975.9684249747,38975.9684249747,0.0
2025-05-28,0.0,0.0,0.0,0.0,1.0,0.0,38369.21131085259,38369.21131085258,-7.275957614183426e-12
2025-05-29,0.0,0.0,0.0,0.0,1.0,0.0,38091.90075431394,38091.90075431394,0.0
2025-05-30,0.0,0.0,4.173306259530581e-15,0.0,0.9999999999999959,0.0,15910.091017492412,15910.091017492414,1.8189894035458565e-12
2025-05-31,0.0,0.0,0.0,0.0,1.0,0.0,15978.44790864808,15978.447908648079,-1.8189894035458565e-12
2025-06-01,0.0,0.0,0.0,0.0,1.0,0.0,91149.65776982156,91149.65776982156,0.0
2025-06-02,0.0,0.0,0.0,0.0,1.0,0.0,77805.7062459877,77805.7062459877,0.0
2025-06-03,0.0,0.0,0.0,0.0,1.0,0.0,71692.5936985531,71692.5936985531,0.0
2025-06-04,0.0,0.0,1.8003963597767367e-15,0.0,0.9999999999999982,0.0,69425.17392511781,69425.17392511782,1.4551915228366852e-11
2025-06-05,0.05904070154535124,0.0,3.3369171023054877e-15,0.0,0.9409592984546424,3.0472106287650575e-15,68091.17409509986,68093.83464973909,2.6605546392238466
2025-06-06,0.7909076719890074,0.0,0.0,0.0,0.2090923280109921,5.663871518692098e-16,41565.30739175896,41585.7081671574,20.4007753984406
2025-06-07,0.7678408640028589,0.0,0.007687051476514369,0.0,0.22068112596135142,0.0037909585592753228,28616.295954481968,28645.876270522465,29.580316040497564
2025-06-08,0.7553968710908826,0.0,0.0038928687014148132,0.0,0.238491685421939,0.0022185747857635823,56454.33766073562,56454.44883326192,0.11117252630356234
2025-06-09,0.7729082325249104,0.0,0.0016213963673118136,0.0,0.2245668798771176,0.0009034912306602194,55675.01814939225,55675.14591532359,0.12776593134185532
2025-06-10,0.7887858853234707,0.0,0.0,0.0,0.21121411467652926,0.0,55921.697309503776,55921.69730950374,-3.637978807091713e-11
2025-06-11,0.8133196827976352,0.0,0.0,0.0,0.18668031720236472,0.0,56326.057159629425,56326.057159629396,-2.9103830456733704e-11
2025-06-12,0.8422794546901602,0.0,0.0,0.0,0.15772054530983878,7.870733991258996e-16,57498.28299179128,57498.28299179124,-4.3655745685100555e-11
2025-06-13,0.8430922782820861,0.0,0.0,0.0,0.15690772171791387,0.0,26362.70761237727,26362.707612377242,-2.9103830456733704e-11
2025-06-14,0.8782029377130166,0.0,4.114801778437788e-15,0.0,0.12179706228697942,0.0,26394.359391376678,26394.35939137668,3.637978807091713e-12
2025-06-15,0.930390069012692,0.0,5.490370514259227e-15,0.0,0.06960993098730263,0.0,57134.897669299964,57134.897669299964,0.0
2025-06-16,0.9761608437610668,0.0,0.0,0.0,0.023839156238931382,1.797173521111972e-15,57636.08134315001,57636.081343149956,-5.093170329928398e-11
2025-06-17,0.9770647977854275,0.0,0.0,0.0,0.022935202214567716,4.7913062406479286e-15,57186.10303763057,57186.10303763052,-5.093170329928398e-11
2025-06-18,1.0,0.0,0.0,0.0,0.0,0.0,58317.978772938135,58317.978772938135,0.0
2025-06-19,1.0,0.0,0.0,0.0,0.0,0.0,57654.74434266814,57654.744342668135,-7.275957614183426e-12
2025-06-20,0.9999999999999926,0.0,2.3813454965149012e-15,0.0,0.0,5.0167421883336796e-15,25565.98687062585,25565.986870625853,3.637978807091713e-12
2025-06-21,0.999999999999999,0.0,1.0458382890496878e-15,0.0,0.0,0.0,25354.185671547984,25354.18567154798,-3.637978807091713e-12
2025-06-22,1.0,0.0,0.0,0.0,0.0,0.0,55669.29120902314,55669.291209023126,-1.4551915228366852e-11
2025-06-23,0.9999999999999974,0.0,2.6433031536880206e-15,0.0,0.0,0.0,55513.49400470475,55513.49400470475,0.0
2025-06-24,1.0,0.0,0.0,0.0,0.0,0.0,58029.50479422158,58029.50479422159,7.275957614183426e-12
2025-06-25,1.0,0.0,0.0,0.0,0.0,0.0,54811.629183171,54811.629183171,0.0
2025-06-26,0.9999999999999993,0.0,5.758958819551004e-16,0.0,0.0,0.0,55334.91682921209,55334.91682921205,-3.637978807091713e-11
2025-06-27,0.9999999999999968,3.218768680957935e-15,0.0,0.0,0.0,0.0,23659.906819719017,23659.90681971903,1.4551915228366852e-11
2025-06-28,1.0,0.0,0.0,0.0,0.0,0.0,23512.361212675914,23512.361212675914,0.0
2025-06-29,1.0,0.0,0.0,0.0,0.0,0.0,54565.35583782061,54565.3558378206,-7.275957614183426e-12
2025-06-30,1.0,0.0,0.0,0.0,0.0,0.0,54016.51344610405,54016.51344610405,0.0
2025-07-01,0.999999999999995,0.0,0.0,0.0,0.0,5.0309728867353394e-15,63010.299833732235,63010.299833732184,-5.093170329928398e-11
2025-07-02,1.0,0.0,0.0,0.0,0.0,0.0,63472.709405051784,63472.70940505178,-7.275957614183426e-12
2025-07-03,0.9999999999999989,0.0,1.0779137211341644e-15,0.0,0.0,0.0,73200.6792922375,73200.67929223746,-4.3655745685100555e-11
2025-07-04,0.9999999999999994,0.0,6.061503104159716e-16,0.0,0.0,0.0,44383.56289405894,44383.562894058945,7.275957614183426e-12
2025-07-05,1.0,0.0,0.0,0.0,0.0,0.0,46874.19115740238,46874.19115740239,7.275957614183426e-12
2025-07-06,0.9999999999999987,0.0,0.0,0.0,0.0,1.3663625544485601e-15,91205.75153837891,91205.75153837893,1.4551915228366852e-11
2025-07-07,1.0,0.0,0.0,0.0,0.0,0.0,58172.8113980983,58172.8113980983,0.0
2025-07-08,0.9999999999999987,0.0,1.3696120125904098e-15,0.0,0.0,0.0,58907.29599076559,58907.29599076557,-2.1827872842550278e-11
2025-07-09,0.9999999999999996,0.0,4.2817121195475787e-16,0.0,0.0,0.0,58435.6844619798,58435.684461979756,-4.3655745685100555e-11
2025-07-10,1.0,0.0,0.0,0.0,0.0,0.0,58949.21478273329,58949.214782733296,7.275957614183426e-12
2025-07-11,1.0,0.0,0.0,0.0,0.0,0.0,30538.327349048264,30538.327349048264,0.0
2025-07-12,0.9999999999999978,0.0,2.20899829138573e-15,0.0,0.0,0.0,30442.611639082927,30442.611639082905,-2.1827872842550278e-11
2025-07-13,1.0,0.0,0.0,0.0,0.0,0.0,58902.53762837331,58902.537628373306,-7.275957614183426e-12
2025-07-14,0.999999999999998,0.0,0.0,0.0,7.237289055006682e-16,1.4039927625694273e-15,57859.11156636826,57859.11156636822,-3.637978807091713e-11
2025-07-15,0.9999999999999972,0.0,0.0,0.0,0.0,2.72759870017238e-15,57929.592547368135,57929.5925473681,-3.637978807091713e-11
2025-07-16,1.0,0.0,0.0,0.0,0.0,0.0,57105.95220529842,57105.95220529841,-7.275957614183426e-12
2025-07-17,1.0,0.0,0.0,0.0,0.0,0.0,57023.451072738855,57023.45107273885,-7.275957614183426e-12
2025-07-18,1.0,0.0,0.0,0.0,0.0,0.0,30025.117799973385,30025.11779997338,-3.637978807091713e-12
2025-07-19,0.9999999999999798,0.0,2.011061919357688e-14,0.0,0.0,0.0,30163.59482183858,30163.59482183862,4.001776687800884e-11
2025-07-20,0.9999999999999951,0.0,4.8083373324408e-15,0.0,0.0,0.0,56837.95052333947,56837.95052333946,-7.275957614183426e-12
2025-07-21,0.9999999999999973,0.0,2.6449998423778767e-15,0.0,0.0,0.0,58081.35686911679,58081.356869116775,-1.4551915228366852e-11
2025-07-22,0.999999999999998,0.0,1.9209577420482793e-15,0.0,0.0,0.0,57437.392620615785,57437.39262061575,-3.637978807091713e-11
2025-07-23,0.9999999999999929,0.0,0.0,0.0,0.0,7.105427357600899e-15,57709.42792925082,57709.427929250785,-3.637978807091713e-11
2025-07-24,0.9999999999999964,0.0,1.9285506603726587e-15,0.0,0.0,1.6547741059380835e-15,57568.79021298884,57568.79021298882,-2.1827872842550278e-11
2025-07-25,0.9999999999999989,0.0,0.0,0.0,0.0,1.0930278737623426e-15,29707.16407082792,29707.164070827897,-2.1827872842550278e-11
2025-07-26,0.9999999999999987,0.0,1.3484690018565214e-15,0.0,0.0,0.0,30344.35781669717,30344.357816697157,-1.4551915228366852e-11
2025-07-27,1.0,0.0,0.0,0.0,0.0,0.0,57025.10057112859,57025.100571128605,1.4551915228366852e-11
2025-07-28,1.0,0.0,0.0,0.0,0.0,0.0,57036.94846883932,57036.94846883932,0.0
2025-07-29,0.9999999999999865,0.0,0.0,0.0,1.361722380270669e-14,0.0,58242.73477501677,58242.73477501674,-2.9103830456733704e-11
2025-07-30,1.0,0.0,0.0,0.0,0.0,0.0,58071.10710263604,58071.10710263604,0.0
2025-07-31,0.9999999999999998,0.0,0.0,0.0,3.1734246501801033e-16,0.0,56655.23995017575,56655.239950175746,-7.275957614183426e-12
2025-08-01,0.0,0.0,0.0,0.0,1.0,0.0,26577.127015798214,26577.127015798214,0.0
2025-08-02,0.0,0.0,0.0,0.0,0.9999999999999972,2.8863545298707744e-15,26214.40840009883,26214.40840009881,-1.8189894035458565e-11
2025-08-03,0.0,0.0,0.0,0.0,1.0,0.0,52165.19704023377,52165.197040233776,7.275957614183426e-12
2025-08-04,0.0,0.0,0.0,0.0,1.0,0.0,50847.76135738782,50847.76135738782,0.0
2025-08-05,0.0,0.0,0.0,0.0,1.0,0.0,49416.02306394514,49416.02306394515,7.275957614183426e-12
2025-08-06,0.0,0.0,2.2474744393366273e-15,0.0,0.9999999999999978,0.0,48609.115937214614,48609.11593721461,-7.275957614183426e-12
2025-08-07,0.0,0.0,0.0,0.0,1.0,0.0,47963.16204840276,47963.162048402766,7.275957614183426e-12
2025-08-08,0.0,0.0,0.0,0.0,0.9999999999999956,4.441895878437341e-15,24418.878332632838,24418.87833263282,-1.8189894035458565e-11
2025-08-09,0.0,0.0,0.0,0.0,1.0,0.0,23873.780303973166,23873.780303973166,0.0
2025-08-10,0.0,0.0,0.0,0.0,1.0,0.0,47083.99848643863,47083.998486438635,7.275957614183426e-12
2025-08-11,0.0,0.0,1.3412638322600896e-15,0.0,0.9999999999999987,0.0,47560.48089669956,47560.48089669954,-2.1827872842550278e-11
2025-08-12,0.0,0.0,0.0,0.0,0.9999999999999976,2.4426283795196653e-15,48065.91224326812,48065.91224326807,-5.093170329928398e-11
2025-08-13,0.0,0.0,0.0,0.0,1.0,0.0,46887.571753364435,46887.571753364435,0.0
2025-08-14,0.0,0.0,0.0,0.0,0.9999999999999976,2.41093886967063e-15,46776.0183477511,46776.01834775105,-5.093170329928398e-11
2025-08-15,0.0,0.0,3.3541963035364926e-16,0.0,0.9999999999999997,0.0,23821.11562693205,23821.115626932045,-3.637978807091713e-12
2025-08-16,0.0,0.0,0.0,0.0,1.0,0.0,23906.313769916997,23906.313769916993,-3.637978807091713e-12
2025-08-17,0.0,0.0,0.0,0.0,1.0,0.0,46790.29962831693,46790.29962831692,-7.275957614183426e-12
2025-08-18,0.0,0.0,0.0,0.0,1.0,0.0,46518.470356802616,46518.470356802616,0.0
2025-08-19,0.0,0.0,0.0,0.0,1.0,0.0,46981.51180698757,46981.51180698757,0.0
2025-08-20,0.0,0.0,0.0,0.0,1.0,0.0,57578.49319502901,57578.49319502901,0.0
2025-08-21,0.0,0.0,6.408389236334107e-16,0.0,0.9999999999999993,0.0,47156.64105425153,47156.64105425149,-3.637978807091713e-11
2025-08-22,0.0,0.0,0.0,0.0,1.0,0.0,24565.5953768333,24565.595376833295,-3.637978807091713e-12
2025-08-23,0.0,0.0,1.8033896394290714e-15,0.0,0.999999999999997,1.2132170268408676e-15,24313.80754981491,24313.807549814886,-2.1827872842550278e-11
2025-08-24,0.0,0.0,6.973300794985425e-16,0.0,0.9999999999999993,0.0,47768.30090687639,47768.30090687638,-1.4551915228366852e-11
2025-08-25,0.0,0.0,0.0,0.0,1.0,0.0,49033.161637121346,49033.16163712134,-7.275957614183426e-12
2025-08-26,0.0,0.0,0.0,0.0,0.9999999999999996,4.0789135381436357e-16,48402.34156444198,48402.34156444193,-5.093170329928398e-11
2025-08-27,0.0,0.0,0.0,0.0,1.0,0.0,48487.86236252991,48487.862362529915,7.275957614183426e-12
2025-08-28,0.0,0.0,0.0,0.0,0.9999999999999992,7.390801505324734e-16,50539.05815847246,50539.058158472384,-7.275957614183426e-11
2025-08-29,0.0,0.0,1.0159408528692592e-15,0.0,0.9999999999999989,0.0,25475.56819650384,25475.5681965038,-4.001776687800884e-11
2025-08-30,0.0,0.0,0.0,0.0,1.0,0.0,25183.890404240457,25183.890404240457,0.0
2025-08-31,0.0,0.0,0.0,0.0,1.0,0.0,49340.88948636767,49340.889486367654,-1.4551915228366852e-11
2025-09-01,0.0,0.0,0.0,0.0,1.0,0.0,49098.45931728164,49098.45931728163,-7.275957614183426e-12
2025-09-02,0.0,0.0,0.0,0.0,1.0,0.0,48724.34829685641,48724.34829685642,7.275957614183426e-12
2025-09-03,0.0,0.0,0.0,0.0,1.0,0.0,48467.756375898185,48467.75637589817,-1.4551915228366852e-11
2025-09-04,0.0,0.0,2.1724502591504528e-15,0.0,0.9999999999999978,0.0,48873.94499054589,48873.9449905459,7.275957614183426e-12
2025-09-05,0.0,0.0,0.0,0.0,0.9999999999999991,8.070328816507318e-16,24727.100736543303,24727.100736543285,-1.8189894035458565e-11
2025-09-06,0.0,0.0,0.0,0.0,1.0,0.0,25354.529538559746,25354.52953855975,3.637978807091713e-12
2025-09-07,0.0,0.0,0.0,0.0,1.0,0.0,48090.56574429094,48090.56574429095,7.275957614183426e-12
2025-09-08,0.0,0.0,0.0,0.0,1.0,0.0,43859.331006359746,43859.331006359746,0.0
2025-09-09,0.0,0.0,0.0,0.0,1.0,0.0,40204.949962347906,40204.9499623479,-7.275957614183426e-12
2025-09-10,0.0,0.0,0.0,0.0,1.0,0.0,49650.448303993144,49650.44830399315,7.275957614183426e-12
2025-09-11,0.0,0.0,2.2007581610059292e-15,0.0,0.9999999999999978,0.0,40595.58095227354,40595.58095227354,0.0
2025-09-12,0.0,0.0,0.0,0.0,0.999999999999999,1.0472555501201234e-15,18338.19150810078,18338.19150810078,0.0
2025-09-13,0.0,0.0,0.0,0.0,1.0,0.0,18414.582069871925,18414.582069871925,0.0
2025-09-14,0.0,0.0,0.0,0.0,1.0,0.0,40903.67555269344,40903.675552693436,-7.275957614183426e-12
2025-09-15,0.0,0.0,0.0,0.0,1.0,0.0,41833.0761516916,41833.0761516916,0.0
2025-09-16,0.0,0.0,0.0,0.0,1.0,0.0,41624.467982522,41624.467982521994,-7.275957614183426e-12
2025-09-17,0.0,0.0,2.6036383194963093e-15,0.0,0.9999999999999974,0.0,42166.58029795135,42166.58029795132,-2.9103830456733704e-11
2025-09-18,0.0,0.0,7.035385052564194e-15,0.0,0.9999999999999929,0.0,41693.05877313968,41693.05877313965,-2.9103830456733704e-11
2025-09-19,0.0,0.0,0.0,0.0,0.9999999999999967,3.3199343367022166e-15,18831.913784374843,18831.91378437482,-2.1827872842550278e-11
2025-09-20,0.0,0.0,1.0059762698470674e-15,0.0,0.9999999999999989,0.0,18694.49850099059,18694.498500990543,-4.729372449219227e-11
2025-09-21,0.0,3.9543383314425506e-16,0.0,0.0,0.9999999999999996,0.0,43346.61109497953,43346.6110949795,-3.637978807091713e-11
2025-09-22,0.0,0.0,0.0,0.0,1.0,0.0,43008.83541440593,43008.83541440593,0.0
2025-09-23,0.0,0.0,1.1552411921188068e-15,0.0,0.9999999999999989,0.0,43867.21231368057,43867.21231368056,-7.275957614183426e-12
2025-09-24,0.0,0.0,2.1436016556632297e-15,0.0,0.9999999999999979,0.0,43601.198931547704,43601.19893154768,-2.1827872842550278e-11
2025-09-25,0.0,0.0,0.0,0.0,1.0,0.0,43980.11314526684,43980.113145266834,-7.275957614183426e-12
2025-09-26,0.0,0.0,0.0,0.0,1.0,0.0,19294.953009586217,19294.953009586217,0.0
2025-09-27,0.0,0.0,1.3159084779736806e-15,0.0,0.9999999999999987,0.0,19358.40055794728,19358.40055794726,-1.8189894035458565e-11
2025-09-28,0.0,0.0,0.0,0.0,1.0,0.0,44525.00215298747,44525.002152987465,-7.275957614183426e-12
2025-09-29,0.0,0.0,0.0,0.0,1.0,0.0,45232.32073222963,45232.32073222962,-7.275957614183426e-12
2025-09-30,2.4533407355729213e-15,0.0,0.0,0.0,0.9999999999999976,0.0,45770.83549634624,45770.83549634617,-7.275957614183426e-11
2025-10-01,0.0,0.0,0.0,0.0,1.0,0.0,45653.83098488575,45653.83098488576,7.275957614183426e-12
2025-10-02,0.0,0.0,0.0,0.0,1.0,0.0,44833.574471103304,44833.574471103304,0.0
2025-10-03,0.0,0.0,0.0,0.0,1.0,0.0,18788.69477333371,18788.694773333715,3.637978807091713e-12
2025-10-04,0.0,0.0,0.0,0.0,1.0,0.0,19826.041109149406,19826.04110914941,3.637978807091713e-12
2025-10-05,0.0,0.0,0.0,0.0,1.0,0.0,43404.4726961944,43404.4726961944,0.0
2025-10-06,0.0,0.0,0.0,0.0,1.0,0.0,43567.3773973234,43567.37739732339,-7.275957614183426e-12
2025-10-07,0.0,0.0,0.0,0.0,1.0,0.0,43048.03377208735,43048.03377208735,0.0
2025-10-08,0.0,0.0,0.0,0.0,1.0,0.0,39132.36515238412,39132.36515238411,-7.275957614183426e-12
2025-10-09,0.0,0.0,2.2407425887005182e-15,0.0,0.9999999999999978,0.0,39635.79561790651,39635.79561790648,-2.9103830456733704e-11
2025-10-10,0.0,0.0,0.0,0.0,1.0,0.0,16379.640759280835,16379.640759280835,0.0
2025-10-11,0.0,0.0,0.0,0.0,1.0,0.0,17007.230961457844,17007.23096145784,-3.637978807091713e-12
2025-10-12,0.0,0.0,0.0,0.0,1.0,0.0,40619.26037433805,40619.26037433805,0.0
2025-10-13,0.0,0.0,0.0,0.0,1.0,0.0,41201.579344595186,41201.57934459518,-7.275957614183426e-12
2025-10-14,0.0,0.0,0.0,0.0,0.9999999999999939,6.094688996738412e-15,40715.7124428999,40715.71244289986,-4.3655745685100555e-11
2025-10-15,0.0,0.0,0.0,0.0,1.0,0.0,41136.48991964428,41136.48991964427,-7.275957614183426e-12
2025-10-16,0.0,0.0,0.0,0.0,1.0,0.0,44355.50814092793,44355.50814092793,0.0
2025-10-17,0.0,0.0,0.0,0.0,1.0,0.0,17528.640041904673,17528.64004190467,-3.637978807091713e-12
2025-10-18,0.0,0.0,0.0,0.0,1.0,0.0,17479.76571266446,17479.76571266446,0.0
2025-10-19,0.0,0.0,2.2407425887005182e-15,0.0,0.9999999999999978,0.0,43353.40893815111,43353.4089381511,-7.275957614183426e-12
2025-10-20,0.0,0.0,0.0,0.0,1.0,0.0,44079.02808206381,44079.0280820638,-7.275957614183426e-12
2025-10-21,0.0,0.0,0.0,0.0,0.9999999999999929,7.0133916341141745e-15,44884.094375079454,44884.094375079396,-5.820766091346741e-11
2025-10-22,0.0,0.0,0.0,0.0,1.0,0.0,46874.13188401825,46874.13188401825,0.0
2025-10-23,0.0,0.0,0.0,0.0,1.0,0.0,45754.81943506787,45754.81943506787,0.0
2025-10-24,0.0,0.0,0.0,0.0,0.9999999999999953,4.663257777183059e-15,17720.62837924337,17720.628379243357,-1.4551915228366852e-11
2025-10-25,0.0,0.0,0.0,0.0,0.9999999999999979,2.062458742885445e-15,17805.730414302292,17805.730414302256,-3.637978807091713e-11
2025-10-26,0.0,0.0,0.0,0.0,1.0,0.0,46395.90420309769,46395.90420309769,0.0
2025-10-27,0.0,0.0,1.3889851181413339e-15,0.0,0.9999999999999971,1.544412741485168e-15,46232.024868821994,46232.02486882198,-1.4551915228366852e-11
2025-10-28,0.0,0.0,0.0,0.0,0.9999999999999918,8.20543460667237e-15,46080.933659063965,46080.93365906394,-2.1827872842550278e-11
2025-10-29,0.0,0.0,0.0,0.0,1.0,0.0,48865.24306966564,48865.243069665645,7.275957614183426e-12
2025-10-30,0.0,0.0,3.550906902046938e-15,0.0,0.9999999999999964,0.0,46333.39691889519,46333.39691889517,-2.1827872842550278e-11
2025-10-31,0.0,0.0,0.0,0.0,1.0,0.0,18612.680866305487,18612.680866305487,0.0
2025-11-01,0.0,9.312569184630712e-16,0.0,0.0,0.9999999999999931,6.0442248020997254e-15,18515.616118459468,18515.616118459468,0.0
2025-11-02,0.0,0.0,0.0,0.0,0.9999999999999973,2.6607780059204202e-15,47407.120746298824,47407.120746298795,-2.9103830456733704e-11
2025-11-03,0.0,0.0,0.0,0.0,1.0,0.0,48168.151813592114,48168.151813592114,0.0
2025-11-04,0.0,0.0,1.4587910324831898e-15,0.0,0.9999999999999986,0.0,48468.1043537854,48468.10435378537,-2.9103830456733704e-11
2025-11-05,1.9175640459724036e-15,0.0,0.0,0.0,0.999999999999998,0.0,48920.39779654455,48920.397796544494,-5.820766091346741e-11
2025-11-06,0.0,0.0,0.0,0.0,1.0,0.0,50131.26858559761,50131.268585597616,7.275957614183426e-12
2025-11-07,0.0,0.0,0.0,0.0,1.0,0.0,18856.507434858744,18856.507434858744,0.0
2025-11-08,0.0,0.0,0.0,0.0,1.0,0.0,18711.035268778345,18711.035268778345,0.0
2025-11-09,0.0,0.0,1.7555884666541568e-14,0.0,0.9999999999999825,0.0,49779.052865626734,49779.05286562671,-2.1827872842550278e-11
2025-11-10,0.0,0.0,0.0,0.0,0.9999999999999963,3.742039507547286e-15,49910.84722831756,49910.847228317536,-2.1827872842550278e-11
2025-11-11,0.0,0.0,0.0,0.0,1.0,0.0,50420.58069987866,50420.580699878665,7.275957614183426e-12
2025-11-12,0.0,0.0,0.0,0.0,1.0,0.0,50718.67470057443,50718.674700574426,-7.275957614183426e-12
2025-11-13,0.0,0.0,0.0,0.0,1.0,0.0,50862.303568788375,50862.30356878837,-7.275957614183426e-12
2025-11-14,0.0,0.0,0.0,0.0,1.0,0.0,19693.499753947955,19693.499753947952,-3.637978807091713e-12
2025-11-15,0.0,0.0,0.0,0.0,0.9999999999999956,4.4554990698258425e-15,19506.335035627086,19506.33503562707,-1.4551915228366852e-11
2025-11-16,0.0,0.0,0.0,0.0,0.9999999999999948,5.197501577589825e-15,52007.32743412622,52007.327434126186,-3.637978807091713e-11
2025-11-17,0.0,2.3290336922165304e-15,0.0,0.0,0.9999999999999977,0.0,52772.100684881465,52772.100684881436,-2.9103830456733704e-11
2025-11-18,0.0,0.0,0.0,0.0,0.9999999999999977,2.32753689049565e-15,52232.62622454928,52232.62622454924,-4.3655745685100555e-11
2025-11-19,0.0,0.0,0.0,0.0,1.0,0.0,52126.38437634073,52126.384376340735,7.275957614183426e-12
2025-11-20,0.0,0.0,0.0,0.0,1.0,0.0,52758.47154817968,52758.471548179674,-7.275957614183426e-12
2025-11-21,0.0,0.0,0.0,0.0,0.9999999999999993,7.086221184597839e-16,20062.080965255547,20062.080965255525,-2.1827872842550278e-11
2025-11-22,0.0,2.129388953022585e-15,0.0,0.0,0.9999999999999978,0.0,20239.817917760935,20239.817917760916,-1.8189894035458565e-11
2025-11-23,0.0,0.0,0.0,0.0,1.0,0.0,53655.11297291896,53655.112972918956,-7.275957614183426e-12
2025-11-24,0.0,0.0,0.0,0.0,1.0,0.0,53096.771575878316,53096.77157587831,-7.275957614183426e-12
2025-11-25,0.0,0.0,0.0,0.0,1.0,0.0,53429.18013873198,53429.18013873198,0.0
2025-11-26,0.0,0.0,0.0,0.0,1.0,0.0,53901.667225142926,53901.667225142926,0.0
2025-11-27,0.0,0.0,0.0,0.0,1.0,0.0,53753.693335339056,53753.693335339056,0.0
2025-11-28,0.0,0.0,0.0,0.0,1.0,0.0,20482.730236266198,20482.730236266198,0.0
2025-11-29,0.0,0.0,0.0,0.0,1.0,0.0,20852.020983614962,20852.02098361496,-3.637978807091713e-12
2025-11-30,0.0,0.0,1.3703604924012789e-14,0.0,0.9999999999999863,0.0,54441.22451744585,54441.22451744582,-2.9103830456733704e-11
2025-12-01,8.645399637478773e-15,0.0,0.0,0.0,0.9999999999999913,0.0,76630.97884220743,76630.97884220736,-7.275957614183426e-11
2025-12-02,2.16826243239152e-15,0.0,0.0,0.0,0.9999999999999979,0.0,81296.70689061735,81296.70689061732,-2.9103830456733704e-11
2025-12-03,0.0,0.0,0.0,0.0,1.0,0.0,69279.94258722126,69279.94258722125,-1.4551915228366852e-11
2025-12-04,0.0,0.0,0.0,0.0,1.0,0.0,69850.9804896235,69850.9804896235,0.0
2025-12-05,0.0,0.0,6.197278564905961e-15,0.0,0.9999999999999939,0.0,28538.681332648168,28538.681332648142,-2.546585164964199e-11
2025-12-06,1.0231881558217413e-15,0.0,6.103656379271073e-15,0.0,0.9999999999999929,0.0,31383.817632971157,31383.817632971135,-2.1827872842550278e-11
2025-12-07,0.0,0.0,0.0,0.0,1.0,0.0,60008.69356929253,60008.69356929252,-1.4551915228366852e-11
2025-12-08,0.0,0.0,0.0,0.0,1.0,0.0,65122.29752253127,65122.29752253127,0.0
2025-12-09,0.0,0.0,9.60580400689435e-16,0.0,0.999999999999999,0.0,65489.796374191435,65489.79637419141,-2.1827872842550278e-11
2025-12-10,0.0,0.0,9.454266539162123e-16,0.0,0.999999999999999,0.0,64595.36732114597,64595.36732114593,-3.637978807091713e-11
2025-12-11,0.0,0.0,0.0,0.0,1.0,0.0,65590.61299481946,65590.61299481947,1.4551915228366852e-11
2025-12-12,0.0,0.0,1.5744341522070935e-14,0.0,0.9999999999999842,0.0,29131.787369564114,29131.787369564117,3.637978807091713e-12
2025-12-13,4.136305926760057e-15,0.0,4.904585052668971e-16,0.0,0.9999999999999953,0.0,29596.842542169536,29596.84254216947,-6.548361852765083e-11
2025-12-14,0.0,0.0,0.0,0.0,0.9999999999999983,1.6513297463445258e-15,65659.90819612387,65659.90819612383,-4.3655745685100555e-11
2025-12-15,0.0,0.0,0.0,0.0,1.0,0.0,65224.8323164438,65224.8323164438,0.0
2025-12-16,0.0,0.0,1.8959185181900404e-15,0.0,0.999999999999998,0.0,65839.05561461303,65839.055614613,-2.9103830456733704e-11
2025-12-17,1.3973741215325695e-15,0.0,0.0,0.0,0.9999999999999986,0.0,65444.002925759705,65444.00292575965,-5.820766091346741e-11
2025-12-18,0.0,0.0,0.0,0.0,1.0,0.0,65236.47166128624,65236.47166128624,0.0
2025-12-19,0.0,0.0,0.0,0.0,0.9999999999999984,1.5543122344752192e-15,29738.291500215862,29738.291500215844,-1.8189894035458565e-11
2025-12-20,0.0,0.0,0.0,0.0,1.0,0.0,29805.626117350657,29805.626117350657,0.0
2025-12-21,0.0,0.0,2.011599116636389e-15,0.0,0.999999999999998,0.0,65819.98841575347,65819.98841575344,-2.9103830456733704e-11
2025-12-22,2.8234711883569908e-15,0.0,0.0,0.0,0.9999999999999852,1.1946255386516607e-14,65453.222012152015,65453.222012151986,-2.9103830456733704e-11
2025-12-23,4.374245890966694e-15,0.0,0.0,0.0,0.9999999999999956,0.0,65716.97519461204,65716.975194612,-4.3655745685100555e-11
2025-12-24,7.970043147679192e-15,0.0,0.0,0.0,0.999999999999992,0.0,65366.255580898476,65366.25558089843,-4.3655745685100555e-11
2025-12-25,0.0,0.0,0.0,0.0,1.0,0.0,65336.43977268648,65336.43977268647,-7.275957614183426e-12
2025-12-26,0.0,0.0,0.0,0.0,1.0,0.0,29640.380991976872,29640.380991976876,3.637978807091713e-12
2025-12-27,0.0,0.0,4.194225053901456e-16,0.0,0.9999999999999996,0.0,29569.55229579902,29569.552295798985,-3.637978807091713e-11
2025-12-28,0.04348155336990438,0.0,0.0,0.0,0.9565184466300957,0.0,65438.03713414889,65438.03713414885,-4.3655745685100555e-11
2025-12-29,0.27126370123656757,0.0,0.008086732728684046,0.0,0.7206495660347484,0.0,65398.46115727889,65398.5924319155,0.13127463660930516
2025-12-30,0.0,0.0,0.0,0.0,0.999999999999998,1.8957233553003305e-15,63854.128423434515,63854.12842343443,-8.731149137020111e-11
2025-12-31,2.8038186616072398e-14,0.0,0.0,0.0,0.9999999999999719,0.0,62558.12460178732,62558.124601787276,-4.3655745685100555e-11
