date,planned_cost,increase_cost,reduction_net_cost,emergency_cost,total_cost,emergency_energy,planned_energy,adjusted_energy,spill_energy,projection_count,projection_total_kwh,projection_max_kwh
2025-02-01,25166.336617423753,2.8463514201041953,-1205.484772220903,4.156366628649267e-11,23963.698196622998,1.226752033289813e-11,47140.3448841974,43056.98164838241,5139.100475076942,0,0.0,0.0
2025-02-02,59630.02451830253,18.147910497526247,-2255.521620568624,4.353740479245971e-11,57392.650808231476,1.297451035497943e-11,93144.02897664948,86946.60225285977,4401.753366996255,0,0.0,0.0
2025-02-03,60907.029835791414,0.0,-2799.752527636154,6.64783659232171e-11,58107.27730815534,1.687894268798118e-11,95090.2757227663,87636.34088706863,3080.658510204858,0,0.0,0.0
2025-02-04,63440.89940052719,0.0,-3454.5393750710527,5.753398113483854e-11,59986.3600254562,1.5717205315013416e-11,98065.15585692538,89225.03708661257,3613.553081709676,0,0.0,0.0
2025-02-05,58361.411374200274,25.585741852398442,-1594.120308864742,58.32685814590639,56851.20366533383,12.452360833886267,91199.1522192275,87306.93717947221,2259.7726269360182,0,0.0,0.0
2025-02-06,62994.47506856571,0.0,-4008.360917448828,6.75068392297362e-11,58986.114151116955,1.7635670701565687e-11,97456.19265085482,87020.79841453777,2394.4841815934824,0,0.0,0.0
2025-02-07,25241.35190369447,0.0,-1859.1971379640281,4.0928298972175985e-11,23382.154765730484,1.3088197192701045e-11,47568.57244679045,41480.787365383076,6037.181530762179,0,0.0,0.0
2025-02-08,19431.378461257613,247.34088024120615,-4.054956513301596,4.866485525667485e-11,19674.664384985568,1.3725909298045735e-11,37504.25049540009,37668.62030804714,2495.312269423369,0,0.0,0.0
2025-02-09,57245.833043811326,0.0,-1369.5055721685387,6.292792420481418e-11,55876.32747164285,1.8772539078781847e-11,89637.23297135088,86047.80377146974,2244.278290201095,0,0.0,0.0
2025-02-10,54644.10224896409,0.0,-2201.4623435444137,4.652714213904118e-11,52442.639905419725,1.546318628697918e-11,85937.4593772137,80054.95469411397,1411.120363490699,0,0.0,0.0
2025-02-11,54718.60722662488,27.83511722611877,-2182.5797678966055,8.397276468324206,52572.25985242271,1.7014033974975664,85793.694600789,80290.29582419313,708.5053172501321,0,0.0,0.0
2025-02-12,54946.51967368422,0.0,-2246.9745748158675,11.737151487242144,52711.28225035559,2.680020889885668,86373.6359018525,80398.12286372704,670.1068217240961,0,0.0,0.0
2025-02-13,50978.44429192929,0.0,-1397.500809859269,4.711392409539883e-11,49580.94348207007,1.4499068612394694e-11,81200.97641697907,77451.81056333033,1956.9283894686837,0,0.0,0.0
2025-02-14,19698.983063269417,217.91514602229915,-67.88613612995839,5.269383152040063e-11,19849.01207316181,1.6484591469634324e-11,37864.05222117927,37713.955476514675,4437.965018201109,0,0.0,0.0
2025-02-15,20382.54670247744,0.0,-403.9452975255696,3.205596499356034e-11,19978.601404951904,9.620748642191757e-12,38651.294862415525,37404.1645497218,4715.628540836735,0,0.0,0.0
2025-02-16,55185.75942537398,817.4410615015717,-2808.1376739858324,7.211424524200537e-11,53195.062812889795,2.0543566847663897e-11,87053.66518858637,79806.59282442645,222.7971401110042,0,0.0,0.0
2025-02-17,54199.22303756597,105.22836226592881,-3664.5013568209615,60.50678510106814,50700.456828112,8.673564378028896,86474.55958063388,75411.35585352729,216.30779519530364,0,0.0,0.0
2025-02-18,48647.70660399915,699.905196296557,-532.6078499812942,8.523682648586829e-11,48815.0039503145,2.319744396572787e-11,77369.6168490613,76647.54854520432,582.827078633106,0,0.0,0.0
2025-02-19,48987.26085750941,171.52829460230691,-23.51624272308235,119.8276062732369,49255.10051566187,56.04658852816565,77804.05174335797,77933.35974501893,884.6603683870088,0,0.0,0.0
2025-02-20,50424.24458765896,4.889105573662346,-1355.3553919799601,72.18531056661152,49145.96361181928,15.411039830620375,80812.73717832833,76812.33319462126,1787.0246543942055,0,0.0,0.0
2025-02-21,18420.81227550646,127.71039570717585,-4.491374526920541,4.7421016446946857e-11,18544.031296686764,1.2494894008341362e-11,35617.053055159646,35703.209922860886,6821.787032993301,0,0.0,0.0
2025-02-22,19117.47730414492,11.013168579086724,-200.9433260655694,11.914702383230294,18939.46184904167,5.572826184852715,36158.641812873044,35580.32622589066,4476.319975173551,0,0.0,0.0
2025-02-23,50117.62028000318,18.585765104336417,-1291.1503714409764,6.000422736462953e-11,48845.055673666604,1.731237375679484e-11,80224.76472116623,76658.85736170465,838.7220865860872,0,0.0,0.0
2025-02-24,48261.07564739184,56.67573068606611,-1037.8217349206243,18.876839284793103,47298.80648244207,4.310764851521238,76718.87037502439,73982.6818699764,1898.143665679178,0,0.0,0.0
2025-02-25,49734.86649857709,0.0,-2642.176872201024,74.26221308628723,47166.951839462345,16.95677887574262,79509.01590449398,71765.28291812484,1929.5089104713572,0,0.0,0.0
2025-02-26,45275.353305861565,1090.4533503004031,-8.441414719094796,5.795395363605848e-11,46357.36524144293,1.7349677250422246e-11,73183.88398796433,74429.49492459581,1496.5820515289142,0,0.0,0.0
2025-02-27,45983.46945062639,47.585077626759585,-434.6046774216167,6.887056969162586e-11,45596.4498508316,1.6711965145077556e-11,73899.61252884191,72479.8598047579,1276.3709850867842,0,0.0,0.0
2025-02-28,17820.90592656877,58.72243728677048,-55.48828927665484,3.1235487085723434e-11,17824.140074578914,9.094947017729282e-12,34276.53339011369,34194.55616736732,7653.002125239705,0,0.0,0.0
2025-03-01,20450.275149166842,0.0,-659.9297817281306,4.518157847854809e-11,19790.345367438757,1.3580248037214915e-11,39297.43325102795,37528.4932713185,10750.883392256073,0,0.0,0.0
2025-03-02,52120.75730271501,64.31332806238164,-1485.1287279893422,4.95632148656e-11,50699.94190278811,1.4436452033805836e-11,82987.96170993483,79127.27228751782,2492.6490878010322,0,0.0,0.0
2025-03-03,53500.19701445836,68.06911965758482,-2481.605966146888,7.044053518256987e-11,51086.66016796912,1.885780420707306e-11,84981.15210353745,77395.99521599099,1310.4157538581658,0,0.0,0.0
2025-03-04,47784.12237425901,78.10343397752207,-789.0384955520012,9.39291625590144e-11,47073.18731268463,2.5474067300024217e-11,76340.4532549051,74135.74271499921,966.9336726195603,0,0.0,0.0
2025-03-05,50087.422198172455,16.525793011076725,-2700.0645012648492,7.187590789214937e-11,47403.88348991876,1.9943158235946612e-11,80213.32391912746,72236.27359916942,2195.292914241226,0,0.0,0.0
2025-03-06,46731.88602600363,0.0,-910.0997104462178,13.800206675466773,45835.58652223289,6.454727163438633,75111.50978011955,72346.82017398,2443.4074594931035,0,0.0,0.0
2025-03-07,18834.742173293293,0.0,-522.5786769629534,2.948289212767463e-11,18312.163496330366,8.958611630305313e-12,35384.94244157179,34034.391354277446,10211.692508234248,0,0.0,0.0
2025-03-08,16745.03779929872,406.64175249393287,-3.1421339037598437,2.915444952122925e-11,17148.53741788892,8.668621376273222e-12,31912.765304960336,32263.363402540625,10143.437618406322,0,0.0,0.0
2025-03-09,47185.85798410956,0.0,-2120.5144877566736,5.91892677093142e-11,45065.34349635295,1.7259083051612834e-11,76244.49302833332,69332.95603490883,2014.3866590067455,0,0.0,0.0
2025-03-10,45042.75896937916,1024.9099807366765,-122.50215506740031,5.262669944272602e-11,45945.16679504849,1.5546675058430992e-11,73289.86586220743,73852.27073455518,1681.1727468514493,0,0.0,0.0
2025-03-11,40378.72038154593,3295.9351295436873,-12.817801226349179,8.204891699392647e-11,43661.83770986335,2.1803003846798674e-11,65317.67572889624,69724.47383192409,1641.1582768234325,0,0.0,0.0
2025-03-12,46304.61712896215,13.372022243364292,-2223.8269711752187,7.76599016205637e-11,44094.16218003037,2.4339641413462232e-11,74644.47851609804,67857.40308982902,1490.8582283552187,0,0.0,0.0
2025-03-13,45920.75021663174,0.9241768012760011,-479.4715613822312,5.467762698163626e-11,45442.20283205084,1.7579493416519654e-11,74466.77793302476,72984.64920744442,1505.5377335316707,0,0.0,0.0
2025-03-14,16076.262677581428,452.62425351655907,-1.9617849795121813,2.778048724394466e-11,16526.925146118505,8.185452315956354e-12,31043.986821893825,31368.288949939524,12304.18968215424,0,0.0,0.0
2025-03-15,16118.102170628665,460.6996056794955,-32.92474194299916,94.553022447992,16640.430056813155,44.22498711317759,31329.70481738128,31596.462484438984,7665.972858634474,0,0.0,0.0
2025-03-16,44656.06778342613,625.92729652358,-1078.2198182778761,7.461180000068091,44211.23644167191,1.640000000019123,71761.7970764048,69692.48343583889,2454.36135987127,0,0.0,0.0
2025-03-17,41064.30625562575,30.80841780395723,-1093.1677875634844,6.752082981620333e-11,40001.94688586629,1.8339108009968186e-11,67887.80957650684,63651.35148260204,1793.4635872382603,0,0.0,0.0
2025-03-18,47140.78362775283,0.0,-2945.170712660881,6.471173108479889e-11,44195.61291509202,1.8747670083030243e-11,75863.5091636678,66888.28724439142,1849.194407478327,0,0.0,0.0
2025-03-19,39129.68809325718,2187.9652421631845,-21.062162180477415,5.507641605111136e-11,41296.59117323994,1.6720649170798296e-11,63118.530981478834,65962.76185484962,2557.3404765956366,0,0.0,0.0
2025-03-20,44581.66425119816,377.17658888713476,-1632.5363396598889,6.125468487994112e-11,43326.30450042548,1.851674369390821e-11,71723.08690590638,67556.40949892446,1324.3441781388124,0,0.0,0.0
2025-03-21,15692.057920902198,230.50116699546862,-130.93908750400587,3.319104990850974e-11,15791.620000393694,9.279688129026908e-12,30214.471795900048,30089.465938794052,15042.024227673355,0,0.0,0.0
2025-03-22,16805.41907151295,0.0,-127.67208045965019,3.053395403185277e-11,16677.74699105333,8.981260180007666e-12,31931.292311365793,31637.165446987456,12966.957635789227,0,0.0,0.0
2025-03-23,45304.98518531139,11.973679022915327,-2508.627670932481,5.1751896990026585e-11,42808.33119340188,1.8246737454319373e-11,73258.1887103691,65763.73486755401,3261.278631322776,0,0.0,0.0
2025-03-24,42422.54713074072,10.46610489665138,-1274.008279503958,5.2943317285780726e-11,41159.00495613346,1.5283774246199755e-11,69008.10410415693,64796.22400722905,2869.0347922488613,0,0.0,0.0
2025-03-25,46884.86626747662,16.922451622762434,-3308.8927965757603,7.994404072064755e-11,43592.89592252369,2.3355539724434493e-11,75722.76889069763,65617.23123505281,818.0819369958858,0,0.0,0.0
2025-03-26,40388.22695854973,573.5262038932656,-1517.8632888311886,5.513719969485465e-11,39443.88987361186,1.787014980436652e-11,65688.27255070455,61529.70054724012,2066.297558304138,0,0.0,0.0
2025-03-27,43155.0496428218,0.0,-1915.3920712155532,5.56956871733405e-11,41239.65757160631,1.6113332890199672e-11,69660.15118564633,63926.08836387507,1519.226682035416,0,0.0,0.0
2025-03-28,16023.252799559607,0.0,-4.3135165979022565,2.7667486079963055e-11,16018.93928296173,8.689937658346025e-12,31334.319447624122,31313.613957165868,17656.548022001443,0,0.0,0.0
2025-03-29,14913.501812358718,561.5307135947811,-16.367054730663423,4.864629232770313e-11,15458.665471222885,1.2519763004092965e-11,29580.474779938675,29959.78571157556,19376.474812614426,0,0.0,0.0
2025-03-30,42297.17204237987,16.519402783157382,-2742.2066753441386,5.910229816663559e-11,39571.48476981895,1.9319656985317124e-11,69159.80711589468,60340.858718267686,1139.065445514256,0,0.0,0.0
2025-03-31,36916.14787741576,1521.619856198622,-245.78406127052673,7.894213993608901e-11,38191.98367234393,2.27018404075352e-11,60546.21869011259,61780.24629143051,991.880445873027,0,0.0,0.0
2025-04-01,44725.135051997095,0.0,-1669.140299606337,6.69722126644956e-11,43055.99475239083,1.787725523172412e-11,73681.78199177721,67920.50527640048,4312.529319740979,0,0.0,0.0
2025-04-02,42634.380465328344,0.0,-762.1658829439657,6.57804606341017e-11,41872.21458238445,2.149658229200213e-11,69665.0746256029,66744.2681278747,2870.2697128813916,0,0.0,0.0
2025-04-03,43919.8445910416,0.0,-2598.675728037762,5.1058336225651154e-11,41321.168863003884,1.6626700016786344e-11,70893.52746882912,63413.190381518565,3762.994182071247,0,0.0,0.0
2025-04-04,14641.20896610979,0.0,-60.618648560887266,2.5214134780071618e-11,14580.59031754893,7.439382443408249e-12,29077.577388303056,28930.743363349025,19626.904218266667,0,0.0,0.0
2025-04-05,14514.252515471122,138.69758135087162,-25.304670221517654,5.0453817124207487e-11,14627.645426600526,1.332978172285948e-11,28794.179562441797,28784.255826182954,13800.667836661556,0,0.0,0.0
2025-04-06,40647.834069550445,21.520944071686674,-1525.9498074472963,4.359283423127636e-11,39143.40520617487,1.1553424883459229e-11,67625.4981316239,62314.40903115425,4123.252187068714,0,0.0,0.0
2025-04-07,35709.686891555684,630.2518331255445,-297.9796974879291,6.99889568522849e-11,36041.95902719336,1.978150976356119e-11,59499.912188384216,58863.65723482722,1954.6116799542672,0,0.0,0.0
2025-04-08,42000.56895729782,0.0,-2167.4059529988613,5.40422968597909e-11,39833.163004299015,1.5519752150083832e-11,68671.24551820694,62062.89597530295,3907.5403958534803,0,0.0,0.0
2025-04-09,40472.80740121361,563.9363400050029,-843.0864540448144,5.1962508962333234e-11,40193.65728717385,1.5589307622576598e-11,66715.45373286627,65329.72112521436,2365.057082733183,0,0.0,0.0
2025-04-10,39892.59377170528,101.79804876086965,-1402.9687701808207,4.14670058290767e-11,38591.423050285375,1.1679546219056647e-11,65060.80952517213,61316.03684412823,3066.591166243879,0,0.0,0.0
2025-04-11,13658.311877664628,116.88353418279834,-4.750005051985247,2.6052283885746877e-11,13770.445406795468,7.695177828281885e-12,27538.920447322045,27610.941959149794,19256.77195614826,0,0.0,0.0
2025-04-12,15094.357369724457,0.0,-294.4530908729719,3.2858864074114537e-11,14799.904278851522,9.606537787476555e-12,29370.64418389726,28685.67696104796,16892.995615043634,0,0.0,0.0
2025-04-13,37344.355070212885,12.827364121539485,-665.6416593380328,5.845998263254159e-11,36691.54077499645,1.8411938640383596e-11,62210.28112906763,59852.37453787909,1803.882139680978,0,0.0,0.0
2025-04-14,39748.75203984881,113.4662612458891,-3101.7835837157254,1161.823114138933,37922.257831517905,171.82602462012898,65378.6036900331,56463.059987020824,289.5885630438625,0,0.0,0.0
2025-04-15,34612.5655126271,495.1203510754749,-240.92289370564743,6.95791353422237e-11,34866.762969997,1.9172219367646903e-11,57882.51968746864,57242.952224777335,3482.094529006464,0,0.0,0.0
2025-04-16,38031.947909527116,157.6693974939639,-588.1726353426782,4.962833755062235e-11,37601.44467167845,1.4046819263313637e-11,64022.88862513619,61645.384344795544,2238.550758499259,0,0.0,0.0
2025-04-17,35514.94203689582,1750.570527550697,-563.9796994421231,5.0127480333284076e-11,36701.532865004454,1.5195955604951905e-11,58157.443568628885,58948.46865274377,2259.2968061613196,0,0.0,0.0
2025-04-18,13950.660713093013,0.0,-90.43472228257512,2.2819293121756344e-11,13860.22599081046,6.23856521997368e-12,28078.003498300444,27865.333879201826,18632.52927724252,0,0.0,0.0
2025-04-19,13232.456880080179,589.922604964466,-38.39393427829251,2.974357471430267e-11,13783.985550766381,8.697043085703626e-12,27166.489239379178,27492.93938307991,17823.553616844874,0,0.0,0.0
2025-04-20,35517.895296121496,0.0,-196.6617215370177,58.59877811376411,35379.83235269824,27.40822175572708,58763.17852774536,58011.75783755255,2319.5453513797656,0,0.0,0.0
2025-04-21,37866.62303263327,0.0,-2259.869664528146,5.939286751299733e-11,35606.75336810519,1.687538997430238e-11,62909.36040386475,55510.44940416885,3477.7486435835062,0,0.0,0.0
2025-04-22,33634.09408747929,627.2890618726672,-13.151221895316377,29.256304579394154,34277.488232036034,13.68395911102054,55676.44771513456,56432.87354878594,740.5033981002498,0,0.0,0.0
2025-04-23,33078.793342926554,949.0558780747944,-77.47053827292221,7.009991520590121e-11,33950.37868272849,2.034994395216927e-11,55125.08343645901,56375.5403797583,1328.966032573016,0,0.0,0.0
2025-04-24,34146.92103588178,26.589173888362424,-399.35041567969347,6.981362332680874e-11,33774.15979409052,2.071942617476452e-11,56703.808752813,55172.286363550375,4576.955784799178,0,0.0,0.0
2025-04-25,13483.54276172181,0.0,-329.4972284526705,3.953930161060271e-11,13154.04553326918,1.0729195309977513e-11,27056.152086913873,26338.00933050365,21428.024536152538,0,0.0,0.0
2025-04-26,13388.88987265939,0.0,-92.6945391830504,3.0709816911667076e-11,13296.195333476371,7.823075520718703e-12,27023.887432187475,26814.58045309617,23779.405542708322,0,0.0,0.0
2025-04-27,33660.55565753749,203.89720878926607,-452.536412048884,25.520142157147255,33437.436596435015,5.4466208851070945,56360.612460876786,54964.56888118532,2575.9099695661835,0,0.0,0.0
2025-04-28,40745.5467433639,0.0,-1475.8013161826027,4.8111310491094625e-11,39269.74542718135,1.3770318219030742e-11,68461.03564352007,63642.24359626051,3321.7872814729017,0,0.0,0.0
2025-04-29,34807.20215408135,174.00032054364127,-617.5692164888245,4.7471754527350637e-11,34363.63325813622,1.2107648217352107e-11,58163.313654133075,55859.646132824106,5012.317079477722,0,0.0,0.0
2025-04-30,33481.16564057096,0.0,-809.5125868192378,7.434856996724194e-11,32671.653053751797,2.1657342585967854e-11,55215.12158444705,53149.68361856659,1393.5800739835304,0,0.0,0.0
2025-05-01,35156.036983097096,48.77686173388099,-632.5204115217941,9260.300861434058,43832.59429474324,2003.5040382295263,57801.43067631021,55656.39993554575,2851.1397924253915,0,0.0,0.0
2025-05-02,14911.918215250289,142.2890343398637,-110.86682129070981,4862.88331693219,19806.223745231633,1261.7732617586598,28904.093984667394,28744.102811527868,12757.793314697763,0,0.0,0.0
2025-05-03,14006.506346724866,599.9142989871682,-9.092528375178233,4536.174814404999,19133.502931741852,984.7531077280153,27990.996691961336,28398.970251300627,17628.64745714074,0,0.0,0.0
2025-05-04,36990.8857101013,1958.8977839990214,-1953.322405628835,1902.7445493828498,38899.205637854335,598.1463596729636,61611.931712062134,55949.744428335995,1500.474486138396,0,0.0,0.0
2025-05-05,38611.865244435445,1521.0227518341803,-1398.7068507906567,1249.104587379931,39983.285732858894,441.7229001199502,63098.86812356893,60085.75569537624,1816.7881758894266,0,0.0,0.0
2025-05-06,33418.76086903793,3321.91776305055,-156.27397635785593,1514.4521939887284,38098.856849719356,649.1692435014685,55005.63887658392,57385.51349536405,1316.8463059848307,0,0.0,0.0
2025-05-07,36189.574188389226,2151.5942207768094,-160.65887611657539,95.96747547298489,38276.477008522445,45.06350664845917,59073.13251406054,60667.37455652264,1795.634802114237,0,0.0,0.0
2025-05-08,41880.508164071165,0.0,-1287.5979886193386,243.2289326250546,40836.13910807688,35.99925000001577,68477.59351559314,63473.92369074886,4215.502043927797,0,0.0,0.0
2025-05-09,16783.53408713937,347.45974259304836,-85.87613576211803,2.391563214132475e-11,17045.117693970325,6.66489086142974e-12,31083.552704779468,31036.100952185792,19790.71569736302,0,0.0,0.0
2025-05-10,16720.078385520173,644.6741397659177,-101.2488829345826,2.4574461576776228e-11,17263.503642351534,6.552980380547524e-12,30871.052242558624,30990.3725185551,16249.222175836028,0,0.0,0.0
2025-05-11,40789.44447036715,269.8220184610443,-1186.4844230257343,185.80697583338866,40058.589041635845,27.561666666683212,66547.47579297249,62590.700146665185,3722.1588822747417,0,0.0,0.0
2025-05-12,36639.513036516146,1235.7214101070026,-338.01644397944676,6.342274261328385e-11,37537.21800264377,2.0826007585128536e-11,58947.25235142541,59092.68197607485,4047.1138322634038,0,0.0,0.0
2025-05-13,41924.31153664201,125.68002231656888,-1956.4618831452885,4.933555786124089e-11,40093.52967581333,1.2999379350731033e-11,68515.7280357211,61816.44320746019,5358.192085825717,0,0.0,0.0
2025-05-14,41565.103659585264,90.58757458866545,-1799.7058415102883,6.536224361752829e-11,39855.98539266371,1.836042429204099e-11,66341.29864045439,60910.603944177754,4673.226573759988,0,0.0,0.0
2025-05-15,40895.05157464929,587.9773477855516,-1595.8468466242027,5.761429111572624e-11,39887.182075810706,1.623767786895769e-11,64307.37390457415,60594.858255618135,4442.6971678836435,0,0.0,0.0
2025-05-16,16700.505127095144,0.0,-437.9586999723707,199.05379793094036,16461.600225053713,93.14275219357481,30178.934500098927,29157.155897892488,23777.1768023829,0,0.0,0.0
2025-05-17,16733.70740248054,0.0,-109.96065101495253,2.527695069920455e-11,16623.746751465613,7.245815059064853e-12,30598.022204752633,30290.99811724179,16991.005245019624,0,0.0,0.0
2025-05-18,42638.1274888444,0.0,-2001.7424023604028,4.895740612909095e-11,40636.38508648405,1.5015544363450317e-11,69435.8921365834,63012.22186866983,5989.3162122538,0,0.0,0.0
2025-05-19,38292.37004127444,244.77337978936433,-1113.0887778002227,392.5810865149556,37816.63572977853,58.20758937133867,62480.18844207928,58456.79063268432,7774.68375628872,0,0.0,0.0
2025-05-20,38235.32293085254,396.34145255115436,-811.7389957118431,6.447616129889866e-11,37819.92538769191,2.0961010704922955e-11,61797.0905156833,59708.8966580615,1834.2134706201557,0,0.0,0.0
2025-05-21,36594.13281071393,1543.590803883355,-646.972514826154,5.873551067736571e-11,37490.75109977118,1.722710862850363e-11,57983.99392578008,58345.850158953086,3754.393910929302,0,0.0,0.0
2025-05-22,37620.00375986353,0.0,-813.6048958246619,7.015850655989198e-11,36806.398864038936,2.2033930235920707e-11,60015.99778598372,57925.11836025326,3709.014349526072,0,0.0,0.0
2025-05-23,15957.73992383837,957.2736566938011,-11.942463643893273,2.6296333999198397e-11,16903.071116888303,6.52278231427772e-12,29807.244284952307,30450.786261228946,21278.25863158484,0,0.0,0.0
2025-05-24,16903.610893176963,0.0,-432.79140008351453,3.331523501515221e-11,16470.81949309348,8.72191208145523e-12,30631.409600522373,29705.957929387918,23198.143522556333,0,0.0,0.0
2025-05-25,38317.8449693982,39.77050584461743,-1095.4628345727551,4.4952518152285854e-11,37262.1526406701,1.3294254586071474e-11,62694.26098691847,58641.61136115686,7034.129839817839,0,0.0,0.0
2025-05-26,37588.93637038865,1378.0455155723007,-605.3328584486378,6.050804302049073e-11,38361.64902751237,1.8122392475561355e-11,60013.13319629918,60895.346877564014,2790.3183685998197,0,0.0,0.0
2025-05-27,36186.34193793199,747.9121663541187,-569.0421532124412,4.385498542092136e-11,36365.21195107372,1.2806644633656106e-11,57209.17704200253,56970.69243476786,4329.740315833277,0,0.0,0.0
2025-05-28,39844.43816303712,125.94405397266199,-1111.9387140199283,6.139075736655286e-11,38858.44350298992,1.738698074404965e-11,65121.63075510812,61428.01043248024,5841.694282151191,0,0.0,0.0
2025-05-29,39081.80551323964,460.612675085374,-381.3649393091301,5.103181432986048e-11,39161.05324901594,1.5288215138298256e-11,63598.08104652032,62487.862896282226,4998.6444094699345,0,0.0,0.0
2025-05-30,16405.90484928974,5.567313725823907,-24.9865519880462,4.204214576475352e-11,16386.485611027558,1.1144862810397171e-11,30032.61561608861,29915.962116383012,20639.343052136435,0,0.0,0.0
2025-05-31,17687.238331319968,0.0,-550.9004401570264,168.97618936068358,17305.314080523625,79.03470035578883,32008.921297205503,30707.577308680302,19752.228406485745,0,0.0,0.0
2025-06-01,48576.994348006134,8519.665820326538,-2839.65227691562,2103.062420946789,56360.07031236384,460.4687122218548,78261.61443246374,75872.53400130208,1467.8067766305405,0,0.0,0.0
2025-06-02,49398.52618638559,5777.159144485173,-3238.8791487827484,2086.628281624241,54023.43446371226,457.3541146015838,78743.59997607832,72872.73647260747,786.7526247835127,0,0.0,0.0
2025-06-03,45369.96050790072,5495.411578181542,-1047.4490278288004,1646.3012025345768,51464.22426078803,329.51042431708737,72943.3354869769,72916.50779746842,1466.4912385566756,0,0.0,0.0
2025-06-04,52148.82073412051,2077.7847488347447,-3739.849048715205,1852.9324883391137,52339.68892257917,585.233674463924,83079.99457192997,73884.06337811687,957.3815417541489,0,0.0,0.0
2025-06-05,44491.53256112142,4420.12769059844,-426.9599775651074,4017.33250224376,52502.03277639851,1203.6858478150234,72313.46255209157,73959.28697042068,22.196098890140412,0,0.0,0.0
2025-06-06,19413.46150412681,3300.7125785242597,-286.16438459134577,1044.6353596627919,23472.64505772252,254.48962888213418,34515.079131569815,36173.548353747436,2594.12965958505,0,0.0,0.0
2025-06-07,21871.940591626226,2509.47790687233,-149.20477552917302,6.98594142534148e-11,24232.213722969453,2.1007195982747362e-11,41006.91763142163,41972.77791991677,8304.447091378035,0,0.0,0.0
2025-06-08,51382.553007630464,87.90743300520224,-2495.523944518599,7.581926908528659e-11,48974.93649611714,1.801225835151854e-11,81210.16981500293,73825.64895902755,5148.40212886896,0,0.0,0.0
2025-06-09,58122.62543288554,0.0,-3327.3532622071375,5.919880763372021e-11,54795.27217067847,1.4766854405934282e-11,90129.25228065153,81449.39506945945,6566.080726117105,0,0.0,0.0
2025-06-10,53478.276654655,0.0,-1625.6338466935617,4.034451706047548e-11,51852.64280796148,9.903189379656396e-12,83875.51154917684,80248.34620568149,4615.5476822412475,0,0.0,0.0
2025-06-11,58229.96401893096,116.79343339988836,-1133.4399481765302,6.293847043536971e-11,57213.31750415437,1.56070711909706e-11,89790.05408736612,87710.68914063941,7327.385517000367,0,0.0,0.0
2025-06-12,56599.35970138079,0.0,-1849.3668272629616,3.731751796465232e-11,54749.99287411786,9.125145083999087e-12,87839.22073517815,83525.7134380902,7152.154386861398,0,0.0,0.0
2025-06-13,25262.803180522642,0.0,-969.3380190026556,2.2306100966318356e-11,24293.465161520013,7.487344078072056e-12,42207.33352155854,40144.124628399295,9199.106295786005,0,0.0,0.0
2025-06-14,25920.61931359963,0.0,-1235.9987840213369,3.630154310485523e-11,24684.62052957833,9.983125437429408e-12,43320.905902140235,40603.273648105736,12028.023323767924,0,0.0,0.0
2025-06-15,52102.56408079741,1812.3275957546116,-1379.3581332803383,6.300128418956774e-11,52535.53354327176,1.4374279544426827e-11,81373.13861253907,80399.14627985217,5640.710813448169,0,0.0,0.0
2025-06-16,54794.40894249306,8.978284496241283,-1250.620876098448,4.087705818278664e-11,53552.76635089088,1.0526690630285884e-11,85364.01792593944,82767.2764049656,5842.728362572193,0,0.0,0.0
2025-06-17,55381.78343228205,36.26540769373081,-1266.6038796132548,6.249579076467171e-11,54151.44496036258,1.3232970275112166e-11,86691.56130868496,84020.88906183557,5094.733231064145,0,0.0,0.0
2025-06-18,56220.73981302277,0.0,-2697.858976626562,4.457347646535936e-11,53522.88083639625,1.0450307286191673e-11,87771.26950977049,80815.93195900874,6173.455545833493,0,0.0,0.0
2025-06-19,52845.62290614816,2625.1512764724343,-3038.422051922705,5.295419169826232e-11,52432.35213069794,1.3655743202889425e-11,82795.8459483291,77638.5372385306,5306.407968813812,0,0.0,0.0
2025-06-20,24264.39187953803,0.0,-990.476987410002,3.819724270215374e-11,23273.914892128065,1.0466294497746276e-11,40098.21714383055,37841.1714979302,12776.516799410108,0,0.0,0.0
2025-06-21,23694.438329427856,0.0,-717.1970676732581,2.495612250186241e-11,22977.241261754625,7.688072400924284e-12,40177.60905446415,38482.666722045564,16487.873613207532,0,0.0,0.0
2025-06-22,50266.23407605584,741.9353511574716,-2323.7687142852988,5.938669822569409e-11,48684.40071292808,1.8037127347270143e-11,79924.7787754428,74426.61946351005,2950.726557967416,0,0.0,0.0
2025-06-23,52458.373590273346,0.0,-2034.4180538396001,6.413877384758848e-11,50423.9555364338,1.595790166675215e-11,81359.96060732806,76248.01545127443,5359.706261101166,0,0.0,0.0
2025-06-24,59644.5194413081,0.0,-2163.1221295084774,5.771894251438426e-11,57481.39731179968,1.5621282045685803e-11,91935.44909452568,86785.56635529743,6390.007992550046,0,0.0,0.0
2025-06-25,52000.04601481652,886.6876533343484,-1918.057373717698,6.057933532588323e-11,50968.67629443323,1.546052175172008e-11,82059.54191268905,78163.45518406977,3898.03123975199,0,0.0,0.0
2025-06-26,51181.566986666716,295.23208603224987,-1711.0228050402739,4.794083352521739e-11,49765.77626765873,1.4914292023604503e-11,79219.96704842991,75550.50047180938,4303.455835902194,0,0.0,0.0
2025-06-27,23793.231414829403,0.0,-1738.3329260007188,3.3981692126872073e-11,22054.898488828723,8.590461675339611e-12,40401.77790666541,36407.57078269772,14003.615572837916,0,0.0,0.0
2025-06-28,22818.17531980818,0.0,-975.1794969879261,2.4174980239877186e-11,21842.995822820274,7.201350626928615e-12,39062.799823154586,36867.643050500265,12297.182079244165,0,0.0,0.0
2025-06-29,48801.41386299791,3326.8301477235273,-1508.054020987493,6.544753006210157e-11,50620.189989734004,1.7601919921617082e-11,77467.27235663192,77272.69851442934,4229.451659502814,0,0.0,0.0
2025-06-30,53268.831430156824,0.0,-1995.6400421921192,114.939014038138,51388.130402002855,53.760062693229386,83347.70572190898,78447.03901901239,4806.611585855409,0,0.0,0.0
2025-07-01,45234.89973846607,12680.884737566965,-16.548995873252995,2100.4234104383354,59999.65889059811,499.27552136064844,72130.876304955,83216.06700067519,786.0568087857984,0,0.0,0.0
2025-07-02,43566.78823292824,6575.112337527027,-0.3499358977100898,5293.697248884178,55435.24788344173,1727.091696768348,69032.59958612647,75123.69425393236,57.810227289934296,0,0.0,0.0
2025-07-03,49014.31001051754,7537.679412689111,-294.486641832313,4411.617919194448,60669.12070056879,1765.5854352250196,77766.96459756415,82407.54691557106,581.2417026765138,0,0.0,0.0
2025-07-04,19585.178160625383,5086.108001506221,-7.740113108043561,9606.557975374903,34270.10402439846,3566.8472662524728,34697.25287937958,38353.53770328854,9899.520375079832,0,0.0,0.0
2025-07-05,20291.226733434953,5716.466025602155,-3.8495057576710967,5666.956300503647,31670.79955378308,2384.278931546704,36027.01368678118,39931.97512614952,10421.34159108358,0,0.0,0.0
2025-07-06,46615.48021241038,11158.918714168612,-71.4932365899092,4246.927924737913,61949.833614726995,1144.6723531055754,73831.26012851085,83544.93655627998,680.5464964276674,0,0.0,0.0
2025-07-07,48490.60998002796,2359.1784278760715,-206.76077498231,1242.8969808975364,51885.92461381927,295.20971495913386,77741.88222607953,78583.17649670351,1628.7228506825304,0,0.0,0.0
2025-07-08,63530.88284486584,0.0,-4393.490353870891,4.805555775533321e-11,59137.39249099499,1.2718714970105793e-11,97988.0340962947,85942.29448993626,6450.491853615158,0,0.0,0.0
2025-07-09,63074.18867592685,0.0,-4733.425926743347,4.859763746978274e-11,58340.762749183545,1.3749890115377639e-11,98067.90140470001,85061.80677281547,7293.184629947358,0,0.0,0.0
2025-07-10,58991.83840264131,0.0,-3131.6772177082225,5.915661560607079e-11,55860.16118493315,1.5056400570756523e-11,91455.30536964211,82815.56604119483,6128.873884483716,0,0.0,0.0
2025-07-11,33013.561868490186,0.0,-2188.403255859922,4.747811033212202e-11,30825.15861263031,1.1475265182525618e-11,54404.06117481612,49618.88127693259,14615.587607331923,0,0.0,0.0
2025-07-12,30906.187820827716,0.0,-1231.8925594365937,1.1737355976038088e-11,29674.295261391133,3.552713678800501e-12,51101.48261441921,48427.666847267064,14821.909752494385,0,0.0,0.0
2025-07-13,63583.90476435775,0.0,-6484.202031654805,5.10052693414309e-11,57099.702732702994,1.2779111102645402e-11,96817.49227303633,79959.02790097689,7017.847843363238,0,0.0,0.0
2025-07-14,59146.669105124216,0.0,-3635.9723977021586,3.583984886645908e-11,55510.69670742209,1.013855666087693e-11,92812.67964677521,82262.95444540409,6877.084410404368,0,0.0,0.0
2025-07-15,61383.429454658995,0.0,-5092.291229437121,6.390841456038743e-11,56291.138225221934,1.5941026276777848e-11,95794.54785763269,81546.72323447006,5116.785400271848,0,0.0,0.0
2025-07-16,59699.95537849049,0.0,-3651.4300143279856,4.237293182995927e-11,56048.52536416254,1.0334844091630657e-11,91976.94320017811,82635.40568420207,6892.989620834657,0,0.0,0.0
2025-07-17,57955.56329554091,0.0,-2648.9217814007843,5.936288438590509e-11,55306.64151414018,1.531574866930896e-11,89817.07120173344,82552.49431764917,6077.697240481821,0,0.0,0.0
2025-07-18,33426.43698078155,0.0,-2682.0746532113653,4.3262421201006876e-11,30744.362327570234,1.2470025012589758e-11,54959.393788248875,48446.48878700536,14774.333196983784,0,0.0,0.0
2025-07-19,33339.74863991131,0.0,-2476.066654318921,3.473565612921447e-11,30863.68198559242,9.411138535142527e-12,54034.94853673904,48112.497920684444,18562.16591336424,0,0.0,0.0
2025-07-20,60973.26639386517,0.0,-3821.167812877673,3.924639013774822e-11,57152.098580987535,9.831691016870536e-12,95077.5247473171,84103.93002631862,8598.133417879195,0,0.0,0.0
2025-07-21,62710.61585937985,0.0,-4191.7224733055355,4.153808763618372e-11,58518.89338607436,1.1711520642165851e-11,96794.57424483128,85448.95672210454,7796.712125957189,0,0.0,0.0
2025-07-22,59054.74055297114,452.23268875232236,-2704.7308213506694,4.851887780432663e-11,56802.24242037284,1.3965717471364769e-11,91403.56752202722,85212.49410878512,7775.335675483021,0,0.0,0.0
2025-07-23,66747.3671551889,0.0,-6509.059410547654,3.743165688518957e-11,60238.307744641286,1.1100009800202315e-11,102336.9361484348,84923.62659765713,6659.618111811489,0,0.0,0.0
2025-07-24,65689.55151017828,0.0,-5736.7087234911105,5.8088481580398365e-11,59952.84278668722,1.481481604059809e-11,100764.06045634874,85187.60094593605,7924.110745457843,0,0.0,0.0
2025-07-25,30290.14979656921,0.0,-1836.5732884783065,2.8821943942602953e-11,28453.576508090933,7.318590178329032e-12,50048.01572447852,45906.720764336394,16856.277676652197,0,0.0,0.0
2025-07-26,31089.02364161228,0.0,-1524.3354188538965,4.0973588966153326e-11,29564.68822275842,1.0118128557223827e-11,51834.942877359514,48304.68740391112,17449.97158101869,0,0.0,0.0
2025-07-27,59570.505322226854,0.0,-3457.8030119297214,2.3590576603282895e-11,56112.70231029715,7.553069281129865e-12,92585.81177439023,82974.73455492035,5481.769752299512,0,0.0,0.0
2025-07-28,61245.81421899506,0.0,-3001.736610946224,6.271046748551612e-11,58244.07760804889,1.6202594821379535e-11,95142.68877428825,87146.652073953,5425.023486870797,0,0.0,0.0
2025-07-29,59645.12551383142,0.0,-2364.9003963971863,5.316702811342112e-11,57280.2251174343,1.3354650718611083e-11,92781.74314898986,86729.99347057194,7037.457567334676,0,0.0,0.0
2025-07-30,54070.06543588459,861.2031877232415,-902.0626861776851,4.2124627341877387e-11,54029.20593743019,1.3166356893634656e-11,84496.16814324191,83135.05291487281,5337.6524345458665,0,0.0,0.0
2025-07-31,54173.18180146125,3.293105777789203,-1203.874782040957,8.02091655316417e-11,52972.60012519815,2.1870505406695884e-11,84779.30742654562,81400.39825038002,2798.6268048317115,0,0.0,0.0
2025-08-01,26915.444881101568,0.0,-867.513058912501,3.844890272830526e-11,26047.9318221891,9.414691248821327e-12,44574.09175330462,42551.3325894741,18559.94061869208,0,0.0,0.0
2025-08-02,27739.572930217866,0.0,-1149.7767016816722,3.04418961150077e-11,26589.796228536223,9.663381206337363e-12,45704.2819843849,42906.21271321787,19310.644895298177,0,0.0,0.0
2025-08-03,45986.55694690725,22.874854693587288,-694.7953191251906,362.0761842212432,45676.71266669688,124.41544900881442,71257.55803487655,69536.8789015654,3178.962697221574,0,0.0,0.0
2025-08-04,49062.5181624174,137.1130058830915,-1670.4669005448272,22.268342526931615,47551.4326102826,10.415501649624792,75430.2756682619,70894.4852874419,2034.1604930076921,0,0.0,0.0
2025-08-05,47405.215697634485,618.0831564133578,-1044.4829063161408,5.3859974258330114e-11,46978.81594773175,1.666222715357435e-11,73245.66083780637,71420.7963381813,2684.273636348411,0,0.0,0.0
2025-08-06,52889.941824055815,0.0,-2414.28225062165,31.38786762238219,50507.04744105654,14.680948373416136,80791.05913553898,74676.84321463491,2917.3610679857843,0,0.0,0.0
2025-08-07,51963.87993458242,0.0,-3031.9957700703844,7.52601678755127e-11,48931.884164512114,2.297184664712404e-11,81745.11938897021,71273.66709757812,4298.145723985397,0,0.0,0.0
2025-08-08,24796.8565618522,0.0,-289.6211343731609,3.506173484879582e-11,24507.235427479078,9.331202477369516e-12,42015.25390821646,41399.96829230389,22906.544051670848,0,0.0,0.0
2025-08-09,24428.40408640673,0.0,-199.0759399195401,2.523913167351566e-11,24229.328146487213,7.503331289626658e-12,41104.39807652196,40695.35400047779,18891.02664453271,0,0.0,0.0
2025-08-10,49356.57905860638,0.0,-1733.3726086332554,5.417586024236698e-11,47623.206449973186,1.4598100506191258e-11,75949.46733327257,71036.90385201683,2234.2499339226056,0,0.0,0.0
2025-08-11,47273.58224717318,161.34702728255635,-608.0537169326863,689.4911342490341,47516.36669177209,103.37031786276593,74564.08150822832,72622.54747684996,4403.429378994459,0,0.0,0.0
2025-08-12,49946.44839392503,0.0,-1290.897806809089,705.1601806282245,49360.71076774417,117.72800720093453,78950.29880224113,74353.05878862378,3163.434889669863,0,0.0,0.0
2025-08-13,45714.6832666747,0.0,-149.00146417065483,278.5785348287968,45844.260337332846,41.339134035355386,72059.64117403782,71723.29520527781,2136.453557073915,0,0.0,0.0
2025-08-14,47862.525323893955,1050.8773751187407,-1206.924811993354,277.2930944665727,47983.77098148591,40.42384842882977,74241.87053657803,72275.00414627674,2515.3993075290814,0,0.0,0.0
2025-08-15,25137.96096678758,41.92546205316283,-710.9842881860046,2.8648862837599154e-11,24468.902140654765,7.830180948076304e-12,41901.21628929599,40370.55951194091,20190.411708640248,0,0.0,0.0
2025-08-16,26608.140242862788,192.38812913002891,-1370.1775509562453,2.1049856968602398e-11,25430.35082103659,5.7269744502264075e-12,43532.57617530771,40464.69398656847,20490.96403968054,0,0.0,0.0
2025-08-17,48937.96647614314,3.9146803332048217,-1648.8536061048935,172.61418949797235,47465.641739869425,25.63229333324904,77297.9882775222,71280.49793497747,4502.306546037827,0,0.0,0.0
2025-08-18,48308.831601053054,6.123047565377538,-1140.7426516876258,44.7388140373567,47218.95081096816,6.63337742418487,74577.81656152869,71599.00040682977,3569.1644124909776,0,0.0,0.0
2025-08-19,47848.08417426356,21.342635636989947,-938.7013151375015,76.99523091944295,47007.72072568249,11.395727213721372,74035.07530732616,71154.09310127825,3360.588293605441,0,0.0,0.0
2025-08-20,52088.20225409018,309.24616469332443,-1966.230409091561,228.4135547644458,50659.63156445639,33.88065356084682,82062.77149675679,75864.35537068907,1284.0586049583742,0,0.0,0.0
2025-08-21,49787.561263663745,17.75517533699075,-1895.6866195361677,6.280115805168407e-11,47909.62981946464,1.8168577753385762e-11,77868.71720040163,71263.20657927103,1916.1514620100268,0,0.0,0.0
2025-08-22,25155.323931595114,0.0,-514.5257548946923,4.1584350185530644e-11,24640.798176700468,1.1084466677857563e-11,42123.874686728544,40845.84156015272,16611.170682468335,0,0.0,0.0
2025-08-23,24057.417492931614,630.9303968538338,-19.305718985868886,3.544883497852424e-11,24669.042170799614,7.844391802791506e-12,41126.53844967882,41493.25329182321,16253.410207204708,0,0.0,0.0
2025-08-24,48064.34719458072,10.674341469470136,-742.8565558384593,5.3315421411070924e-11,47332.164980211775,1.6495249610670726e-11,73450.593791856,71434.55368527316,3866.8791797914228,0,0.0,0.0
2025-08-25,61518.41819434564,17.33710649836117,-6019.07390975731,6.622795645228053e-11,55516.68139108676,1.5868195646362437e-11,94878.77448874479,77347.35396863722,2760.095674099103,0,0.0,0.0
2025-08-26,48412.95831803771,498.7496664410454,-945.6508231623905,6.658108020474174e-11,47966.05716131642,1.8175683180743363e-11,74083.27538756898,72057.6184754337,2837.566860642298,0,0.0,0.0
2025-08-27,48821.92036838653,1712.2372248011993,-340.4909159246389,5.595236274302806e-11,50193.66667726314,1.5937473563099047e-11,74809.67203516628,75845.85631188954,4323.702859602094,0,0.0,0.0
2025-08-28,47034.427642106326,3003.049711506532,-33.92929929065608,133.01857820838768,50136.56663253058,19.756212417714035,73741.728093985,76827.82723056554,2218.0528887114338,0,0.0,0.0
2025-08-29,26849.68433322603,0.0,-360.4324212119877,2.3178701624715356e-11,26489.251912014064,6.448175327022909e-12,44417.02569161066,43541.76876394622,18262.761593674128,0,0.0,0.0
2025-08-30,25818.438803912493,0.0,-407.8628063796614,3.077893495628814e-11,25410.575997532866,8.192557743313955e-12,43054.83196852438,41933.3101363919,20671.161736013702,0,0.0,0.0
2025-08-31,48074.99990210872,490.2832992075141,-881.4537127679423,18.932240625045193,47702.76172917333,2.816250000011003,73931.85011872704,72497.31271741755,1868.6655269354037,0,0.0,0.0
2025-09-01,52604.27028047132,457.2448408212426,-2952.022446833099,4.353270810497633e-11,50109.492674459514,1.1020517831639154e-11,82490.86911740032,72824.35355544818,16349.281946535863,0,0.0,0.0
2025-09-02,47008.33100828376,0.0,-2000.5299111480845,4.081734417127336e-11,45007.80109713573,1.1073808536821161e-11,73272.73471201642,68624.98037129757,11082.134657527888,0,0.0,0.0
2025-09-03,49475.38272732377,0.0,-3368.4926751633575,4.8738712621343436e-11,46106.89005216047,1.2136069926782511e-11,77204.0334093543,67405.42134788493,8634.749232424983,0,0.0,0.0
2025-09-04,49550.760485167855,0.0,-3606.123808008999,98.78531976897884,46043.42199692783,46.20454619689367,75920.34871440781,66590.46070845156,9145.202676217776,0,0.0,0.0
2025-09-05,25193.98659563096,0.0,-2605.865484597387,2.464531689838623e-11,22588.1211110336,6.934897101018578e-12,41839.856162121585,36287.62907769054,27021.1061646181,0,0.0,0.0
2025-09-06,25462.633604370552,0.0,-2136.946558391305,3.478523069588846e-11,23325.687045979284,8.37019342725398e-12,42474.242472423415,37851.03956892266,27659.001032875072,0,0.0,0.0
2025-09-07,47066.70413289355,0.0,-2978.402955782708,5.2500483960216116e-11,44088.3011771109,1.213074085626431e-11,72557.70301902527,65188.16360703904,6648.2173938621,0,0.0,0.0
2025-09-08,42500.344624371355,150.93101345859407,-949.9926537322747,7.306176108556884e-11,41701.28298409775,2.1087132040520373e-11,68275.02357918602,64785.27993724853,1749.554126974217,0,0.0,0.0
2025-09-09,37641.464590981326,985.1774271782473,-45.96099070062678,7.530771739538976e-11,38580.681027459024,2.2588153569813585e-11,59472.28204634653,59879.20142036629,2999.6983468723165,0,0.0,0.0
2025-09-10,43946.44225335535,71.4480774666309,-1120.0306368843183,6.340867741982947e-11,42897.859693937724,1.937294769049913e-11,70277.57374787593,67100.20230511096,1680.2504720632128,0,0.0,0.0
2025-09-11,43659.78694590061,39.10803063462253,-3005.8670961799003,6.5275685301458e-11,40693.0278803554,1.7706724975141697e-11,69256.34218905766,59526.65572285981,2156.8930114689583,0,0.0,0.0
2025-09-12,18619.933935253088,21.2039163380982,-25.934137912329216,2.0743446071946893e-11,18615.20371367888,6.444622613344109e-12,33266.85960166358,33174.92698572911,18738.821914041022,0,0.0,0.0
2025-09-13,18585.798183091516,23.859640693785558,-209.26531586485424,4.87277418415033e-11,18400.392507920493,1.3287149158713873e-11,33376.86191870809,32837.862914509744,21963.55627053501,0,0.0,0.0
2025-09-14,47055.9374652914,169.9722570216267,-3109.548897871283,1.4893016787688036,44117.85012612051,0.6965863792000633,73948.52899225446,65039.69556945302,1219.0024077428898,0,0.0,0.0
2025-09-15,39123.942497123084,344.4846210546135,-463.68131811415117,1700.2062748977821,40704.95207496133,250.02655343284195,61824.471831685514,61116.80623735933,2252.825028733932,0,0.0,0.0
2025-09-16,46754.03921406152,25.585456314244666,-2666.939179429054,4.571892020521773e-11,44112.68549094675,1.588773557159584e-11,74355.87254853357,66031.77204394898,2807.2294231292203,0,0.0,0.0
2025-09-17,45082.72274096862,66.53049848224803,-2313.59406653827,8.141287288765397e-11,42835.65917291268,2.1463719690473226e-11,70525.76427648062,64388.23272212198,620.7743238172638,0,0.0,0.0
2025-09-18,39928.02944925874,2635.626028949188,-589.1771030928335,5.5184573771738244e-11,41974.478375115155,1.6913886957681257e-11,62540.994077069605,64542.01754267674,1648.5189022091377,0,0.0,0.0
2025-09-19,19195.662345068704,0.0,-247.95891167665962,3.294729467029356e-11,18947.70343339208,9.2228447101661e-12,34054.583629800254,33444.08967617579,14388.739082710736,0,0.0,0.0
2025-09-20,19131.975477451313,17.617446483707973,-180.32372304933943,3.2652373249675296e-11,18969.269200885712,8.93862761586206e-12,34009.60188826656,33529.7235557267,14841.326327424627,0,0.0,0.0
2025-09-21,44583.48258623684,62.940535095046144,-1500.5995499257297,5.825089921529525e-11,43145.82357140622,1.7475798586019664e-11,70691.8726757137,66171.2732985604,4320.808602686606,0,0.0,0.0
2025-09-22,47319.06899367627,829.4823083980056,-3308.936868308696,9.33890902388157e-11,44839.61443376567,2.6158630817008088e-11,74290.7659218935,64813.23774940996,350.961087552184,0,0.0,0.0
2025-09-23,46827.70829068223,74.70733250928745,-2016.4904424580168,6.251055650885461e-11,44885.92518073357,1.786881753673697e-11,73675.38741104337,67952.10374485959,1806.9091951570738,0,0.0,0.0
2025-09-24,40699.70907095377,2076.2611302756595,-188.39835800473733,7.359922271632514e-11,42587.57184322477,2.0160761948773143e-11,63675.391649528574,65839.53178804865,1041.5034336483077,0,0.0,0.0
2025-09-25,44530.020412186546,235.30125375273332,-755.09515390674,5.1882118157209334e-11,44010.22651203259,1.6491696896991925e-11,69812.79053227627,67707.73119067737,3776.7892632115595,0,0.0,0.0
2025-09-26,19966.967517660847,0.0,-684.4977093476076,4.2342605865997036e-11,19282.469808313283,1.1198153515579179e-11,35349.34911063014,33720.892863910725,13147.141364676116,0,0.0,0.0
2025-09-27,19026.913155792226,510.149198967887,-108.72590969490871,271.9593091338427,19700.295754199047,127.21231998775716,34110.01745100756,34214.55910296768,13467.746783256964,0,0.0,0.0
2025-09-28,44773.628415704276,851.1731994331758,-663.859307017345,6.248084361004658e-11,44960.94230812017,1.8989254613188677e-11,70364.09312455553,69523.82008083683,2265.9664605685803,0,0.0,0.0
2025-09-29,47469.39868545118,66.66513661827443,-2314.8072780332664,95.52846253340566,45316.7850065696,20.394633333353255,74229.82492585384,67869.7134927971,1061.8883182385478,0,0.0,0.0
2025-09-30,47101.45163003779,614.8402722690757,-563.813018555794,23.095860937030487,47175.57474468811,3.4183173147465045,72686.80580956313,72052.92498145357,2605.099830773312,0,0.0,0.0
2025-10-01,43885.84572505104,0.0,-2228.0583693197077,3.223095212945282e-11,41657.78735573136,1.049604847480623e-11,69843.70229408299,63143.5291730779,9855.828023569951,0,0.0,0.0
2025-10-02,48626.265359226425,0.0,-4148.8171502138175,3.6793920799027544e-11,44477.44820901264,9.350742402602918e-12,76208.27797976157,64460.654427700094,9091.486299421345,0,0.0,0.0
2025-10-03,17875.091366956694,101.22331576253656,-121.59492739644487,2.6775651029709026e-11,17854.719755322818,6.716405209772347e-12,32803.65543839451,32618.06181815373,22139.438394441102,0,0.0,0.0
2025-10-04,20596.123749141647,0.0,-775.4024270324146,3.364198164490517e-11,19820.721322109268,9.379164112033322e-12,36523.461064708084,34902.5850213862,19076.928312212913,0,0.0,0.0
2025-10-05,47538.930086776825,0.0,-3736.9993643281596,5.667115487995033e-11,43801.93072244871,1.6058265828178264e-11,75323.43135501267,63628.268002624536,5277.641943434849,0,0.0,0.0
2025-10-06,41744.53156157025,336.82566204417503,-591.3308984407676,6.269051411322835e-11,41490.02632517372,1.7763568394002505e-11,65151.27097518994,64504.82820603596,3034.3856327806748,0,0.0,0.0
2025-10-07,43940.05120672267,0.0,-1023.2766182610362,4.6722760771444884e-11,42916.774588461674,1.4836132322670892e-11,69962.45113537769,66820.43172233723,5364.686692173086,0,0.0,0.0
2025-10-08,39410.3255251041,0.0,-841.8502221628011,4.8680586672844584e-11,38568.47530294134,1.4342305121317622e-11,64455.495692684744,61644.88825040194,1177.2927754370728,0,0.0,0.0
2025-10-09,45978.18438271753,0.0,-4190.645767899578,6.63588863858422e-11,41787.53861481802,1.8264501022713375e-11,74246.4059355937,60861.721567585395,1078.9512522853686,0,0.0,0.0
2025-10-10,16772.253496676134,393.72282796932444,-217.12933121811452,3.550873017843514e-11,16948.84699342738,9.983125437429408e-12,32030.199217456087,31748.589767528265,19396.768053065807,0,0.0,0.0
2025-10-11,17184.423874624692,0.0,-103.3826740469332,4.2130409383389636e-11,17081.041200577798,1.0679457318474306e-11,33077.50411488268,32852.532082178994,15723.971742089721,0,0.0,0.0
2025-10-12,41505.805192027925,483.92809311373196,-1013.7690765475522,14.020032278554003,40989.98424087267,2.9931751235218904,67641.70835303693,64549.57092247501,2171.6988535477167,0,0.0,0.0
2025-10-13,43262.16551873644,123.48607327913011,-2313.7765480438147,7.30174321006416e-11,41071.87504397183,2.0904167286062147e-11,70082.13167311059,62300.19707909593,1336.0441155353817,0,0.0,0.0
2025-10-14,44504.83948951125,14.9723174427737,-1571.000345291814,6.624071602345793e-11,42948.81146166228,2.1245227799226996e-11,71924.88565830304,66389.09562962368,1586.3401943735412,0,0.0,0.0
2025-10-15,46708.36195750402,10.249696548972729,-2623.175288416736,7.015326314308012e-11,44095.43636563633,1.8496260079103877e-11,74928.9849344966,67168.93724449254,1279.4835928812638,0,0.0,0.0
2025-10-16,44732.57110440287,248.79357422340496,-1067.5866260998662,7.102967458649801e-11,43913.77805252648,2.106759211528697e-11,71414.30566569953,68278.33040301238,1289.8896271129859,0,0.0,0.0
2025-10-17,16313.3623998984,873.7196612973535,-280.3612448295787,918.9790013336423,17825.699817699817,241.2119477443727,31572.456170958874,31609.333519098636,12792.568554603959,0,0.0,0.0
2025-10-18,18163.367623263293,78.10978482285599,-439.18379771778064,4.138794196251184e-11,17802.29361036841,1.1837641977763269e-11,33670.99874415226,32650.515793138442,13587.5566846544,0,0.0,0.0
2025-10-19,45828.57169072308,183.27185925814064,-1306.8566179753705,5.5237368457028424e-11,44704.98693200591,1.5688783605583012e-11,72910.39437491208,68866.5203045347,1019.6631344344796,0,0.0,0.0
2025-10-20,48806.6841795002,136.59254000306325,-2098.5154018822946,5.6967689232578775e-11,46844.76131762102,1.715960706860642e-11,76767.74971551454,70674.03123111479,2490.9117494341795,0,0.0,0.0
2025-10-21,47621.229698614334,255.74337218249684,-1333.396221413519,5.78295740183421e-11,46543.576849383375,1.780620095814811e-11,76117.45122739897,72779.27841223066,2233.467542256353,0,0.0,0.0
2025-10-22,45920.5132499552,24.928645662555695,-689.6989609346483,4.988383750514913e-11,45255.742934683156,1.4409806681214832e-11,72961.86997749774,71280.2865775866,1647.6266713654245,0,0.0,0.0
2025-10-23,52300.227575590354,299.81063680112607,-4517.148690425671,6.752721126712658e-11,48082.88952196587,1.882027866884073e-11,83044.44007617986,69323.08358926211,1932.778389672628,0,0.0,0.0
2025-10-24,17625.674766795928,158.97934298817626,-0.6956620299144283,4.169009315546646e-11,17783.958447754234,1.1837641977763269e-11,33491.37306818364,33617.7337975434,12011.619563822249,0,0.0,0.0
2025-10-25,17784.126903087097,68.27274109101252,-47.5657582203045,3.6428655647569034e-11,17804.833885957836,1.0452083643031074e-11,33738.31801112638,33663.8304371474,11143.560735819909,0,0.0,0.0
2025-10-26,48492.25289351837,0.0,-2286.193982524358,6.290027698696576e-11,46206.05891099408,1.7998047496803338e-11,76875.10925373281,70423.11575905888,1942.8710811245576,0,0.0,0.0
2025-10-27,44220.51119000564,1708.5209170503697,-295.1107943980282,4.9520593847773856e-11,45633.921312658036,1.4246381851990009e-11,70201.3168823872,70907.88179133425,3431.952853104428,0,0.0,0.0
2025-10-28,44362.40919992765,1184.133692706785,-41.05596065442306,6.171123936860035e-11,45505.48693198008,1.618821743321064e-11,70448.55405104415,71405.27140727203,1637.8259411521908,0,0.0,0.0
2025-10-29,49398.7554638033,154.73964726872106,-940.5596146423277,5.692468629803215e-11,48612.93549642975,1.615951816802408e-11,78467.92616477776,75858.40644730176,2440.3246731324634,0,0.0,0.0
2025-10-30,43781.26332821249,1007.259121949927,-177.2226396417545,7.27774676079207e-11,44611.29981052074,2.2097879082139116e-11,69603.1963580222,70014.28336538511,1217.9737158013702,0,0.0,0.0
2025-10-31,19728.62680010603,11.216872965760631,-374.1960290141355,3.693563499496122e-11,19365.647644057688,9.974243653232406e-12,36327.83580060203,35318.39073502645,8281.586112297762,0,0.0,0.0
2025-11-01,18756.612768187173,109.87898311995596,-69.72917346324036,5.089966848004224e-11,18796.762577843943,1.3590906178251316e-11,35044.76466934232,34911.46263547412,9263.28442815417,0,0.0,0.0
2025-11-02,48104.732954421874,1208.4844655969514,-995.7306015816265,4.478397386264987e-11,48317.486818437246,1.3670842236024328e-11,76051.20793108986,74847.0432663593,1842.850014148902,0,0.0,0.0
2025-11-03,51302.959835693284,342.5586378037235,-1921.1965962702338,4.788188689985873e-11,49724.321877226816,1.3034906487519038e-11,81515.87983207963,76113.54734386128,2659.667622655136,0,0.0,0.0
2025-11-04,47327.62552814347,51.33598112204047,-451.108429521348,4.4514542218987435e-11,46927.85307974421,1.2436884855304697e-11,75154.36907751815,73648.10785281901,2132.1912645565794,0,0.0,0.0
2025-11-05,52959.963907060344,137.7039190697365,-2574.457783263772,6.264865248795103e-11,50523.21004286637,1.7962520360015333e-11,83568.53978069076,76262.07956425095,2439.3952915474824,0,0.0,0.0
2025-11-06,48858.52221709264,899.4673731869085,-177.28944024114915,8.136976070716174e-11,49580.70015003849,2.3671731241847738e-11,77592.65378679424,77797.81913674994,2298.8397458213444,0,0.0,0.0
2025-11-07,18729.24160090522,345.68382252200803,-1.041690135834257,5.7501178929442176e-11,19073.88373329145,1.4317436125566019e-11,35576.44120400883,35829.75660674852,9141.611576384848,0,0.0,0.0
2025-11-08,19222.936677918784,151.25865453762881,-58.940924297673746,3.536000292569952e-11,19315.254408158773,9.976020010071807e-12,36194.668666011465,36164.725622290556,9198.222052953144,0,0.0,0.0
2025-11-09,51092.44774837976,7.197056141183489,-955.6640894081802,5.7164378119978205e-11,50143.98071511283,1.7323031897831243e-11,80672.66256133895,77678.05999668471,2276.960571722967,0,0.0,0.0
2025-11-10,51374.17184568248,1797.5878783741275,-1137.048019856631,5.8158250659801075e-11,52034.71170420004,1.5122125773814332e-11,81205.33242184407,79902.19570623245,1781.1663680017139,0,0.0,0.0
2025-11-11,53098.23535024676,18.62782025421761,-2027.031601478886,5.56486003944201e-11,51089.83156902215,1.5919709994705045e-11,83080.36716179381,77224.59055535225,1660.395092953646,0,0.0,0.0
2025-11-12,50474.601191386624,1336.148861091624,-1190.0158080672718,29.21520017293506,50649.9494445839,13.664733476570733,79985.20043259762,77268.61533483822,2244.4275909252938,0,0.0,0.0
2025-11-13,49349.67306039239,1566.681135950122,-510.87191616935417,1.2262669590867856e-10,50405.48228017328,3.397371273194949e-11,77840.77692025485,76999.75676905668,731.6603147485888,0,0.0,0.0
2025-11-14,19852.439933450856,64.85463713634638,-108.22597550445954,4.811052178865793e-11,19809.068595082794,1.1908696251339279e-11,36810.30450839308,36556.79689100275,5686.644687658899,0,0.0,0.0
2025-11-15,21371.821121231158,0.0,-389.3210893230836,6.703346855374549e-11,20982.500031908145,1.7966073073694133e-11,40163.280820359214,38977.14455831266,7387.908296789072,0,0.0,0.0
2025-11-16,50874.007750129786,606.8139713903633,-135.75112985360653,5.769736377558842e-11,51345.070591666605,1.6128431923334574e-11,80218.89296933805,80224.987910032,1552.431574042629,0,0.0,0.0
2025-11-17,49534.340681215486,2403.6474409341795,-240.52116667941868,4.27250732570883e-11,51697.466955470285,1.2864376230936614e-11,77796.47343256557,79374.26053909684,2651.8508064861935,0,0.0,0.0
2025-11-18,51861.66847199877,536.1362842826757,-660.8686646783564,6.068233560085901e-11,51736.93609160315,1.9877433032888803e-11,81837.58911044302,80605.47821643422,1276.8569277359095,0,0.0,0.0
2025-11-19,50997.992604530984,3408.6110203597937,-656.9544688608337,6.301057500085044,53755.950213530035,1.385000000023929,80498.85910159347,81471.81996636436,1882.8609419721674,0,0.0,0.0
2025-11-20,51170.16376124983,47.35993125728763,-90.25541433230765,6.402693930596114e-11,51127.26827817487,1.7548629216435074e-11,80757.1630361208,80604.81893271868,1381.8489328518585,0,0.0,0.0
2025-11-21,19870.514426477846,86.57992078088216,-21.786741804972895,4.316185453490107e-11,19935.307605453796,1.1432632618380012e-11,36908.85160606946,36892.44005529051,4676.706548802732,0,0.0,0.0
2025-11-22,22417.718822042392,0.0,-726.8742951394173,6.144416886399996e-11,21690.844526903034,1.7820411812863313e-11,42357.96046673806,39588.821597641574,5977.6198067533705,0,0.0,0.0
2025-11-23,52068.36720448868,1559.1227310220231,-719.8464495323192,6.640402627766661e-11,52907.64348597846,1.8877344132306462e-11,81782.37668449972,81016.71711959608,1550.8775595671584,0,0.0,0.0
2025-11-24,50586.4119157399,0.0,-350.7009449656324,132.97501495362053,50368.68598572789,46.522888504580315,79785.35664789678,78913.3531383206,421.44675449658894,0,0.0,0.0
2025-11-25,59168.61587199196,0.0,-3376.7536152346875,8.260413153493573e-11,55791.86225675735,2.3142376903706463e-11,91688.39136810141,82217.4593544588,1864.893680617175,0,0.0,0.0
2025-11-26,55354.244860604405,678.5516353712428,-1386.164205573813,5.6216665988984005e-11,54646.63229040189,1.4705570094974973e-11,86931.48693969508,83537.4527552714,2410.8486147705703,0,0.0,0.0
2025-11-27,53726.36107811598,292.5893680406363,-851.0719314333242,5.4936162730001574e-11,53167.87851472334,1.4138912263206294e-11,84183.95912430456,81957.23293189853,1919.4577501796723,0,0.0,0.0
2025-11-28,20562.31944702733,0.0,-159.55318745285862,5.81824357581695e-11,20402.766259574528,1.5591083979415998e-11,38478.17765859266,38096.17219252929,3616.8647499885947,0,0.0,0.0
2025-11-29,25884.92517697633,0.0,-1909.3969079778738,4.8201178937112845e-11,23975.528268998503,1.4231504863460032e-11,49053.91583624663,41385.31067592598,3088.0563220781805,0,0.0,0.0
2025-11-30,55282.498393715,229.61044574559037,-265.8882488168497,6.136677654922096e-11,55246.22059064381,1.7692514120426495e-11,86866.19259269653,86091.1146236452,1290.7382619800455,0,0.0,0.0
2025-12-01,58498.711148132075,226.5899630888762,-456.95592005635274,12351.52727415574,70619.87246532034,2754.2832645623757,90384.60577933864,88856.48511064968,885.0506320339513,0,0.0,0.0
2025-12-02,60143.632787305745,1376.774015504097,-931.4500690998088,6474.238263762421,67063.19499747246,2435.216077565015,93541.64205382041,91865.71789945502,823.0151321046694,0,0.0,0.0
2025-12-03,53692.496782426286,7904.474103179981,-1.7257001090186395,2819.664871170454,64414.91005666769,1318.6895653448453,83874.84244142371,90986.00550182493,592.9234913919478,0,0.0,0.0
2025-12-04,59366.6264874608,4082.5174393373704,-1386.2924371852846,2652.780297708215,64715.63178732111,978.9451227746129,91502.29715035477,91156.14237774404,755.8321466164778,0,0.0,0.0
2025-12-05,24000.07150061491,1500.7475611906832,-210.98506473035093,526.2800515257859,25816.114048601026,262.1129847420136,45160.06095000436,45735.664341312084,855.9152655538414,0,0.0,0.0
2025-12-06,25393.637768342738,2010.9790961144072,-534.2424949463302,956.755127621828,27827.129497132642,453.67151958593513,47925.04989716437,47794.578521213814,863.1293795330951,0,0.0,0.0
2025-12-07,62506.103414012585,359.9940763682121,-1170.9904570747103,201.386973756031,61896.494007062116,34.67108095998752,96633.61208491816,93360.58697156538,1074.817540412137,0,0.0,0.0
2025-12-08,67461.68546282817,0.0,-2041.378136428274,7.82858293746358e-11,65420.30732639997,2.0193624550302047e-11,103895.42391663391,98144.7022353636,5989.0829887520995,0,0.0,0.0
2025-12-09,67006.19267227477,0.0,-2379.9623947578966,5.726699470187668e-11,64626.23027751692,1.3855583347321954e-11,102975.11586303156,96391.52688500303,4520.02151387688,0,0.0,0.0
2025-12-10,63454.739657303806,358.42880802971274,-1013.5157149833861,8.108959548280837e-11,62799.652750350215,2.05773176276125e-11,98451.59138667423,96496.10004189686,3487.667374127427,0,0.0,0.0
2025-12-11,66511.1562636983,2.710664502100572,-2814.513718162657,8.16415308690921e-11,63699.353210037814,2.0520474208751693e-11,102531.12963295501,94852.50308689602,4508.510643761863,0,0.0,0.0
2025-12-12,29235.8244606594,0.0,-709.347844929173,4.9792078460342284e-11,28526.47661573028,1.325961562770317e-11,54660.83465933375,51678.772969376456,4546.425108357237,0,0.0,0.0
2025-12-13,30361.876128635125,0.0,-1668.8785105259585,4.666960329302583e-11,28692.997618109213,1.3383072428041487e-11,56200.86773909646,51173.14230957739,3627.329816571474,0,0.0,0.0
2025-12-14,62962.60714549912,326.0526196116974,-330.9643406771546,5.053821183764739e-11,62957.695424433725,1.453770437365165e-11,97539.19322866888,97215.01483532743,3817.6013561756945,0,0.0,0.0
2025-12-15,62434.69461485186,1263.5835638707024,-512.5027036772271,7.820400327318567e-11,63185.77547504542,2.2865265236760024e-11,96905.24459046693,96977.34115902522,2986.914026107414,0,0.0,0.0
2025-12-16,66949.49413190644,27.84670708252505,-2081.8330981349827,8.273532614566647e-11,64895.50774085406,2.3163693185779266e-11,102294.03226572997,97002.72911314545,3160.247475788956,0,0.0,0.0
2025-12-17,66547.64755610417,29.701521138015327,-2786.4933736073826,5.949175374553307e-11,63790.85570363487,1.5916157281026244e-11,102693.04386514734,95185.10376533284,2466.7720644478186,0,0.0,0.0
2025-12-18,63424.1204476701,23.34054915046189,-962.7178334226878,5.4989817144246443e-11,62484.74316339793,1.4029666317583178e-11,97537.49549737928,94730.03758396284,2961.693427853418,0,0.0,0.0
2025-12-19,28170.30414635758,0.0,-846.2841855674395,6.27582745771349e-11,27324.0199607902,1.8410606372754046e-11,52202.45389628732,49235.63242741084,2739.9955384573013,0,0.0,0.0
2025-12-20,29785.79848463687,0.0,-1834.5415584304676,4.317295321243364e-11,27951.25692620645,1.3496759265763103e-11,54901.46220119913,49333.47880810297,2659.3615734808927,0,0.0,0.0
2025-12-21,65391.08183399129,13.560786751783223,-1185.0845130113323,5.719988394048414e-11,64219.5581077318,1.6484591469634324e-11,100852.5422847193,97641.58741720408,4122.19426139172,0,0.0,0.0
2025-12-22,64010.86330783326,18.005237523656426,-955.112493631771,119.96564885208926,63193.721700577225,24.74537838476155,98665.45723537091,96205.26117291006,2734.104490941694,0,0.0,0.0
2025-12-23,65632.5071843908,27.191019066447254,-2340.4658136212865,8.934874529131776e-11,63319.23238983603,2.2154722500999924e-11,101206.41537198325,94883.71129758193,3107.0056270708833,0,0.0,0.0
2025-12-24,65077.04956065294,0.0,-1672.021734883718,6.331525170821806e-11,63405.02782576928,1.828937001846498e-11,99999.0830394868,95664.86715179578,3295.413522787022,0,0.0,0.0
2025-12-25,62117.70858586418,213.80099463414132,-481.56030308974283,4.278506082755484e-11,61849.94927740863,1.1681322575896047e-11,96500.69504586028,95608.09580032644,3244.0485088555283,0,0.0,0.0
2025-12-26,28323.091732333894,0.0,-891.3308484571567,6.462044410682211e-11,27431.7608838768,1.744737687658926e-11,52615.94966608992,49695.36953141557,2993.1501873766233,0,0.0,0.0
2025-12-27,28962.830536538248,0.0,-1127.7690722431894,5.52836425526948e-11,27835.061464295115,1.588773557159584e-11,54186.30503394949,50526.69623044996,3456.1016964104138,0,0.0,0.0
2025-12-28,64408.50489821136,1.3676837921641185,-1739.4397486433475,5.966836624793358e-11,62670.43283336023,1.878674993349705e-11,99279.88539402242,94549.3166894308,3463.5955849012607,0,0.0,0.0
2025-12-29,63304.05391897208,39.516533631147254,-805.4257619319296,4.8416382014693227e-11,62538.14469067135,1.27613475342514e-11,98428.33055178699,96235.25507706846,4329.49691345543,0,0.0,0.0
2025-12-30,63335.463814177594,14.378164892956356,-1520.4402257045663,6.263057805711014e-11,61829.40175336605,1.6760814958161063e-11,98243.55626888374,94033.18659955257,3385.202707309988,0,0.0,0.0
2025-12-31,63735.531860561154,0.0,-1139.249235547165,62.77355811157114,62659.05618312556,29.360878443196782,98808.29418910443,95546.53752570249,2346.68966717786,0,0.0,0.0
