日期,1月固定候选,在线候选,在线当日费用_元,历史窗口内各候选费用_JSON
2025-02-01,affine_saa_mpc,affine_saa_mpc,19521.083513360376,"[565650.5248274627, 630965.1376309497, 566515.0743795176, 616424.8105532797, 553398.7014247368, 560209.6276785823]"
2025-02-02,affine_saa_mpc,affine_saa_mpc,63717.90527600838,"[586173.3919253165, 653918.1293850569, 586472.9287902163, 637651.1375537345, 572919.7849380971, 579815.5160391205]"
2025-02-03,affine_saa_mpc,affine_saa_mpc,65628.65363690877,"[651290.4877139814, 721743.3187657364, 650601.926840679, 705211.0339637105, 636637.6902141055, 643646.8882261565]"
2025-02-04,affine_saa_mpc,affine_saa_mpc,67835.94532060105,"[718348.0334247103, 794191.1273895511, 717020.5204740617, 777361.0918337993, 702266.3438510143, 709506.6496708723]"
2025-02-05,affine_saa_mpc,affine_saa_mpc,64101.198097945584,"[787958.5313623697, 868088.8493570448, 785552.4271846672, 850083.5994922611, 770102.2891716154, 777557.1392181945]"
2025-02-06,affine_saa_mpc,affine_saa_mpc,66715.17131942438,"[853412.827016055, 939375.8440324016, 850535.7971540451, 919652.5616726703, 834203.4872695609, 842136.1646747628]"
2025-02-07,affine_saa_mpc,affine_saa_mpc,19075.34482776051,"[921735.2109077518, 1012223.7577172967, 917878.5137198706, 989960.162684238, 900918.6585889853, 909239.4829921199]"
2025-02-08,affine_saa_mpc,affine_saa_mpc,15848.358444275416,"[941777.8533185847, 1034095.5999389095, 937150.4223394342, 1011164.2878672074, 919994.0034167458, 928544.6951601838]"
2025-02-09,affine_saa_mpc,affine_saa_mpc,62456.9241340699,"[958312.8137924267, 1054854.654855773, 954031.3407069503, 1030759.124030921, 935842.3618610213, 944890.7333541809]"
2025-02-10,affine_saa_mpc,affine_saa_mpc,57300.231601395855,"[1022184.2990084193, 1122057.360013458, 1017300.3689124337, 1097006.4847326481, 998299.2859950912, 1007879.1740410095]"
2025-02-11,affine_saa_mpc,affine_saa_mpc,57535.632375186135,"[1080533.1981633606, 1184495.1888668768, 1075563.0532093025, 1159680.0102636507, 1055599.517596487, 1065722.4680768792]"
2025-02-12,affine_saa_mpc,affine_saa_mpc,58642.66470969877,"[1139143.431601001, 1251442.7870321446, 1135106.0980256198, 1224921.470168459, 1113135.149971673, 1125317.5868560371]"
2025-02-13,affine_saa_mpc,affine_saa_mpc,53610.29513976998,"[1197678.4833757745, 1319047.5762962308, 1195042.3281403638, 1292180.8390700049, 1171777.814681372, 1185470.620853974]"
2025-02-14,affine_saa_mpc,affine_saa_mpc,16110.392685313122,"[1252235.9755695062, 1378696.81245456, 1249733.059906301, 1352231.9654942176, 1225388.109821142, 1239921.355530061]"
2025-02-15,affine_saa_mpc,affine_saa_mpc,16534.93615109596,"[1269110.7097489475, 1399088.3081256128, 1266498.3260607831, 1371272.44309972, 1241498.502506455, 1256258.2610003536]"
2025-02-16,affine_saa_mpc,affine_saa_mpc,58032.58639102043,"[1286258.3016881442, 1421990.5199672626, 1284165.4204945536, 1393501.793201514, 1258033.4386575508, 1273585.5640547925]"
2025-02-17,affine_saa_mpc,affine_saa_mpc,55334.10597512596,"[1344968.5197329468, 1490372.2069142498, 1344769.6671302991, 1460382.2393875201, 1316066.0250485712, 1333475.1407618746]"
2025-02-18,affine_saa_mpc,affine_saa_mpc,52149.741530344516,"[1401215.6341289019, 1553640.2976987946, 1402212.3768902894, 1521832.0604929642, 1371400.131023697, 1390289.7472966635]"
2025-02-19,affine_saa_mpc,affine_saa_mpc,53137.01853086977,"[1454131.3512903543, 1616945.5278632129, 1458114.118834601, 1584789.7306269424, 1423549.8725540417, 1444019.039084867]"
2025-02-20,affine_saa_mpc,affine_saa_mpc,53226.347776805975,"[1432252.369360109, 1594739.4525926982, 1437544.0222644946, 1564530.9694981768, 1402649.425350929, 1423918.5046890276]"
2025-02-21,affine_saa_mpc,affine_saa_mpc,15210.387500903895,"[1410732.142097007, 1570389.8478234238, 1415743.2656571479, 1541649.7111640018, 1381135.2536000283, 1402431.1340570343]"
2025-02-22,affine_saa_mpc,affine_saa_mpc,15704.868361613488,"[1404301.211376322, 1562739.7942176205, 1409466.9384172703, 1535453.1078128002, 1375237.9271150255, 1396336.8488264992]"
2025-02-23,affine_saa_mpc,affine_saa_mpc,52685.30377785883,"[1398012.7806452222, 1557953.734828001, 1403926.5225810548, 1531307.2956324653, 1369694.6228413945, 1390808.3108412619]"
2025-02-24,affine_saa_mpc,affine_saa_mpc,50874.81446893299,"[1375984.6485377091, 1537890.221233803, 1382185.4757157161, 1512593.6426315692, 1347807.5264328562, 1370091.1041093941]"
2025-02-25,affine_saa_mpc,affine_saa_mpc,49880.48469551011,"[1359993.4049866097, 1520228.0904750717, 1366783.0173723951, 1494663.23513061, 1331980.3828510107, 1354360.3197069906]"
2025-02-26,affine_saa_mpc,affine_saa_mpc,49571.8524013003,"[1339586.4869700593, 1494713.1961443073, 1345731.8583514204, 1469478.1720419307, 1311834.6554257555, 1332776.2538277265]"
2025-02-27,affine_saa_mpc,affine_saa_mpc,47433.63115983729,"[1323968.5959422896, 1477508.1006899448, 1330746.9608076601, 1453874.4127364983, 1297204.8525616522, 1318452.3831698904]"
2025-02-28,affine_saa_mpc,affine_saa_mpc,14272.743879191352,"[1303735.5358819007, 1458216.2789304163, 1310861.6511685727, 1435171.3070913139, 1278031.2583374535, 1298868.1278919782]"
2025-03-01,affine_saa_mpc,affine_saa_mpc,15468.446298039944,"[1297266.8906996704, 1451047.1436692185, 1304448.4042527864, 1428718.7184310663, 1272148.623682129, 1293140.2380559605]"
2025-03-02,affine_saa_mpc,affine_saa_mpc,54736.27396469657,"[1292806.8272911604, 1445503.0569470553, 1300566.277864056, 1424645.8878429823, 1268095.9864668087, 1289342.2620240853]"
2025-03-03,affine_saa_mpc,affine_saa_mpc,54882.97387383152,"[1283653.2908006224, 1441425.2012851015, 1292863.8746634745, 1420217.2214360703, 1259114.355155497, 1280599.4686911167]"
2025-03-04,affine_saa_mpc,affine_saa_mpc,50006.50997484128,"[1272859.0812593072, 1430771.8347068313, 1282699.0114455463, 1410278.6815111004, 1248368.6753924196, 1270160.3509550816]"
2025-03-05,affine_saa_mpc,affine_saa_mpc,49583.75180796,"[1254067.5907121317, 1416279.837174883, 1266562.4954639925, 1396134.5973571823, 1230539.24004666, 1252706.8972127694]"
2025-03-06,affine_saa_mpc,affine_saa_mpc,47680.61877492402,"[1238757.045001615, 1400389.1075816466, 1252520.2214408312, 1380683.8083494175, 1216021.7937566743, 1238582.1296916485]"
2025-03-07,affine_saa_mpc,affine_saa_mpc,14553.090314467092,"[1218727.24953742, 1382203.759558663, 1233921.6977353876, 1364710.6916148039, 1196987.2412121738, 1219421.3723310996]"
2025-03-08,affine_saa_mpc,affine_saa_mpc,13728.85476754166,"[1213740.364696088, 1379036.1508131924, 1229443.4203677538, 1361632.947673976, 1192464.9866988806, 1214687.9994169683]"
2025-03-09,affine_saa_mpc,affine_saa_mpc,46550.44174147406,"[1211036.2222374543, 1375295.7597947351, 1226669.0235750251, 1358597.2014739646, 1190345.4830221466, 1212481.0962213918]"
2025-03-10,affine_saa_mpc,affine_saa_mpc,49081.843719790355,"[1194640.329020548, 1360464.776571586, 1210626.4178692643, 1345511.6399528268, 1174439.0006295508, 1196398.0612346055]"
2025-03-11,affine_saa_mpc,affine_saa_mpc,45959.83869280858,"[1185801.758332752, 1355684.0083185295, 1203149.0405197938, 1339986.50723644, 1166220.6127479454, 1188496.3941859733]"
2025-03-12,affine_saa_mpc,affine_saa_mpc,45565.20819042824,"[1173713.609115777, 1342172.652817658, 1191258.3999458817, 1328412.7067513324, 1154644.8190655678, 1175649.622539514]"
2025-03-13,affine_saa_mpc,affine_saa_mpc,47946.44989142371,"[1161484.9277577556, 1326343.4205094397, 1177568.542142421, 1311750.9551950197, 1141567.3625462975, 1161448.5399805496]"
2025-03-14,affine_saa_mpc,affine_saa_mpc,12862.20042878052,"[1156366.0494912898, 1322141.564414733, 1171974.8601472373, 1306920.4520186663, 1135903.5172979513, 1155886.407547755]"
2025-03-15,affine_saa_mpc,affine_saa_mpc,13502.08635785506,"[1152730.0238630727, 1317470.3467563046, 1168723.816510195, 1303012.049892585, 1132655.3250414187, 1152603.6758281672]"
2025-03-16,affine_saa_mpc,affine_saa_mpc,45805.90551471825,"[1149451.488916375, 1309906.721051863, 1165221.3116962393, 1295769.0121314528, 1129622.4752481778, 1149390.7495401404]"
2025-03-17,affine_saa_mpc,affine_saa_mpc,40390.201365452565,"[1137388.9731771348, 1292663.958382483, 1151135.6534788439, 1280107.695036436, 1117395.7943718752, 1135956.1332583255]"
2025-03-18,affine_saa_mpc,affine_saa_mpc,45445.57400575564,"[1122539.931519681, 1278813.457136758, 1135318.0062343217, 1266260.8791728062, 1102451.8897622016, 1120101.993711253]"
2025-03-19,affine_saa_mpc,affine_saa_mpc,41908.59746447226,"[1116096.2005974036, 1265335.1930793943, 1125673.4984216555, 1251993.121216186, 1095747.7222376128, 1112160.1428273104]"
2025-03-20,affine_saa_mpc,affine_saa_mpc,44330.43862390094,"[1105470.1407285575, 1251840.2065753967, 1114740.9950906928, 1237692.1749972221, 1084519.3011712155, 1100294.538789495]"
2025-03-21,affine_saa_mpc,affine_saa_mpc,12469.376328717846,"[1096018.367352304, 1247045.976066295, 1105938.9103710607, 1231892.1508612179, 1075623.3920183105, 1091796.084883883]"
2025-03-22,affine_saa_mpc,affine_saa_mpc,13387.753660620736,"[1093250.0408278094, 1241935.722647755, 1103071.460849464, 1228098.944888701, 1072882.3808461244, 1089536.1823251303]"
2025-03-23,affine_saa_mpc,affine_saa_mpc,43501.02179867965,"[1091053.3409720906, 1236877.867796679, 1100339.1530003236, 1223814.0905285436, 1070565.2661451318, 1086955.2545897693]"
2025-03-24,affine_saa_mpc,affine_saa_mpc,41839.81095306071,"[1081622.4380184577, 1224436.3841513768, 1090351.6491360713, 1210876.0327946586, 1061380.9841659525, 1076571.8331943583]"
2025-03-25,affine_saa_mpc,affine_saa_mpc,44700.69324247015,"[1072731.9595133283, 1214012.5813414357, 1080714.647788214, 1201062.316927263, 1052345.9806500801, 1067443.9609650867]"
2025-03-26,affine_saa_mpc,affine_saa_mpc,39882.99672315211,"[1067325.8353169444, 1211422.99309014, 1074856.0128292795, 1198608.539035022, 1047166.1891970403, 1062329.543847819]"
2025-03-27,affine_saa_mpc,affine_saa_mpc,41572.39816326513,"[1057696.2446467327, 1199511.31073837, 1064704.9613529574, 1187017.9653230675, 1037477.3335188922, 1052338.7616864159]"
2025-03-28,affine_saa_mpc,affine_saa_mpc,12729.139378451455,"[1051767.9994968534, 1189872.0909181857, 1058952.3939452784, 1177518.8286766594, 1031616.1005223199, 1046338.5005981401]"
2025-03-29,affine_saa_mpc,affine_saa_mpc,12248.99969866803,"[1050211.4928320292, 1185515.8364416754, 1056970.7897289104, 1173246.4591409422, 1030072.4960215802, 1044410.4279121727]"
2025-03-30,affine_saa_mpc,affine_saa_mpc,39227.97379246599,"[1046719.8787805815, 1182105.8517499643, 1053339.551894941, 1169711.3937824995, 1026853.0494222081, 1040996.1157522192]"
2025-03-31,affine_saa_mpc,affine_saa_mpc,38283.449813464904,"[1030624.8581615232, 1166071.29099401, 1037661.1965617948, 1153263.8600609144, 1011344.7492499776, 1025611.707435346]"
2025-04-01,affine_saa_mpc,affine_saa_mpc,44680.754672312425,"[1013333.8389445742, 1150608.592146796, 1021167.1211532541, 1136605.0246466913, 994745.225189611, 1009394.1024032934]"
2025-04-02,affine_saa_mpc,affine_saa_mpc,42722.982109660414,"[1007400.8688596277, 1141211.6434729118, 1014093.0294765912, 1127773.7037431034, 989419.4698870821, 1003801.2646456074]"
2025-04-03,affine_saa_mpc,affine_saa_mpc,42084.894849811375,"[1000383.7665760001, 1135098.2280812792, 1007072.5524179569, 1122843.856502134, 982558.7001887824, 996541.1607491565]"
2025-04-04,affine_saa_mpc,affine_saa_mpc,11389.212308003636,"[994969.0962435396, 1127455.3626916101, 1000967.0417664001, 1114936.3076790904, 976962.9762636698, 991000.7345432168]"
2025-04-05,affine_saa_mpc,affine_saa_mpc,11589.840188404043,"[991695.4681558588, 1121830.9993897246, 997785.3788882066, 1109645.7810998892, 973799.0982572064, 987901.348076717]"
2025-04-06,affine_saa_mpc,affine_saa_mpc,39752.2710726238,"[989773.6438336461, 1122362.7585673928, 996788.9148201853, 1110278.2960298161, 971660.0836780688, 985878.203503795]"
2025-04-07,affine_saa_mpc,affine_saa_mpc,36383.294390264055,"[983237.3969116629, 1115002.9639197455, 989710.9201909603, 1101657.8894962787, 964861.9130092185, 979038.1868213102]"
2025-04-08,affine_saa_mpc,affine_saa_mpc,39839.50793853642,"[971081.4228549805, 1099303.0499271064, 976353.193586028, 1085999.4450558545, 952163.3636796924, 965710.1227211257]"
2025-04-09,affine_saa_mpc,affine_saa_mpc,40622.584300404604,"[965084.4504189217, 1091114.994321955, 969151.2749949106, 1076876.9833270905, 946043.0329254202, 959257.198489863]"
2025-04-10,affine_saa_mpc,affine_saa_mpc,38831.4037653478,"[960229.9748020219, 1085940.3646669874, 964198.9745106656, 1071770.891554958, 941100.4090353965, 954377.2770928378]"
2025-04-11,affine_saa_mpc,affine_saa_mpc,10887.211226443367,"[950391.5623033798, 1076459.1259064132, 954422.6061520934, 1061673.560527902, 931985.3629093206, 944594.0262672317]"
2025-04-12,affine_saa_mpc,affine_saa_mpc,11514.61153291723,"[948347.3139182522, 1075382.325831968, 953497.2556560584, 1061164.2404319074, 930010.3737069834, 943274.3082060304]"
2025-04-13,affine_saa_mpc,affine_saa_mpc,37081.01001493813,"[946378.1781957886, 1073703.1062878955, 950868.3670166453, 1059211.9494819809, 928022.8988820456, 940693.1914977414]"
2025-04-14,affine_saa_mpc,affine_saa_mpc,37746.81603658509,"[937648.4769233289, 1067256.8707301833, 941995.9334464732, 1050871.6161219864, 919298.0033822653, 931633.2041112205]"
2025-04-15,affine_saa_mpc,affine_saa_mpc,34664.855887429614,"[933600.8326740972, 1063162.830521309, 939902.7865895325, 1049453.6936675473, 916654.618053398, 930088.0592318939]"
2025-04-16,affine_saa_mpc,affine_saa_mpc,38223.75061868205,"[922718.1151826143, 1053220.653333874, 929161.418502884, 1039820.8161462906, 905873.899935072, 919479.9052711526]"
2025-04-17,affine_saa_mpc,affine_saa_mpc,36312.76844759691,"[919286.6136504929, 1048172.967766989, 924000.3869851145, 1034257.8464559928, 902189.0530892818, 914949.3394164668]"
2025-04-18,affine_saa_mpc,affine_saa_mpc,10933.812909840726,"[911657.0309262775, 1037486.5631946182, 915330.0737158455, 1022506.1704655928, 894171.3829129777, 906488.5268414145]"
2025-04-19,affine_saa_mpc,affine_saa_mpc,11097.959985040989,"[910234.0594956207, 1037873.0980989182, 914041.2834856564, 1022033.4046735476, 892635.8194941005, 904510.9964745443]"
2025-04-20,affine_saa_mpc,affine_saa_mpc,35515.15184563834,"[907913.5100679933, 1035472.9938024626, 912043.9722780407, 1019108.028562059, 890346.0258185207, 902350.1498223298]"
2025-04-21,affine_saa_mpc,affine_saa_mpc,35256.96536880665,"[899779.7602080357, 1029448.0931048562, 903940.7919791916, 1012612.0449677041, 882360.1558654794, 894379.8290840209]"
2025-04-22,affine_saa_mpc,affine_saa_mpc,34971.42160959987,"[892663.4435849296, 1023749.815260213, 897644.8408004942, 1006658.034728099, 875777.3102812252, 887623.5612723861]"
2025-04-23,affine_saa_mpc,affine_saa_mpc,34465.73588847733,"[883286.6500827628, 1014999.249631488, 888127.7796774827, 997317.4500379, 866048.0386483549, 877564.1644798268]"
2025-04-24,affine_saa_mpc,affine_saa_mpc,33593.011070209286,"[878190.1716256265, 1013820.9466986381, 883258.7510405683, 994293.7322187251, 860630.7778136802, 872208.937146945]"
2025-04-25,affine_saa_mpc,affine_saa_mpc,10262.705045331015,"[870636.5622796855, 1006311.6118353624, 874556.5811159188, 985297.9516071146, 852651.3907206245, 864144.6704237866]"
2025-04-26,affine_saa_mpc,affine_saa_mpc,10717.881979764901,"[868252.6643846522, 1004526.6566457716, 872399.4444950719, 983554.6370109436, 850184.9563875041, 861983.6809263276]"
2025-04-27,affine_saa_mpc,affine_saa_mpc,33070.9903274339,"[866825.1132087348, 1002885.317540375, 870960.5981485869, 982120.3492430665, 848653.838668601, 860626.3823160661]"
2025-04-28,affine_saa_mpc,affine_saa_mpc,40242.407471624116,"[861438.380421767, 997931.9443341364, 865355.586611055, 976690.0304541648, 842496.8552035689, 855069.4263913485]"
2025-04-29,affine_saa_mpc,affine_saa_mpc,34031.31053286455,"[863532.3659068248, 996977.6078221252, 866272.0251359052, 975606.5840245706, 844455.8128617281, 856235.3265501997]"
2025-04-30,affine_saa_mpc,affine_saa_mpc,32221.878982539703,"[853569.9714446873, 987958.3543484659, 855603.4102474477, 965942.3728801006, 833806.3687222803, 845345.0971566101]"
2025-05-01,affine_saa_mpc,affine_saa_mpc,44098.61688316186,"[843501.1053244153, 978384.7479762209, 846071.624474047, 954808.7332367674, 823305.2655951596, 835118.2646564452]"
2025-05-02,affine_saa_mpc,affine_saa_mpc,16318.399972277235,"[845444.1489021311, 982736.6940509113, 849646.4459792092, 960567.5290524401, 825318.98762851, 837881.2819657263]"
2025-05-03,affine_saa_mpc,affine_saa_mpc,15894.468246245306,"[849514.3180633062, 989473.0298567722, 855264.3225513325, 967630.221501387, 830248.1752927836, 843166.8724812242]"
2025-05-04,affine_saa_mpc,affine_saa_mpc,39737.05059789964,"[853059.8220524845, 990492.296157853, 858764.0347223277, 968792.4892291911, 834552.8033506249, 847365.9069536669]"
2025-05-05,affine_saa_mpc,affine_saa_mpc,40614.024718166605,"[852121.8316899708, 994660.3769444618, 861676.4761740894, 973065.5336387601, 834537.5828759007, 847935.0716306686]"
2025-05-06,affine_saa_mpc,affine_saa_mpc,39863.69916133379,"[856194.5872305315, 1003715.1757523234, 867845.38994336, 979577.4131732408, 838768.3132038031, 853021.9957936188]"
2025-05-07,affine_saa_mpc,affine_saa_mpc,39031.24675908405,"[855048.5220312767, 1008089.8918324299, 869948.8265488894, 983986.1687993135, 838792.5044266004, 853742.5651576866]"
2025-05-08,affine_saa_mpc,affine_saa_mpc,42061.547943444675,"[853700.0401272664, 1010889.947790445, 869829.7277218122, 986521.8566370488, 837201.1668852798, 852484.517980135]"
2025-05-09,affine_saa_mpc,affine_saa_mpc,13728.607536757192,"[856277.7363426433, 1012941.4645773349, 872825.5387543646, 989689.9013818688, 840431.311063377, 855523.3204756472]"
2025-05-10,affine_saa_mpc,affine_saa_mpc,14281.186165433528,"[858991.9348313049, 1014391.6862856955, 874188.9465739437, 991064.8745491065, 843272.7073736909, 857563.8651187812]"
2025-05-11,affine_saa_mpc,affine_saa_mpc,40908.641865819314,"[861600.0618382785, 1016051.2411103144, 877078.9653148387, 993539.6953911951, 846039.2820062072, 860325.3838171574]"
2025-05-12,affine_saa_mpc,affine_saa_mpc,38854.95554988507,"[865264.03357697, 1017599.0910589227, 880849.3241804761, 996579.8959563823, 849866.9138570883, 864219.3949792259]"
2025-05-13,affine_saa_mpc,affine_saa_mpc,40824.20761079565,"[866995.6210448416, 1017191.6153279775, 881397.2134212968, 994069.4085035292, 850975.0533703882, 864223.2263497738]"
2025-05-14,affine_saa_mpc,affine_saa_mpc,40125.24079655059,"[872701.5316570848, 1022616.286739607, 887949.731860545, 1000264.2725921625, 857134.4050937542, 869974.050240335]"
2025-05-15,affine_saa_mpc,affine_saa_mpc,40697.54177785743,"[874254.3532539555, 1026437.4434053042, 889938.4514478799, 1003089.413306473, 859035.8952716228, 871682.5590587653]"
2025-05-16,affine_saa_mpc,affine_saa_mpc,13201.297347317395,"[878268.4028808322, 1030605.9260617285, 894391.7949431667, 1009227.7731483363, 863420.6686018833, 875935.6152018007]"
2025-05-17,affine_saa_mpc,affine_saa_mpc,13619.242307472601,"[880312.897953557, 1031095.1419472127, 896648.8952186297, 1010321.9615592903, 865688.1530393601, 878112.7106026933]"
2025-05-18,affine_saa_mpc,affine_saa_mpc,41067.12243604743,"[882554.9980255549, 1035055.5602277447, 899124.1371179719, 1015380.031754916, 868209.4353617918, 880601.525357998]"
2025-05-19,affine_saa_mpc,affine_saa_mpc,37935.97687431736,"[887966.4653935372, 1037112.1213727908, 904125.9921562555, 1018077.2381483286, 873761.4059522008, 886093.1596519436]"
2025-05-20,affine_saa_mpc,affine_saa_mpc,38259.15182346135,"[890810.845319791, 1036950.8555286978, 905912.0449222857, 1018186.8631874166, 876440.4174577114, 888761.6365982798]"
2025-05-21,affine_saa_mpc,affine_saa_mpc,38032.89468645293,"[894091.2795479611, 1039382.4953179165, 908695.2109126414, 1021272.0570420659, 879728.1476715729, 891703.9581357201]"
2025-05-22,affine_saa_mpc,affine_saa_mpc,37371.81945739921,"[897598.940580532, 1041440.1960667998, 911487.0879271788, 1024495.4669608119, 883295.3064695484, 894829.2573414209]"
2025-05-23,affine_saa_mpc,affine_saa_mpc,13423.403011177481,"[901252.9833338789, 1045966.5159323073, 915188.5470171383, 1029756.9417901682, 887074.1148567385, 898424.3774660411]"
2025-05-24,affine_saa_mpc,affine_saa_mpc,13498.776452658914,"[904133.6808716558, 1048935.0638442228, 918282.112944794, 1032907.9050897758, 890234.8128225846, 901334.8808979965]"
2025-05-25,affine_saa_mpc,affine_saa_mpc,37928.394113954746,"[906827.5259058783, 1051360.3358090664, 920846.3445305068, 1035324.0620454829, 893015.7072954788, 903822.2326922093]"
2025-05-26,affine_saa_mpc,affine_saa_mpc,38610.89797089194,"[910861.5768737633, 1051498.0619845462, 923898.2389272804, 1036084.3939259703, 897873.1110819996, 907605.0499835868]"
2025-05-27,affine_saa_mpc,affine_saa_mpc,37082.938293470346,"[909374.9724301695, 1054281.3584619458, 923636.9208740481, 1039107.0630597859, 896241.6015812674, 906824.5585284029]"
2025-05-28,affine_saa_mpc,affine_saa_mpc,39670.82102923075,"[912013.177003697, 1056791.219019954, 927982.6524054451, 1041843.2297823989, 899293.2293418732, 910167.4696250466]"
2025-05-29,affine_saa_mpc,affine_saa_mpc,39870.270653794025,"[919576.6862742259, 1062345.1330322498, 933706.2508190889, 1047563.7177192109, 906742.1713885642, 916961.3787459608]"
2025-05-30,affine_saa_mpc,affine_saa_mpc,13515.361979395824,"[915167.8967577445, 1060461.792024675, 928028.3268151039, 1043739.568798933, 902513.8251591964, 912026.2161540962]"
2025-05-31,affine_saa_mpc,affine_saa_mpc,13731.083033333256,"[913148.6457104882, 1057975.614835362, 924502.8819541509, 1040912.7106786129, 899710.7871663151, 908802.9417242586]"
2025-06-01,affine_saa_mpc,affine_saa_mpc,61442.87355633108,"[911522.7303635108, 1055183.651616552, 921486.7460382981, 1037966.0397357396, 897547.4019534031, 906219.0550432174]"
2025-06-02,affine_saa_mpc,affine_saa_mpc,58872.46430624734,"[931881.227554401, 1089028.0988402378, 948278.5310398263, 1072117.8691264687, 919253.2249118346, 928145.4738493602]"
2025-06-03,affine_saa_mpc,affine_saa_mpc,55537.12197318091,"[948075.2474173727, 1111702.3134912741, 970620.6978087632, 1099003.9117186682, 937511.6644999153, 946284.3346002905]"
2025-06-04,affine_saa_mpc,affine_saa_mpc,57889.80333893492,"[963481.7693537603, 1134133.305877174, 989606.350475784, 1120382.3665025274, 953185.0873117623, 962461.0838602928]"
2025-06-05,affine_saa_mpc,affine_saa_mpc,57704.389652933125,"[981110.8028555226, 1156089.028382034, 1011573.0494914169, 1143247.5001067398, 972043.6438916131, 981679.3316326888]"
2025-06-06,affine_saa_mpc,affine_saa_mpc,21735.82648119454,"[996272.0148135147, 1178422.090160142, 1032719.1502544876, 1165758.5301179595, 987686.4856011017, 998904.8592806725]"
2025-06-07,affine_saa_mpc,affine_saa_mpc,21663.772928283393,"[1004129.0730055019, 1198829.1540389098, 1043890.4507707552, 1184591.4207574632, 995693.7045455391, 1007907.7548392623]"
2025-06-08,affine_saa_mpc,affine_saa_mpc,53510.56795997444,"[1011987.3332729364, 1215978.4832330665, 1052441.7215292468, 1200804.5464241493, 1003076.2913083889, 1015566.6195839157]"
2025-06-09,affine_saa_mpc,affine_saa_mpc,60493.663612666736,"[1024828.4441883032, 1233714.383113246, 1066010.0942060289, 1218815.2606805225, 1015678.2174025441, 1028126.4057013605]"
2025-06-10,affine_saa_mpc,affine_saa_mpc,56961.422465234624,"[1047137.6364722749, 1256374.7588752676, 1087066.8648222554, 1242409.7484060777, 1037316.9254653258, 1049348.8354030945]"
2025-06-11,affine_saa_mpc,affine_saa_mpc,62937.70345704956,"[1063867.9349944408, 1277833.9472844067, 1103150.0956285237, 1264383.8444994935, 1053454.1403197646, 1065865.335116407]"
2025-06-12,affine_saa_mpc,affine_saa_mpc,60068.87798679288,"[1086479.550812661, 1307765.3583992282, 1126083.2509469155, 1296254.3192986255, 1076266.6029802635, 1088681.1604751442]"
2025-06-13,affine_saa_mpc,affine_saa_mpc,21707.226674888792,"[1105807.758288966, 1330129.608732147, 1145424.0509343534, 1319231.776527659, 1095637.9391891991, 1107852.6763302423]"
2025-06-14,affine_saa_mpc,affine_saa_mpc,22770.95386830467,"[1114681.2867313907, 1341255.219790108, 1153506.843894571, 1329731.3931048242, 1104143.8685167704, 1116285.8589973028]"
2025-06-15,affine_saa_mpc,affine_saa_mpc,57699.403968852486,"[1124369.2084127266, 1354364.8991647346, 1162436.6871646943, 1341610.8946655418, 1113295.5800776025, 1125325.2950730904]"
2025-06-16,affine_saa_mpc,affine_saa_mpc,59206.62655861603,"[1141119.9439077498, 1375914.8784565497, 1179981.6834674461, 1362738.899977882, 1129927.8616104075, 1142050.7284213402]"
2025-06-17,affine_saa_mpc,affine_saa_mpc,59922.83374788238,"[1162519.4565150086, 1405345.5228782706, 1201944.0740128558, 1391997.8868663826, 1151198.5112947063, 1163255.7333947232]"
2025-06-18,affine_saa_mpc,affine_saa_mpc,59538.725461605805,"[1184330.8432980657, 1429820.8797043168, 1224078.17559822, 1415020.0460736812, 1172862.1932191274, 1184783.2869863485]"
2025-06-19,affine_saa_mpc,affine_saa_mpc,56835.021461353565,"[1205811.3888013128, 1452751.881877964, 1246239.6409875338, 1438369.6876610636, 1194368.02399428, 1205902.1508789225]"
2025-06-20,affine_saa_mpc,affine_saa_mpc,20691.432645522356,"[1225426.9733444254, 1473156.137747358, 1266807.470247589, 1459974.4059804645, 1213831.2259982347, 1226024.0099678058]"
2025-06-21,affine_saa_mpc,affine_saa_mpc,20369.51753844709,"[1232896.1147015835, 1482107.1927427738, 1273858.260880458, 1469097.793239106, 1221099.2556325793, 1233236.3917130574]"
2025-06-22,affine_saa_mpc,affine_saa_mpc,53570.57666263793,"[1239830.2237611355, 1490168.536583969, 1280664.135302899, 1476831.3465686676, 1227969.9967183676, 1240082.2558988435]"
2025-06-23,affine_saa_mpc,affine_saa_mpc,54850.06320211947,"[1256012.7625763607, 1511640.005529208, 1297759.5370680506, 1497519.5729396949, 1243612.179267051, 1255953.3408448661]"
2025-06-24,affine_saa_mpc,affine_saa_mpc,63936.3233355828,"[1271734.096575462, 1528433.2952938504, 1312824.434283221, 1515317.541496228, 1259851.3444982786, 1271213.2438801993]"
2025-06-25,affine_saa_mpc,affine_saa_mpc,55547.30547643005,"[1298913.3398197796, 1559252.4306503981, 1338478.2296488965, 1546075.300359451, 1286704.729540391, 1297880.1554108022]"
2025-06-26,affine_saa_mpc,affine_saa_mpc,53000.14916556788,"[1315053.9382556053, 1579179.2370522784, 1355434.6523456525, 1566290.9472865262, 1302581.2139875903, 1313823.1446458814]"
2025-06-27,affine_saa_mpc,affine_saa_mpc,19176.848571297385,"[1328989.0227611493, 1592132.0947353141, 1368906.068297805, 1581257.54042608, 1315711.0924993642, 1326883.910159291]"
2025-06-28,affine_saa_mpc,affine_saa_mpc,19236.796793044447,"[1334715.878848316, 1604171.6831013837, 1374635.0268941617, 1592933.2057510407, 1321372.5790912658, 1332553.9765435872]"
2025-06-29,affine_saa_mpc,affine_saa_mpc,55877.355222112565,"[1340488.7350536888, 1612443.9091897404, 1380439.6784143301, 1601066.291637951, 1326878.292850977, 1338061.019263065]"
2025-06-30,affine_saa_mpc,affine_saa_mpc,55694.03758177388,"[1337329.7572031722, 1597735.958504451, 1367688.3167745373, 1585232.8215372504, 1321312.7745167583, 1331873.2804670688]"
2025-07-01,affine_saa_mpc,affine_saa_mpc,69062.56693781521,"[1336194.3132426804, 1589361.0798698044, 1358235.9535513115, 1576279.8264068717, 1318134.347792285, 1327940.02781995]"
2025-07-02,affine_saa_mpc,affine_saa_mpc,65653.27359050173,"[1351032.6954622825, 1606570.5001184444, 1373881.0326825432, 1593647.9445905457, 1331659.792756919, 1341246.7456940762]"
2025-07-03,affine_saa_mpc,affine_saa_mpc,71131.88910093528,"[1357788.9138658433, 1615041.414197192, 1385345.355658616, 1597559.565189845, 1339423.2630084855, 1347678.7845854545]"
2025-07-04,affine_saa_mpc,affine_saa_mpc,32906.88099061678,"[1370930.066051315, 1628869.6264696883, 1400549.1222901985, 1613414.0179058092, 1352850.7624564879, 1360746.9569584713]"
2025-07-05,affine_saa_mpc,affine_saa_mpc,29375.886454757216,"[1380424.7986330707, 1630347.9552319855, 1410189.189086009, 1617937.9937119258, 1364021.81696591, 1371406.0323346918]"
2025-07-06,affine_saa_mpc,affine_saa_mpc,72293.45674697336,"[1386797.8126125804, 1635964.4706311307, 1419844.1454131876, 1625383.6250970154, 1371733.9304923841, 1379932.6841210758]"
2025-07-07,affine_saa_mpc,affine_saa_mpc,60222.58838843103,"[1404737.085359628, 1659655.6260086696, 1441894.4487372776, 1648227.47206645, 1390516.819279383, 1399814.520102312]"
2025-07-08,affine_saa_mpc,affine_saa_mpc,69827.08954331407,"[1405608.610619056, 1664732.745362625, 1446727.5921793717, 1653330.4529863007, 1390245.7440551473, 1402336.8977302755]"
2025-07-09,affine_saa_mpc,affine_saa_mpc,68902.82602017367,"[1418417.8686545053, 1676473.58515567, 1459045.5738701522, 1664769.5307244526, 1403111.411133227, 1414840.9958790296]"
2025-07-10,affine_saa_mpc,affine_saa_mpc,66325.72568564983,"[1424476.7497276184, 1679404.5175017798, 1464667.0828086766, 1665388.742663885, 1409076.5336963506, 1420864.6509881343]"
2025-07-11,affine_saa_mpc,affine_saa_mpc,30872.830271615032,"[1430955.714824952, 1687443.5212203632, 1471618.3434125076, 1673170.102687592, 1415333.381395208, 1427079.6078526159]"
2025-07-12,affine_saa_mpc,affine_saa_mpc,29314.68444805353,"[1439875.4653513609, 1697093.4900149081, 1480805.0305636316, 1683316.6006439682, 1424498.9849919337, 1436245.211449342]"
2025-07-13,affine_saa_mpc,affine_saa_mpc,65715.60149899148,"[1445931.3577439468, 1702484.477890917, 1487506.355565393, 1689337.5681748686, 1431042.715571683, 1442825.6008999236]"
2025-07-14,affine_saa_mpc,affine_saa_mpc,64768.1268079664,"[1453921.6490651402, 1712314.929962817, 1495480.6084455992, 1700752.23613221, 1439058.9131018217, 1450538.8608873782]"
2025-07-15,affine_saa_mpc,affine_saa_mpc,66116.15842640304,"[1459576.5408807194, 1717904.8352080907, 1501104.7380086337, 1706422.417508119, 1444620.4133511723, 1456187.5152221725]"
2025-07-16,affine_saa_mpc,affine_saa_mpc,66298.8105829522,"[1465457.0593052635, 1726310.5827599277, 1507408.890275774, 1717849.1536276608, 1450813.738029693, 1462656.3450064112]"
2025-07-17,affine_saa_mpc,affine_saa_mpc,64781.32777628948,"[1472427.7228036164, 1734277.3105526904, 1513847.8604141888, 1725887.6451362832, 1457573.8231510394, 1469688.7821567624]"
2025-07-18,affine_saa_mpc,affine_saa_mpc,29582.39184263895,"[1480258.4855767887, 1749081.6670510578, 1521142.9196692249, 1739919.530356954, 1465520.1294659753, 1477111.7593090185]"
2025-07-19,affine_saa_mpc,affine_saa_mpc,29837.637467808792,"[1489202.5002357138, 1762592.0724341376, 1530649.9740409951, 1752718.1957659498, 1474411.0886630917, 1486002.834982692]"
2025-07-20,affine_saa_mpc,affine_saa_mpc,66132.8263237525,"[1498604.273571378, 1772456.5422215827, 1540198.1716955798, 1762903.7913963022, 1483879.2085924535, 1495662.4526748606]"
2025-07-21,affine_saa_mpc,affine_saa_mpc,69096.22211468277,"[1511191.3748018343, 1784870.0546597675, 1551667.1691537849, 1774920.4045688824, 1496441.458253568, 1508165.8422387254]"
2025-07-22,affine_saa_mpc,affine_saa_mpc,66990.53837990436,"[1526162.4005362524, 1797267.610548239, 1566115.2338921109, 1786884.0486059221, 1510687.6171661313, 1522646.3500956283]"
2025-07-23,affine_saa_mpc,affine_saa_mpc,70076.12563781426,"[1529274.2023135333, 1801632.3737774242, 1568867.508261771, 1792656.2269103983, 1513741.8322104528, 1525507.7858033127]"
2025-07-24,affine_saa_mpc,affine_saa_mpc,70465.0319618583,"[1543509.871274494, 1814180.628085871, 1582776.4524773902, 1809382.6160820844, 1528270.652371837, 1540053.718987652]"
2025-07-25,affine_saa_mpc,affine_saa_mpc,27843.885268187587,"[1560742.5834091126, 1829787.1986144066, 1599831.8365142213, 1823587.8392516966, 1545735.5351681274, 1557225.9087586503]"
2025-07-26,affine_saa_mpc,affine_saa_mpc,29013.32563663149,"[1569412.8443775084, 1830858.6810125, 1608426.0897715872, 1825322.5752586161, 1554402.5718650178, 1565903.7785688702]"
2025-07-27,affine_saa_mpc,affine_saa_mpc,65740.91744609625,"[1579194.582239601, 1839318.90813257, 1618124.8269291765, 1834359.0359382383, 1564179.1007086048, 1575679.4112070238]"
2025-07-28,affine_saa_mpc,affine_saa_mpc,68546.6359561662,"[1588494.5176300618, 1849528.5402695308, 1627517.3780754167, 1844704.2727595498, 1574042.6629325885, 1585144.460871192]"
2025-07-29,affine_saa_mpc,affine_saa_mpc,67082.65576794393,"[1601689.5154512443, 1863838.5633032017, 1640476.3336373547, 1857184.303426714, 1586895.261306981, 1597982.5692121692]"
2025-07-30,affine_saa_mpc,affine_saa_mpc,63943.836994784164,"[1600347.9343158556, 1855038.810620421, 1631593.1308184888, 1848461.032673344, 1584915.3501371096, 1594729.814292843]"
2025-07-31,affine_saa_mpc,affine_saa_mpc,62591.38485293287,"[1602267.6767531403, 1852129.466709439, 1623427.779826832, 1848632.5095085115, 1583205.913541392, 1593416.0647901364]"
2025-08-01,affine_saa_mpc,affine_saa_mpc,25557.895150305067,"[1595704.5942535035, 1847885.7264980813, 1608367.2954688256, 1841277.906024367, 1574665.4092933894, 1583728.3894978839]"
2025-08-02,affine_saa_mpc,affine_saa_mpc,25428.799995959842,"[1590912.642756681, 1840308.77580999, 1599448.7834868904, 1830988.6465085978, 1567316.4234530777, 1575846.0802650999]"
2025-08-03,affine_saa_mpc,affine_saa_mpc,52648.663378652185,"[1588727.9328642525, 1832677.7953641927, 1592802.5575146384, 1821378.2998117013, 1563369.33699428, 1570830.9909391901]"
2025-08-04,affine_saa_mpc,affine_saa_mpc,55356.33545800183,"[1571051.4647240485, 1807687.6234424636, 1570160.618219347, 1796870.7582548303, 1543724.543625959, 1550574.5390403871]"
2025-08-05,affine_saa_mpc,affine_saa_mpc,54184.00123721097,"[1565231.234858373, 1803730.7856062304, 1561312.2359330447, 1792710.5296070245, 1538858.29069553, 1542900.5935599583]"
2025-08-06,affine_saa_mpc,affine_saa_mpc,59120.7541022981,"[1550582.436055715, 1787471.637248666, 1546159.7472860646, 1774144.6010020596, 1523215.202389427, 1527641.3644475196]"
2025-08-07,affine_saa_mpc,affine_saa_mpc,56216.13505223664,"[1541604.7650607838, 1777828.4818042938, 1537269.8128316542, 1763856.9538834286, 1513433.1304715513, 1518527.8674395336]"
2025-08-08,affine_saa_mpc,affine_saa_mpc,23474.649198803396,"[1532755.6006093828, 1761309.0034678595, 1527686.6784978916, 1746291.9510042272, 1503323.5398381385, 1508610.980231674]"
2025-08-09,affine_saa_mpc,affine_saa_mpc,23522.89531622825,"[1525847.9403160238, 1751782.1206613646, 1520449.0755401577, 1735811.4072236512, 1495925.3587653267, 1501289.8080331706]"
2025-08-10,affine_saa_mpc,affine_saa_mpc,55705.97521777547,"[1520645.1976468833, 1742717.6127230227, 1515342.760510998, 1726277.4702601405, 1490133.5696335013, 1495722.3429029344]"
2025-08-11,affine_saa_mpc,affine_saa_mpc,54390.949444241414,"[1511415.9280347389, 1730695.457723136, 1504674.4291695075, 1711343.4266958262, 1480123.9433522853, 1486000.0798318838]"
2025-08-12,affine_saa_mpc,affine_saa_mpc,57190.54118439821,"[1501710.99835487, 1718965.3856114561, 1494989.7435185532, 1699163.7860126754, 1469746.7659885602, 1476383.321750554]"
2025-08-13,affine_saa_mpc,affine_saa_mpc,52900.28718014052,"[1493304.3276745256, 1708312.7852847218, 1486203.2162178874, 1685613.0877007865, 1460821.1487465552, 1467743.4165679545]"
2025-08-14,affine_saa_mpc,affine_saa_mpc,55198.20607454068,"[1480807.1556622712, 1693673.5499810085, 1473824.4128251474, 1669113.3537406502, 1447422.6253437435, 1454907.9292397674]"
2025-08-15,affine_saa_mpc,affine_saa_mpc,23562.03469805487,"[1472729.325182889, 1679866.3273340529, 1465195.3549446692, 1655054.3585582778, 1437839.503641995, 1446278.9080530591]"
2025-08-16,affine_saa_mpc,affine_saa_mpc,24297.019203949174,"[1467124.7354941284, 1671649.653432257, 1459465.3100477182, 1647248.537215178, 1431819.146497411, 1440680.7316970422]"
2025-08-17,affine_saa_mpc,affine_saa_mpc,54699.013204790135,"[1461906.3260185393, 1666977.6780582156, 1454595.03405609, 1642537.7483345096, 1426278.5282335514, 1435543.7018119995]"
2025-08-18,affine_saa_mpc,affine_saa_mpc,54862.9850115943,"[1451363.4117517332, 1651498.5065893624, 1443677.4593748741, 1627556.4552327662, 1414844.715114589, 1424596.4503225076]"
2025-08-19,affine_saa_mpc,affine_saa_mpc,54390.819811840614,"[1438113.4029646986, 1639771.9023407367, 1429634.4123758753, 1613441.985551305, 1400611.4780115006, 1410577.9157847397]"
2025-08-20,affine_saa_mpc,affine_saa_mpc,58666.740123148,"[1426611.357975051, 1622682.4844812339, 1417654.674678828, 1593501.6614993261, 1388011.7594434367, 1398388.2363370762]"
2025-08-21,affine_saa_mpc,affine_saa_mpc,55193.44747932757,"[1416711.5704689007, 1616461.8165917452, 1407277.756923552, 1583695.9821064333, 1376602.3739287704, 1387897.8983368468]"
2025-08-22,affine_saa_mpc,affine_saa_mpc,23750.28759905557,"[1401811.6216044251, 1599934.3658022457, 1392497.8702525645, 1565240.78186781, 1361330.7894462398, 1372830.4796356326]"
2025-08-23,affine_saa_mpc,affine_saa_mpc,23372.39122086257,"[1398076.713931903, 1598081.3713470423, 1390200.82151403, 1563484.735626239, 1357237.1917771078, 1369321.396511484]"
2025-08-24,affine_saa_mpc,affine_saa_mpc,54988.71829664401,"[1392690.304618691, 1591820.2183301665, 1384881.1158546133, 1556712.1433518743, 1351596.257361339, 1363700.9585612088]"
2025-08-25,affine_saa_mpc,affine_saa_mpc,63627.660652406405,"[1382374.6518088286, 1575019.8867382803, 1374246.267197757, 1539279.3527965436, 1340844.0582118866, 1352987.628274287]"
2025-08-26,affine_saa_mpc,affine_saa_mpc,54774.41039876042,"[1378015.7320475709, 1566028.8698316398, 1368976.381942006, 1531135.3030028606, 1335925.0829081268, 1348198.6146885192]"
2025-08-27,affine_saa_mpc,affine_saa_mpc,57523.307698033146,"[1366000.3852364281, 1547496.9630274137, 1356087.2179058508, 1511731.7453169234, 1323616.8375389432, 1335818.2677510064]"
2025-08-28,affine_saa_mpc,affine_saa_mpc,57106.84858242954,"[1358778.6272858498, 1534828.4155907072, 1347432.2758452867, 1498682.5105609247, 1317196.3082421923, 1329379.7708516554]"
2025-08-29,affine_saa_mpc,affine_saa_mpc,25195.895406081872,"[1353890.0158271075, 1524133.1775750543, 1342721.4204601315, 1485692.3316386468, 1311711.7719716888, 1324637.11364061]"
2025-08-30,affine_saa_mpc,affine_saa_mpc,24582.000161992364,"[1353330.2132543782, 1521728.108852532, 1342096.0165371145, 1483443.1056657808, 1311349.7722274656, 1324294.3007599944]"
2025-08-31,affine_saa_mpc,affine_saa_mpc,53985.60412602751,"[1351899.1146643185, 1519446.622711289, 1341150.0782826524, 1481188.2618399747, 1310502.972393498, 1323575.3072402668]"
2025-09-01,affine_saa_mpc,affine_saa_mpc,51026.19151615195,"[1352647.6479597574, 1524638.975950099, 1343228.0100622042, 1485706.762547255, 1311839.9131408737, 1325084.93504156]"
2025-09-02,affine_saa_mpc,affine_saa_mpc,45904.96258112771,"[1348752.9611013571, 1511506.3104544554, 1338131.2861101704, 1470717.9231810768, 1307509.7691990237, 1320669.7669624542]"
2025-09-03,affine_saa_mpc,affine_saa_mpc,48565.476752062954,"[1339663.545166475, 1505150.932788998, 1328898.2725843436, 1464434.5997367834, 1299230.7305429403, 1311903.969902738]"
2025-09-04,affine_saa_mpc,affine_saa_mpc,47498.77519725841,"[1329512.8858207797, 1490953.8153823416, 1317544.2827990085, 1451084.534171001, 1288675.4531927053, 1300640.5825810095]"
2025-09-05,affine_saa_mpc,affine_saa_mpc,18844.594488585815,"[1320243.0828675297, 1483118.585857736, 1307256.1780923363, 1443527.3938121898, 1279958.093337727, 1291673.6267136692]"
2025-09-06,affine_saa_mpc,affine_saa_mpc,19625.95603725659,"[1315594.9872378134, 1478938.8263837148, 1302567.6457046086, 1439406.389894862, 1275328.0386275095, 1286977.5614276854]"
2025-09-07,affine_saa_mpc,affine_saa_mpc,45264.50646319154,"[1311566.1920356115, 1474971.5585131585, 1297871.5021669331, 1435312.1625141304, 1271431.0993485379, 1282819.6392762922]"
2025-09-08,affine_saa_mpc,affine_saa_mpc,43337.46516726771,"[1301339.4418109462, 1462700.4960910904, 1287528.4279815159, 1422428.8974440305, 1260989.630593954, 1272073.505774559]"
2025-09-09,affine_saa_mpc,affine_saa_mpc,40208.944949561774,"[1290331.326352019, 1455016.3466621034, 1276876.370149245, 1413448.01770167, 1249936.1463169802, 1260495.5542649128]"
2025-09-10,affine_saa_mpc,affine_saa_mpc,44987.18003726435,"[1272751.6653555012, 1437535.9896924114, 1260431.0805139067, 1395693.2666710708, 1232954.5500821436, 1243575.6297003855]"
2025-09-11,affine_saa_mpc,affine_saa_mpc,41799.96970725983,"[1264316.6000308157, 1435739.9109516172, 1252005.512609767, 1392103.8098934463, 1225041.4429392673, 1235840.6862928942]"
2025-09-12,affine_saa_mpc,affine_saa_mpc,15591.610108095909,"[1249636.7264283483, 1422895.2436325664, 1239239.639108033, 1379615.2809125253, 1211643.2065719867, 1222494.3050961455]"
2025-09-13,affine_saa_mpc,affine_saa_mpc,15494.340528342878,"[1241177.3102859806, 1412538.292120828, 1230833.0551944955, 1370007.2675506526, 1203672.7819820277, 1214382.7113755203]"
2025-09-14,affine_saa_mpc,affine_saa_mpc,45738.77557066781,"[1231993.7430413533, 1406262.206227413, 1222185.8623762147, 1364059.0071444386, 1194870.1033064213, 1205208.7101177257]"
2025-09-15,affine_saa_mpc,affine_saa_mpc,42767.32914775767,"[1221932.1286905834, 1404139.2419783734, 1214282.0436074655, 1361590.6333688875, 1185909.8656722992, 1196806.7525277524]"
2025-09-16,affine_saa_mpc,affine_saa_mpc,46296.12160192109,"[1206996.495747224, 1389124.3062436855, 1203064.1360436457, 1350052.4767815408, 1173814.2098084625, 1186106.250868491]"
2025-09-17,affine_saa_mpc,affine_saa_mpc,44751.1244873759,"[1197985.4102538477, 1382538.8728531648, 1195578.1085278583, 1346032.8201165195, 1165719.5115985428, 1178273.804915361]"
2025-09-18,affine_saa_mpc,affine_saa_mpc,43241.41916204879,"[1182579.2363104, 1366194.2336630535, 1180867.7701936562, 1331727.8914250962, 1151803.8959627708, 1164054.9341425945]"
2025-09-19,affine_saa_mpc,affine_saa_mpc,15908.773682761857,"[1170633.4196959229, 1358552.5215314426, 1169845.9381812108, 1326280.4008255536, 1139851.8676454918, 1152999.9380439764]"
2025-09-20,affine_saa_mpc,affine_saa_mpc,15761.490704491256,"[1162441.3085627616, 1350928.16759927, 1160567.7169871395, 1318234.0789848226, 1132010.3537291982, 1144801.281765229]"
2025-09-21,affine_saa_mpc,affine_saa_mpc,45170.6890708611,"[1154359.6032415302, 1345957.6509040392, 1153628.7712941142, 1313691.5964294912, 1124399.453212827, 1137568.261592409]"
2025-09-22,affine_saa_mpc,affine_saa_mpc,47329.32691426249,"[1144383.9412553166, 1337016.9674342128, 1143958.52075982, 1305139.6940612467, 1114581.4239870443, 1127898.8262014093]"
2025-09-23,affine_saa_mpc,affine_saa_mpc,47221.197540987836,"[1126961.505122393, 1325364.5112746623, 1129564.0552656054, 1294399.5899904731, 1098283.0902489002, 1112460.4585326118]"
2025-09-24,affine_saa_mpc,affine_saa_mpc,44761.77424957929,"[1118976.4794749962, 1321936.205565651, 1122241.576572188, 1291983.1123441404, 1090729.8773911276, 1105381.964442726]"
2025-09-25,affine_saa_mpc,affine_saa_mpc,45876.44655108386,"[1105170.1958779306, 1311934.6455622104, 1111092.601695265, 1283413.7361541274, 1077968.3439426739, 1093388.3102024314]"
2025-09-26,affine_saa_mpc,affine_saa_mpc,15622.988785464724,"[1092572.40857895, 1299562.3849230653, 1099131.618855721, 1273534.2398275267, 1066737.9419113281, 1081521.4990732353]"
2025-09-27,affine_saa_mpc,affine_saa_mpc,16670.500296798644,"[1082896.2464151594, 1291301.8750566791, 1089973.6708413344, 1266426.3083707343, 1057165.035290711, 1072352.6017545192]"
2025-09-28,affine_saa_mpc,affine_saa_mpc,47518.61263273943,"[1074702.403333736, 1284217.8184113556, 1083243.0906712476, 1261212.0221202292, 1049253.5354255172, 1065219.6111976614]"
2025-09-29,affine_saa_mpc,affine_saa_mpc,47729.47811750975,"[1068000.1618484952, 1276266.6239001597, 1075500.5235858154, 1254388.2498580823, 1042786.5439322293, 1058181.175783859]"
2025-09-30,affine_saa_mpc,affine_saa_mpc,49844.30924693504,"[1063824.4865866906, 1282553.0610582952, 1073675.3940359356, 1259804.6283057444, 1039489.8305335871, 1055908.9147105608]"
2025-10-01,affine_saa_mpc,affine_saa_mpc,41959.543434461,"[1067204.278258092, 1286323.8282070651, 1078451.5117186867, 1265205.035737033, 1043429.1771993943, 1060534.7826298675]"
2025-10-02,affine_saa_mpc,affine_saa_mpc,44325.375883548615,"[1059730.2575417361, 1279004.2658973194, 1071711.0117806604, 1260887.1737402352, 1036823.2438817924, 1053981.8532615674]"
2025-10-03,affine_saa_mpc,affine_saa_mpc,14057.656185588285,"[1056143.6145002996, 1272857.9527953083, 1068711.5064197371, 1254819.9577245133, 1033649.8445680825, 1050899.9487673556]"
2025-10-04,affine_saa_mpc,affine_saa_mpc,15825.889212930688,"[1051085.89329002, 1268676.1578682722, 1063912.458091873, 1251131.4294177217, 1028862.9062650851, 1046177.2313195]"
2025-10-05,affine_saa_mpc,affine_saa_mpc,44224.730605735094,"[1047331.3350897644, 1266464.511463406, 1060164.5644490453, 1249620.4318513658, 1025062.8394407592, 1042380.7919225119]"
2025-10-06,affine_saa_mpc,affine_saa_mpc,42996.15734714462,"[1045552.9739263435, 1264606.7518784648, 1059057.429774021, 1248686.0603096813, 1024023.0635833029, 1041396.3264900368]"
2025-10-07,affine_saa_mpc,affine_saa_mpc,43777.5916256913,"[1044696.0175462472, 1257066.2167483005, 1057400.9351468144, 1241970.738282525, 1023681.7557631796, 1040982.6248376453]"
2025-10-08,affine_saa_mpc,affine_saa_mpc,39559.6346021747,"[1048932.2365165052, 1258064.3220654763, 1059567.7984377218, 1244352.8376682312, 1027250.4024393092, 1043872.4720431576]"
2025-10-09,affine_saa_mpc,affine_saa_mpc,42566.20308640135,"[1042724.2362126469, 1246440.3850424155, 1054933.3559423, 1235663.2316617162, 1021822.8570042194, 1038394.4687623859]"
2025-10-10,affine_saa_mpc,affine_saa_mpc,13634.108380071631,"[1043216.1448320225, 1246063.9911612414, 1054384.1763229659, 1235505.711149786, 1022589.0903833611, 1038921.8466924056]"
2025-10-11,affine_saa_mpc,affine_saa_mpc,13805.767466672669,"[1041145.2388477707, 1245486.4336404144, 1052818.7314245426, 1234616.5463710418, 1020631.5886553368, 1036908.9533987284]"
2025-10-12,affine_saa_mpc,affine_saa_mpc,41499.25580576767,"[1039566.4713825915, 1240996.3654500695, 1050940.2287679524, 1230660.1270749855, 1018943.0155936666, 1035489.8665976694]"
2025-10-13,affine_saa_mpc,affine_saa_mpc,41777.35939198034,"[1035669.0971843239, 1236287.888264954, 1046401.5868729507, 1226243.2972048153, 1014703.4958287664, 1030875.9479890615]"
2025-10-14,affine_saa_mpc,affine_saa_mpc,44299.71513748646,"[1035816.2886421129, 1236853.127781685, 1045533.8415006719, 1225860.9019329255, 1013713.5260729891, 1029059.0252249043]"
2025-10-15,affine_saa_mpc,affine_saa_mpc,45386.487671543466,"[1033091.6329411769, 1235478.2481444667, 1043696.3542699115, 1223700.9346334948, 1011717.1196085545, 1027403.6695128689]"
2025-10-16,affine_saa_mpc,affine_saa_mpc,45785.30991410912,"[1033332.4120165983, 1234234.37852295, 1043658.175823054, 1221190.525013331, 1012352.4827927222, 1027634.4073088793]"
2025-10-17,affine_saa_mpc,affine_saa_mpc,14334.192298465045,"[1034904.3471345155, 1235949.7507955905, 1045185.1338008097, 1224003.6433997424, 1014896.3735447824, 1029841.4282619982]"
2025-10-18,affine_saa_mpc,affine_saa_mpc,14206.845875438998,"[1032848.8411264648, 1232975.3998930124, 1043582.5571382729, 1221372.9618830716, 1013321.7921604855, 1028756.6380123164]"
2025-10-19,affine_saa_mpc,affine_saa_mpc,46773.82078681761,"[1031452.0380341376, 1230646.2849937577, 1041417.9413180562, 1218956.6645625625, 1011767.1473314333, 1027119.7315059153]"
2025-10-20,affine_saa_mpc,affine_saa_mpc,48583.6107803197,"[1032559.2853783319, 1233098.3885573267, 1042968.4582275824, 1221057.0272154878, 1013370.2790473897, 1029145.4880871071]"
2025-10-21,affine_saa_mpc,affine_saa_mpc,48923.4973105095,"[1033876.7050748628, 1229129.3818128924, 1042288.3371086776, 1216267.2178967588, 1014624.5629134469, 1029476.6145307624]"
2025-10-22,affine_saa_mpc,affine_saa_mpc,47599.16654950054,"[1035203.6584052886, 1229170.066366981, 1043944.7828658294, 1217444.0158152194, 1016326.8626829686, 1031168.4355848095]"
2025-10-23,affine_saa_mpc,affine_saa_mpc,49646.27629024,"[1037882.3471741293, 1230899.036737446, 1045644.8151457901, 1219888.105157836, 1019164.2549828899, 1033375.4291549125]"
2025-10-24,affine_saa_mpc,affine_saa_mpc,14297.294372717637,"[1041957.9853075536, 1231990.7698342057, 1049223.830054693, 1221567.809285056, 1022934.084722046, 1037131.7421161724]"
2025-10-25,affine_saa_mpc,affine_saa_mpc,14347.150128197221,"[1040274.3080823033, 1230758.2895122273, 1048161.6463555072, 1219912.3165451856, 1021608.3903092989, 1035887.9111150338]"
2025-10-26,affine_saa_mpc,affine_saa_mpc,48141.89811490507,"[1038067.409196192, 1227615.7974371084, 1045025.3730493328, 1215827.472244496, 1019285.0401406975, 1033351.5868952405]"
2025-10-27,affine_saa_mpc,affine_saa_mpc,47356.12506708826,"[1037994.2811226378, 1222134.3703329894, 1045254.5148890379, 1210660.737727583, 1019908.3256228631, 1033875.2309693157]"
2025-10-28,affine_saa_mpc,affine_saa_mpc,47682.05107197528,"[1037963.9571954467, 1215341.717144245, 1042781.1215771339, 1207616.4072219706, 1019534.9725724418, 1032827.7804720893]"
2025-10-29,affine_saa_mpc,affine_saa_mpc,51358.36420429054,"[1035988.9314877539, 1211320.6037232026, 1040607.4117803163, 1203923.3109572842, 1017372.714397482, 1030590.3531854452]"
2025-10-30,affine_saa_mpc,affine_saa_mpc,47353.703354008845,"[1045136.8649347827, 1223311.4184728442, 1050508.7760519003, 1213776.1194468867, 1026771.5351673114, 1040194.8747467693]"
2025-10-31,affine_saa_mpc,affine_saa_mpc,15498.18854979958,"[1047935.6528266225, 1228362.1207088912, 1053942.5224583347, 1220337.5832523552, 1029799.8626377718, 1043612.6245779712]"
2025-11-01,affine_saa_mpc,affine_saa_mpc,14808.32368083431,"[1049239.3955764987, 1228954.7467249238, 1055280.239367954, 1221496.0506470338, 1031240.395001983, 1045017.7480417212]"
2025-11-02,affine_saa_mpc,affine_saa_mpc,51236.327555308795,"[1047854.3515990664, 1228633.3100994118, 1054446.0065598902, 1221023.3304541647, 1030222.8294698865, 1044023.9611950729]"
2025-11-03,affine_saa_mpc,affine_saa_mpc,53410.299594822245,"[1054901.1156893324, 1236175.3804068705, 1062579.344308333, 1230282.6283068468, 1037234.4264194602, 1051972.48846859]"
2025-11-04,affine_saa_mpc,affine_saa_mpc,49768.79088393862,"[1065204.4067316642, 1244195.654741145, 1072727.900633725, 1239285.5572851081, 1047648.5686671379, 1062367.5482718227]"
2025-11-05,affine_saa_mpc,affine_saa_mpc,54297.05344185955,"[1070516.1430263543, 1249309.5998981094, 1078890.4438290584, 1245281.7187023978, 1053639.7679253852, 1068861.9191546899]"
2025-11-06,affine_saa_mpc,affine_saa_mpc,53359.81115265349,"[1085552.200851341, 1260419.2500807166, 1092350.049862416, 1256973.7073939715, 1068377.18676507, 1083104.776785715]"
2025-11-07,affine_saa_mpc,affine_saa_mpc,15237.767631175055,"[1096370.303939577, 1268415.6059283647, 1103692.1514602094, 1264797.5806567464, 1079170.7948313223, 1093600.2517512257]"
2025-11-08,affine_saa_mpc,affine_saa_mpc,15672.41937904915,"[1098112.4797229122, 1268131.3608217228, 1104807.2804715526, 1263957.8377999952, 1080774.4540824255, 1095041.5007605762]"
2025-11-09,affine_saa_mpc,affine_saa_mpc,53913.06492774434,"[1100188.4828965352, 1268760.5306768809, 1106054.1630213624, 1263162.5697539132, 1082641.1059948022, 1096440.2786067438]"
2025-11-10,affine_saa_mpc,affine_saa_mpc,56926.286816812215,"[1112283.96510449, 1274967.2554419027, 1117263.196967511, 1270614.3805587322, 1095054.9151167788, 1108166.8804990656]"
2025-11-11,affine_saa_mpc,affine_saa_mpc,55119.36312022655,"[1127886.1138613438, 1287607.986265246, 1131201.889879349, 1282387.3570194556, 1110203.8425416106, 1122711.651092708]"
2025-11-12,affine_saa_mpc,affine_saa_mpc,54431.8891130551,"[1139332.9420514782, 1293361.9876414284, 1140615.3243268623, 1287712.1216851065, 1121023.4905243507, 1132815.0372650542]"
2025-11-13,affine_saa_mpc,affine_saa_mpc,54837.72648509931,"[1148805.446505384, 1300049.0292023416, 1149640.153018185, 1293493.7343186303, 1130068.8919658624, 1141603.4275691248]"
2025-11-14,affine_saa_mpc,affine_saa_mpc,15709.41611238657,"[1157934.9506011584, 1307319.491132019, 1160245.8111616708, 1300362.1902709657, 1139121.3085368527, 1150870.2652265478]"
2025-11-15,affine_saa_mpc,affine_saa_mpc,16889.99920489466,"[1159712.4447771749, 1309311.3904593245, 1161146.2564738593, 1301980.1453504243, 1140496.5323507744, 1151527.4119924197]"
2025-11-16,affine_saa_mpc,affine_saa_mpc,56428.2274707818,"[1162806.253094116, 1311234.6009664794, 1163767.8536072697, 1302707.981136769, 1143179.68568023, 1153930.9774136315]"
2025-11-17,affine_saa_mpc,affine_saa_mpc,55786.816148284204,"[1172980.9240703008, 1319524.1002275432, 1173588.9788948933, 1312095.142791524, 1152834.0923641943, 1163421.7071368406]"
2025-11-18,affine_saa_mpc,affine_saa_mpc,56516.48017521016,"[1180883.6185370474, 1328590.35308947, 1181661.0248344433, 1321308.4159627862, 1160037.2977321583, 1170890.0460382947]"
2025-11-19,affine_saa_mpc,affine_saa_mpc,59380.89419618184,"[1188208.9909315368, 1335935.9903062594, 1189145.7976905322, 1327804.0949862502, 1167630.280596859, 1178722.9243470985]"
2025-11-20,affine_saa_mpc,affine_saa_mpc,55403.409252504236,"[1200374.2416878582, 1347774.7105366287, 1201512.5410702738, 1339430.2592869203, 1179412.0082435403, 1190947.5434418544]"
2025-11-21,affine_saa_mpc,affine_saa_mpc,16360.699352821888,"[1206583.5196309902, 1353636.3697207186, 1207738.5542792531, 1343715.200167449, 1185169.1412058044, 1197152.9702376386]"
2025-11-22,affine_saa_mpc,affine_saa_mpc,17598.93047931732,"[1208920.3993646668, 1355003.504950105, 1209529.8410461638, 1344406.3953456914, 1187232.5461859088, 1198971.3711755606]"
2025-11-23,affine_saa_mpc,affine_saa_mpc,58130.23815724715,"[1212462.2724003403, 1358203.4634625483, 1212150.0114575464, 1346703.992785562, 1190484.326537029, 1201580.8469009618]"
2025-11-24,affine_saa_mpc,affine_saa_mpc,55080.240262237494,"[1222691.2782523595, 1368008.2838971843, 1222068.3684468172, 1354978.3838827296, 1200472.6665793713, 1211994.1880107636]"
2025-11-25,affine_saa_mpc,affine_saa_mpc,61096.38191226351,"[1230227.286723699, 1375102.5598205174, 1231507.760593675, 1361589.076743402, 1208196.78177452, 1220546.1581634209]"
2025-11-26,affine_saa_mpc,affine_saa_mpc,60363.22881293913,"[1243923.886925413, 1385102.574042756, 1244917.2152639993, 1371108.3309891182, 1221611.1126148086, 1233757.0372666277]"
2025-11-27,affine_saa_mpc,affine_saa_mpc,58811.85898349904,"[1252960.080347706, 1392494.280924373, 1254122.4705787688, 1378871.4553385866, 1230615.9772234568, 1242760.9450286578]"
2025-11-28,affine_saa_mpc,affine_saa_mpc,16249.337747895293,"[1264447.0954038617, 1405846.7348434431, 1265698.5407456935, 1390978.6126243572, 1242074.1328529473, 1254003.345198611]"
2025-11-29,affine_saa_mpc,affine_saa_mpc,19452.919327523057,"[1265452.7390760444, 1407398.0519309535, 1266889.5115395517, 1391631.4195692833, 1242825.282051043, 1255045.9019162022]"
2025-11-30,affine_saa_mpc,affine_saa_mpc,61154.424138357615,"[1270687.7725874288, 1411197.1235534532, 1271489.7618976193, 1394537.529312729, 1247469.8776977316, 1259684.1839816005]"
2025-12-01,affine_saa_mpc,affine_saa_mpc,83297.78896053898,"[1281595.4825563098, 1424692.816369047, 1281364.8846701446, 1406799.774884042, 1257387.9742807806, 1269174.9657838321]"
2025-12-02,affine_saa_mpc,affine_saa_mpc,80192.48810754836,"[1312814.8853198804, 1461837.6425485834, 1316817.1599501166, 1443794.8072226336, 1287275.4636464976, 1299895.271374134]"
2025-12-03,affine_saa_mpc,affine_saa_mpc,77148.3447259001,"[1342367.2353400574, 1492911.5975268874, 1348543.8718979731, 1474089.2333257422, 1317699.1608701071, 1330284.3975742753]"
2025-12-04,affine_saa_mpc,affine_saa_mpc,76903.52258378398,"[1362513.1426786098, 1518993.035439337, 1372369.5497612713, 1501257.3462220258, 1340550.4521541477, 1352837.9305163766]"
2025-12-05,affine_saa_mpc,affine_saa_mpc,22715.182182207773,"[1384958.5753985099, 1549753.2291845195, 1397350.403065914, 1531663.6838337285, 1364094.1635852782, 1376602.2566558493]"
2025-12-06,affine_saa_mpc,affine_saa_mpc,24833.291768730247,"[1391845.0701552604, 1560128.9069392642, 1406237.6712478139, 1542161.4469178189, 1371571.578136311, 1384595.5358463225]"
2025-12-07,affine_saa_mpc,affine_saa_mpc,73405.01528118951,"[1400307.1558485748, 1575279.3063099312, 1416740.2066885803, 1556455.540406102, 1380732.4505259919, 1394082.7247547589]"
2025-12-08,affine_saa_mpc,affine_saa_mpc,77019.19170715105,"[1419535.478393618, 1596760.7167180353, 1437914.2137082866, 1579531.3657053052, 1400224.4008794369, 1414657.7062083744]"
2025-12-09,affine_saa_mpc,affine_saa_mpc,74864.93871848693,"[1439363.4403921517, 1614823.878659136, 1457402.0179356846, 1597918.272761511, 1420317.3057697758, 1434484.495443459]"
2025-12-10,affine_saa_mpc,affine_saa_mpc,74048.80687587243,"[1459191.5973113931, 1637170.201738021, 1477449.1292166843, 1619524.6705613176, 1440062.881368036, 1454225.7204689938]"
2025-12-11,affine_saa_mpc,affine_saa_mpc,73525.04875505652,"[1479017.1400224052, 1658455.2594099038, 1497729.3306611478, 1641223.6519662407, 1459679.7991308533, 1474162.1721924061]"
2025-12-12,affine_saa_mpc,affine_saa_mpc,25318.076690794747,"[1498091.5101943985, 1675828.09474717, 1514489.6059318085, 1656962.640098223, 1478367.1214008105, 1491919.2676842823]"
2025-12-13,affine_saa_mpc,affine_saa_mpc,25762.92702306465,"[1507843.8050511319, 1686703.6288110577, 1524443.3738563976, 1667172.498036432, 1487975.781979219, 1501582.3398338335]"
2025-12-14,affine_saa_mpc,affine_saa_mpc,74428.48819923293,"[1516827.407046292, 1694960.2285450138, 1533276.6112644635, 1676097.9408208965, 1496848.7097973886, 1510590.2074494818]"
2025-12-15,affine_saa_mpc,affine_saa_mpc,74814.16862769678,"[1534878.7018406754, 1716652.4230741446, 1551728.1957158078, 1698350.5503565734, 1514848.9705258398, 1528427.9867697593]"
2025-12-16,affine_saa_mpc,affine_saa_mpc,76195.11807894809,"[1553446.3008371913, 1735976.7603247012, 1569941.25075298, 1718182.9882673793, 1533876.3230052525, 1547264.4029809474]"
2025-12-17,affine_saa_mpc,affine_saa_mpc,75137.31799053898,"[1573755.345460061, 1752042.8310676732, 1589698.934094914, 1735940.901991968, 1553554.9609089904, 1566345.178337636]"
2025-12-18,affine_saa_mpc,affine_saa_mpc,72685.67275336405,"[1589800.1715180655, 1766473.707704702, 1605611.6444770773, 1751458.0964682843, 1569311.3847033477, 1582121.7000833887]"
2025-12-19,affine_saa_mpc,affine_saa_mpc,24051.35416320307,"[1606766.8291763314, 1784249.1913749655, 1622156.656484169, 1769446.089554266, 1586593.6482042077, 1598827.2606780406]"
2025-12-20,affine_saa_mpc,affine_saa_mpc,24492.75223675758,"[1614475.8105530043, 1793737.5805328111, 1629916.392010686, 1779395.9590504502, 1594284.3030145888, 1606371.527881821]"
2025-12-21,affine_saa_mpc,affine_saa_mpc,75509.48175364977,"[1621388.8274925116, 1802273.5834337727, 1637088.1514453422, 1787722.125802168, 1601178.1247720292, 1613362.6836369494]"
2025-12-22,affine_saa_mpc,affine_saa_mpc,74745.37477246468,"[1639083.6166658683, 1821900.4983242834, 1654656.9875252175, 1809794.2695753933, 1618557.368368432, 1630340.3209046754]"
2025-12-23,affine_saa_mpc,affine_saa_mpc,74189.46356175313,"[1659028.6938418776, 1843663.482197755, 1673610.1397211608, 1829806.3007198598, 1638222.5028786592, 1649424.872755708]"
2025-12-24,affine_saa_mpc,affine_saa_mpc,74337.16638183084,"[1672167.0995980916, 1861376.9401293476, 1687163.1796313007, 1847263.9823239888, 1651315.5845281486, 1662950.8344515446]"
2025-12-25,affine_saa_mpc,affine_saa_mpc,72424.57453388776,"[1686280.9383308736, 1875845.4493765011, 1701027.0579258907, 1861951.6610079557, 1665289.52209704, 1677148.8018043335]"
2025-12-26,affine_saa_mpc,affine_saa_mpc,24235.727146432408,"[1699663.6381624527, 1892136.0229190185, 1715128.3596915111, 1878849.7470080617, 1678902.2376474286, 1691205.9560164534]"
2025-12-27,affine_saa_mpc,affine_saa_mpc,24014.32053350022,"[1707488.2456452101, 1902720.4257252335, 1723538.1019326851, 1889799.3793707883, 1686888.6270459658, 1699078.3835315455]"
2025-12-28,affine_saa_mpc,affine_saa_mpc,72960.44699632938,"[1711728.3768640477, 1909609.8320355304, 1728223.1546220484, 1896861.1479694778, 1691450.0282519432, 1703789.7880320302]"
2025-12-29,affine_saa_mpc,affine_saa_mpc,72783.1364785401,"[1722526.408731264, 1917859.789687743, 1739273.534145266, 1906188.6712379807, 1703256.051109915, 1715059.6068402864]"
2025-12-30,affine_saa_mpc,affine_saa_mpc,71518.88818846205,"[1710809.523771059, 1904031.830385742, 1723320.8111683715, 1892558.836576453, 1692741.3986279164, 1703633.4032575337]"
2025-12-31,affine_saa_mpc,affine_saa_mpc,73535.32684583921,"[1703073.6655980602, 1896783.8094563973, 1713301.029879161, 1885751.5563105377, 1684067.7987088296, 1694845.4253115759]"
