problem,n,nd,nb,geometry,vs25_saving_s,vs25_percent,movement_saving_s,measurement_saving_s,switch_saving_s,failed_clear_saving_s
3,10,0,0,0,0.0,0.0,0.0,0.0,0.0,0.0
3,10,0,0,1,0.0,0.0,0.0,0.0,0.0,0.0
3,10,0,0,2,0.0,0.0,0.0,0.0,0.0,0.0
3,10,0,5,0,0.0,0.0,0.0,0.0,0.0,0.0
3,10,0,5,1,0.0,0.0,0.0,0.0,0.0,0.0
3,10,0,5,2,0.0,0.0,0.0,0.0,0.0,0.0
3,10,0,10,0,0.0,0.0,0.0,0.0,0.0,0.0
3,10,0,10,1,0.0,0.0,0.0,0.0,0.0,0.0
3,10,0,10,2,0.0,0.0,0.0,0.0,0.0,0.0
3,13,0,0,0,0.0,0.0,0.0,0.0,0.0,0.0
3,13,0,0,1,0.0,0.0,0.0,0.0,0.0,0.0
3,13,0,0,2,0.0,0.0,0.0,0.0,0.0,0.0
3,13,0,7,0,0.0,0.0,0.0,0.0,0.0,0.0
3,13,0,7,1,0.0,0.0,0.0,0.0,0.0,0.0
3,13,0,7,2,0.0,0.0,0.0,0.0,0.0,0.0
3,13,0,13,0,0.0,0.0,0.0,0.0,0.0,0.0
3,13,0,13,1,0.0,0.0,0.0,0.0,0.0,0.0
3,13,0,13,2,0.0,0.0,0.0,0.0,0.0,0.0
3,16,0,0,0,0.0,0.0,0.0,0.0,0.0,0.0
3,16,0,0,1,0.0,0.0,0.0,0.0,0.0,0.0
3,16,0,0,2,0.0,0.0,0.0,0.0,0.0,0.0
3,16,0,8,0,0.0,0.0,0.0,0.0,0.0,0.0
3,16,0,8,1,0.0,0.0,0.0,0.0,0.0,0.0
3,16,0,8,2,0.0,0.0,0.0,0.0,0.0,0.0
3,16,0,16,0,0.0,0.0,0.0,0.0,0.0,0.0
3,16,0,16,1,0.0,0.0,0.0,0.0,0.0,0.0
3,16,0,16,2,0.0,0.0,0.0,0.0,0.0,0.0
4,10,2,0,0,1403.9002718000002,18.208972669248993,1159.7669363555333,200.5,36.93333333333333,6.7
4,10,2,0,1,1513.0893007000002,18.361363606882858,1160.8892991174666,287.16666666666663,54.13333333333333,10.9
4,10,2,0,2,1212.3119751333331,15.303236014104835,1022.5119793840668,243.66666666666669,44.233333333333334,-98.10000000000001
4,10,2,5,0,1579.8829524666664,19.963828399031293,1267.8496155739333,248.5,46.43333333333333,17.1
4,10,2,5,1,1503.179092533333,18.75940571828819,1142.5124257392,305.0,57.766666666666666,-2.0999999999999996
4,10,2,5,2,1464.9297935333336,18.96287767867311,1182.3631268522,253.16666666666666,47.4,-18.0
4,10,2,10,0,1353.9927925999998,16.73380368605561,991.3261248070667,308.3333333333333,59.233333333333334,-4.9
4,10,2,10,1,1826.8827077,21.30007502316654,1340.4827075726666,408.1666666666667,77.53333333333333,0.7
4,10,2,10,2,1851.9746375666666,22.05428897593167,1463.1413034105997,327.8333333333333,61.0,0.0
4,10,5,0,0,1327.5992948,16.033808242895716,1047.0326273809335,226.83333333333334,42.333333333333336,11.399999999999999
4,10,5,0,1,1486.6985308333335,16.9732883517127,1188.5318642901998,262.5,48.96666666666667,-13.3
4,10,5,0,2,1331.5600840999998,14.457488630408937,1084.1600850146,313.5,56.8,-122.9
4,10,5,5,0,1408.2882138666669,16.71714603416344,1094.0882148340002,285.5,53.1,-24.4
4,10,5,5,1,1564.2482888999998,18.039311795066823,1138.981620346133,334.5,64.86666666666666,25.9
4,10,5,5,2,1539.0340450666665,18.07154175263504,1206.9340460298667,298.5,54.9,-21.299999999999997
4,10,5,10,0,1070.0465593999998,12.71149995190932,725.1465588228,309.3333333333333,60.36666666666667,-24.800000000000004
4,10,5,10,1,1526.6365301333333,17.290408777128583,1125.7365294270671,346.1666666666667,64.73333333333333,-10.0
4,10,5,10,2,1557.1564345333331,17.996590116807234,1098.0231004172,403.1666666666667,78.36666666666666,-22.4
4,10,8,0,0,1548.7054402666668,16.948783508332504,1224.0387709703998,262.16666666666663,46.7,15.8
4,10,8,0,1,1493.2558783666666,15.959657883054732,1205.8892073762001,222.83333333333334,40.233333333333334,24.299999999999997
4,10,8,0,2,894.0293933333335,8.753738472216952,741.9294191016667,340.0,61.8,-249.7
4,10,8,5,0,1179.2285003666668,13.121222695608797,914.7284988676669,226.16666666666669,39.63333333333333,-1.3
4,10,8,5,1,1355.329543866666,15.12552573987366,1080.196212663,259.83333333333337,46.7,-31.4
4,10,8,5,2,1286.0155137333336,13.96314671403265,948.7155124872663,368.6666666666667,67.93333333333334,-99.30000000000001
4,10,8,10,0,905.8679469333334,10.154042233960258,617.8012796355999,273.3333333333333,52.333333333333336,-37.6
4,10,8,10,1,1276.1803785666664,13.812192346804235,967.3137101671998,274.3333333333333,53.233333333333334,-18.7
4,10,8,10,2,1183.5036816333331,13.277094955775963,892.1370144667333,270.5,51.666666666666664,-30.800000000000004
4,13,3,0,0,1191.3210951,15.02496003047261,982.4544314334,199.0,35.266666666666666,-25.4
4,13,3,0,1,1254.8135541666666,14.842389228949651,1001.1802174853999,211.16666666666669,38.06666666666667,4.3999999999999995
4,13,3,0,2,1503.4291873333334,17.763054057606094,1295.1958461569998,168.66666666666669,29.666666666666668,9.899999999999999
4,13,3,7,0,1298.2721166000001,16.28800065476772,1038.7721157192661,223.0,41.1,-4.6000000000000005
4,13,3,7,1,1652.3823728666669,19.89360237971146,1394.382371690333,211.16666666666669,37.43333333333333,9.4
4,13,3,7,2,1777.6282208666667,21.47694024686247,1451.2282192513999,254.83333333333334,44.96666666666667,26.6
4,13,3,13,0,1145.3094071666665,13.922046047501718,779.5094058234001,331.5,62.1,-27.800000000000004
4,13,3,13,1,1665.4105466333333,18.856858773619912,1226.8105470911332,374.16666666666663,71.53333333333333,-7.1
4,13,3,13,2,1805.7080885333335,20.745677882561026,1297.974754529667,427.1666666666667,79.46666666666667,1.0999999999999999
4,13,7,0,0,1304.9669052333334,15.101383159332386,1115.5669051318002,162.0,28.6,-1.2000000000000002
4,13,7,0,1,1260.8089992666667,13.887018850957682,993.8756568047332,239.5,43.733333333333334,-16.3
4,13,7,0,2,1064.9924701666664,11.212857870446602,915.8258135448666,301.5,51.86666666666667,-204.2
4,13,7,7,0,1241.3285326666667,14.099119593024172,979.0285294022666,208.33333333333331,38.766666666666666,15.2
4,13,7,7,1,1431.7690997333334,15.507045670642771,1146.2357635739997,229.0,41.43333333333333,15.1
4,13,7,7,2,1236.8847632333332,13.594144506562614,935.9181015952666,349.0,63.96666666666667,-112.0
4,13,7,13,0,1183.8437775000004,13.098094908815588,870.3104421910666,261.6666666666667,46.666666666666664,5.2
4,13,7,13,1,1529.5781195000002,16.5015811117512,1259.0114527284668,236.0,41.86666666666667,-7.299999999999999
4,13,7,13,2,1497.6356894666667,16.51447551476541,1181.1690234598,274.3333333333333,50.13333333333333,-8.0
4,13,10,0,0,1825.4503307333327,18.898770426618974,1536.8503226528003,153.16666666666666,27.033333333333335,108.4
4,13,10,0,1,1394.3953070999996,13.980298306178716,1118.4953034906,256.3333333333333,45.36666666666667,-25.799999999999997
4,13,10,0,2,1152.5046539666669,11.088496594397709,904.1046595776663,337.66666666666663,61.233333333333334,-150.5
4,13,10,7,0,1228.0093338333327,13.271336636415212,941.2426632038666,218.66666666666669,40.6,27.5
4,13,10,7,1,1321.5927951666665,13.860959423130396,1039.5927944093332,238.33333333333331,44.46666666666667,-0.8
4,13,10,7,2,1632.6132503333333,17.320443123546966,1305.346583747267,264.1666666666667,47.1,16.0
4,13,10,13,0,817.3699739333332,8.766136708854228,538.2366373248664,276.8333333333333,50.8,-48.5
4,13,10,13,1,1243.6519569999998,12.956113213558377,967.2852910668,244.33333333333334,44.63333333333333,-12.600000000000001
4,13,10,13,2,1561.0944231666665,16.0565664768711,982.3944210284665,509.0,96.6,-26.9
4,16,3,0,0,1074.2827946666666,15.407923104516708,988.4827918150004,66.83333333333334,9.866666666666667,9.1
4,16,3,0,1,1033.5480366000002,14.197290420435865,849.0813651094,140.83333333333334,24.633333333333333,19.0
4,16,3,0,2,1177.7650384,26.24039171340407,1026.8317029259265,124.33333333333334,20.3,6.300000000000001
4,16,3,8,0,1062.2294555333335,13.96909171883544,964.6961204280667,92.0,15.533333333333333,-10.0
4,16,3,8,1,1155.7828361,15.944037262849738,933.0495022758665,187.5,34.03333333333333,1.2000000000000002
4,16,3,8,2,528.2948592,8.925111037486452,364.1615239576,132.66666666666669,25.466666666666665,6.0
4,16,3,16,0,1120.6546197666664,14.377967281810847,797.5879525976,258.0,48.36666666666667,16.7
4,16,3,16,1,1114.0327284000002,14.83673950035957,790.9993943094667,278.6666666666667,52.96666666666667,-8.6
4,16,3,16,2,1256.0560990000001,18.214543598785934,896.6227659539333,313.8333333333333,61.6,-16.0
4,16,8,0,0,907.1118008333332,11.3266064737004,841.5784657682001,64.0,9.333333333333334,-7.800000000000001
4,16,8,0,1,948.6976648000001,11.555838194990598,745.0643221396001,137.16666666666666,24.966666666666665,41.5
4,16,8,0,2,1502.233332166667,24.23395215967955,1261.866663756333,239.0,40.86666666666667,-39.5
4,16,8,8,0,922.6704796333336,10.91335609909516,751.2704753438,157.16666666666666,29.833333333333332,-15.600000000000001
4,16,8,8,1,1121.4889763333335,13.606689145526845,909.4556356923334,148.16666666666666,27.766666666666666,36.1
4,16,8,8,2,432.2666489333332,6.319065584476711,255.73331531446652,155.16666666666669,30.766666666666666,-9.4
4,16,8,16,0,705.8512544000001,8.325582251852644,519.7179198798666,194.66666666666666,36.56666666666667,-45.1
4,16,8,16,1,738.1667301000001,9.062836499926314,556.7333954760668,179.66666666666666,33.666666666666664,-31.9
4,16,8,16,2,1001.7066467,13.99109048608314,722.4399766718667,264.83333333333337,49.233333333333334,-34.8
4,16,13,0,0,847.8420984333333,9.050806034892819,729.5420963934,73.0,14.5,30.800000000000004
4,16,13,0,1,1139.2941527666665,11.713895409050606,833.2608105527331,226.33333333333331,39.5,40.2
4,16,13,0,2,830.3500455333335,10.968383776046748,658.4833919993334,416.0,71.26666666666667,-315.40000000000003
4,16,13,8,0,710.1963416000001,7.595353305639891,589.6296739146,117.0,20.966666666666665,-17.4
4,16,13,8,1,977.366482733333,10.709606261524463,766.0664859273334,221.83333333333334,42.266666666666666,-52.800000000000004
4,16,13,8,2,1247.2060648666666,14.107326535128308,845.706069769,424.3333333333333,79.76666666666667,-102.60000000000001
4,16,13,16,0,849.8351070333335,8.935452810378257,579.3684378691999,258.3333333333333,49.03333333333333,-36.900000000000006
4,16,13,16,1,740.6766399333333,8.133348584036527,444.94330497933316,258.5,50.03333333333333,-12.8
4,16,13,16,2,-461.1599820333334,-6.592837036929961,-431.6933168170666,-14.5,0.43333333333333335,-15.400000000000002
