n,inner,outer,ri,ro,phase,radius
21,8,12,975,1875,0,1005.94482422
21,8,12,975,1875,1.25,1005.94482422
21,8,12,975,1875,2.5,1005.94482422
21,8,12,975,1875,3.75,1005.94482422
21,8,12,975,1875,5,1005.94482422
21,8,12,975,1875,6.25,1005.94482422
21,8,12,975,1875,7.5,1005.94482422
21,8,12,975,1900,0,1030.23681641
21,8,12,975,1900,1.25,1030.23681641
21,8,12,975,1900,2.5,1030.23681641
21,8,12,975,1900,3.75,1030.23681641
21,8,12,975,1900,5,1030.23681641
21,8,12,975,1900,6.25,1030.23681641
21,8,12,975,1900,7.5,1030.23681641
21,8,12,975,1925,0,1054.52880859
21,8,12,975,1925,1.25,1054.52880859
21,8,12,975,1925,2.5,1054.52880859
21,8,12,975,1925,3.75,1054.52880859
21,8,12,975,1925,5,1054.52880859
21,8,12,975,1925,6.25,1054.52880859
21,8,12,975,1925,7.5,1054.52880859
21,8,12,1000,1875,0,998.315429688
21,8,12,1000,1875,1.25,1005.94482422
21,8,12,1000,1875,2.5,1005.94482422
21,8,12,1000,1875,3.75,1005.94482422
21,8,12,1000,1875,5,1005.94482422
21,8,12,1000,1875,6.25,1005.94482422
21,8,12,1000,1875,7.5,1005.94482422
21,8,12,1000,1900,0,1022.72949219
21,8,12,1000,1900,1.25,1030.23681641
21,8,12,1000,1900,2.5,1030.23681641
21,8,12,1000,1900,3.75,1030.23681641
21,8,12,1000,1900,5,1030.23681641
21,8,12,1000,1900,6.25,1030.23681641
21,8,12,1000,1900,7.5,1030.23681641
21,8,12,1000,1925,0,1047.08251953
21,8,12,1000,1925,1.25,1054.52880859
21,8,12,1000,1925,2.5,1054.52880859
21,8,12,1000,1925,3.75,1054.52880859
21,8,12,1000,1925,5,1054.52880859
21,8,12,1000,1925,6.25,1054.52880859
21,8,12,1000,1925,7.5,1054.52880859
21,7,13,1000,1875,0,998.315429688
21,7,13,1000,1875,0.32967032967,997.888183594
21,7,13,1000,1875,0.659340659341,998.071289062
21,7,13,1000,1875,0.989010989011,998.132324219
21,7,13,1000,1875,1.31868131868,997.766113281
21,7,13,1000,1875,1.64835164835,998.193359375
21,7,13,1000,1875,1.97802197802,998.010253906
21,7,13,1000,1900,0,1021.56982422
21,7,13,1000,1900,0.32967032967,1021.56982422
21,7,13,1000,1900,0.659340659341,1021.56982422
21,7,13,1000,1900,0.989010989011,1021.56982422
21,7,13,1000,1900,1.31868131868,1021.56982422
21,7,13,1000,1900,1.64835164835,1021.56982422
21,7,13,1000,1900,1.97802197802,1021.56982422
21,7,13,1000,1925,1.31868131868,1045.98388672
21,7,13,1000,1925,1.64835164835,1045.98388672
21,7,13,1000,1925,1.97802197802,1045.98388672
22,9,12,975,1875,0,1005.94482422
22,9,12,975,1875,0.833333333333,1005.94482422
22,9,12,975,1875,1.66666666667,1005.94482422
22,9,12,975,1875,2.5,1005.94482422
22,9,12,975,1875,3.33333333333,1005.94482422
22,9,12,975,1875,4.16666666667,1005.94482422
22,9,12,975,1875,5,1005.94482422
22,9,12,975,1900,0,1030.23681641
22,9,12,975,1900,0.833333333333,1030.23681641
22,9,12,975,1900,1.66666666667,1030.23681641
22,9,12,975,1900,2.5,1030.23681641
22,9,12,975,1900,3.33333333333,1030.23681641
22,9,12,975,1900,4.16666666667,1030.23681641
22,9,12,975,1900,5,1030.23681641
22,9,12,975,1925,0,1054.52880859
22,9,12,975,1925,0.833333333333,1054.52880859
22,9,12,975,1925,1.66666666667,1054.52880859
22,9,12,975,1925,2.5,1054.52880859
22,9,12,975,1925,3.33333333333,1054.52880859
22,9,12,975,1925,4.16666666667,1054.52880859
22,9,12,975,1925,5,1054.52880859
22,9,12,1000,1875,0,979.760742188
22,9,12,1000,1875,0.833333333333,979.760742188
22,9,12,1000,1875,1.66666666667,979.760742188
22,9,12,1000,1875,2.5,979.760742188
22,9,12,1000,1875,3.33333333333,979.760742188
22,9,12,1000,1875,4.16666666667,979.760742188
22,9,12,1000,1875,5,979.760742188
22,9,12,1000,1900,0,1003.99169922
22,9,12,1000,1900,0.833333333333,1003.99169922
22,9,12,1000,1900,1.66666666667,1003.99169922
22,9,12,1000,1900,2.5,1003.99169922
22,9,12,1000,1900,3.33333333333,1003.99169922
22,9,12,1000,1900,4.16666666667,1003.99169922
22,9,12,1000,1900,5,1003.99169922
22,9,12,1000,1925,0,1028.22265625
22,9,12,1000,1925,0.833333333333,1028.22265625
22,9,12,1000,1925,1.66666666667,1028.22265625
22,9,12,1000,1925,2.5,1028.22265625
22,9,12,1000,1925,3.33333333333,1028.22265625
22,9,12,1000,1925,4.16666666667,1028.22265625
22,9,12,1000,1925,5,1028.22265625
22,8,13,975,1875,0,996.362304688
22,8,13,975,1875,0.288461538462,996.362304688
22,8,13,975,1875,0.576923076923,996.362304688
22,8,13,975,1875,0.865384615385,996.362304688
22,8,13,975,1875,1.15384615385,996.667480469
22,8,13,975,1875,1.44230769231,996.667480469
22,8,13,975,1875,1.73076923077,996.667480469
22,8,13,975,1900,0,1020.77636719
22,8,13,975,1900,0.288461538462,1020.77636719
22,8,13,975,1900,0.576923076923,1020.77636719
22,8,13,975,1900,0.865384615385,1020.77636719
22,8,13,975,1900,1.15384615385,1021.02050781
22,8,13,975,1900,1.44230769231,1021.02050781
22,8,13,975,1900,1.73076923077,1021.02050781
22,8,13,975,1925,0,1045.19042969
22,8,13,975,1925,0.288461538462,1045.19042969
22,8,13,975,1925,0.576923076923,1045.19042969
22,8,13,975,1925,0.865384615385,1045.19042969
22,8,13,975,1925,1.15384615385,1045.43457031
22,8,13,975,1925,1.44230769231,1045.43457031
22,8,13,975,1925,1.73076923077,1045.43457031
22,8,13,1000,1875,0,995.812988281
22,8,13,1000,1875,0.288461538462,995.812988281
22,8,13,1000,1875,0.576923076923,995.812988281
22,8,13,1000,1875,0.865384615385,995.812988281
22,8,13,1000,1875,1.15384615385,995.812988281
22,8,13,1000,1875,1.44230769231,995.812988281
22,8,13,1000,1875,1.73076923077,995.812988281
22,8,13,1000,1900,0,1020.22705078
22,8,13,1000,1900,0.288461538462,1020.22705078
22,8,13,1000,1900,0.576923076923,1020.22705078
22,8,13,1000,1900,0.865384615385,1020.22705078
22,8,13,1000,1900,1.15384615385,1020.22705078
22,8,13,1000,1900,1.44230769231,1020.22705078
22,8,13,1000,1900,1.73076923077,1020.22705078
22,8,13,1000,1925,0,1044.64111328
22,8,13,1000,1925,0.288461538462,1044.64111328
22,8,13,1000,1925,0.576923076923,1044.64111328
22,8,13,1000,1925,0.865384615385,1044.64111328
22,8,13,1000,1925,1.15384615385,1044.64111328
22,8,13,1000,1925,1.44230769231,1044.64111328
22,8,13,1000,1925,1.73076923077,1044.64111328
22,7,14,900,1850,0,1047.87597656
22,7,14,925,1850,0,1021.875
22,7,14,925,1850,2.14285714286,1029.99267578
22,7,14,950,1850,0,1006.06689453
22,7,14,950,1850,2.14285714286,1017.78564453
22,7,14,975,1850,0,990.686035156
22,7,14,975,1850,2.14285714286,993.005371094
22,7,14,975,1850,4.28571428571,993.859863281
22,7,14,1000,1850,0,981.591796875
22,7,14,1000,1850,2.14285714286,981.591796875
22,7,14,1000,1850,4.28571428571,981.958007812
22,7,14,1000,1850,6.42857142857,998.315429688
22,7,14,1000,1850,8.57142857143,998.315429688
22,7,14,1000,1850,10.7142857143,998.315429688
22,7,14,1000,1850,12.8571428571,998.315429688
22,7,14,1000,1875,0,990.197753906
22,7,14,1000,1875,2.14285714286,990.197753906
22,7,14,1000,1875,4.28571428571,990.197753906
22,7,14,1000,1875,6.42857142857,998.315429688
22,7,14,1000,1875,8.57142857143,998.315429688
22,7,14,1000,1875,10.7142857143,998.315429688
22,7,14,1000,1875,12.8571428571,998.315429688
22,7,14,1000,1900,0,1014.67285156
22,7,14,1000,1900,2.14285714286,1014.67285156
22,7,14,1000,1900,4.28571428571,1014.67285156
22,7,14,1000,1900,6.42857142857,1014.67285156
22,7,14,1000,1900,8.57142857143,1014.67285156
22,7,14,1000,1900,10.7142857143,1014.67285156
22,7,14,1000,1900,12.8571428571,1014.67285156
22,7,14,1000,1925,0,1039.14794922
22,7,14,1000,1925,2.14285714286,1039.14794922
22,7,14,1000,1925,4.28571428571,1039.14794922
22,7,14,1000,1925,6.42857142857,1039.14794922
22,7,14,1000,1925,8.57142857143,1039.14794922
22,7,14,1000,1925,10.7142857143,1039.14794922
22,7,14,1000,1925,12.8571428571,1039.14794922
23,10,12,950,1875,0,1005.94482422
23,10,12,950,1875,0.5,1005.94482422
23,10,12,950,1875,1,1005.94482422
23,10,12,950,1875,1.5,1005.94482422
23,10,12,950,1875,2,1005.94482422
23,10,12,950,1875,2.5,1005.94482422
23,10,12,950,1875,3,1005.94482422
23,10,12,950,1900,0,1030.23681641
23,10,12,950,1900,0.5,1030.23681641
23,10,12,950,1900,1,1030.23681641
23,10,12,950,1900,1.5,1030.23681641
23,10,12,950,1900,2,1030.23681641
23,10,12,950,1900,2.5,1030.23681641
23,10,12,950,1900,3,1030.23681641
23,10,12,950,1925,0,1054.52880859
23,10,12,950,1925,0.5,1054.52880859
23,10,12,950,1925,1,1054.52880859
23,10,12,950,1925,1.5,1054.52880859
23,10,12,950,1925,2,1054.52880859
23,10,12,950,1925,2.5,1054.52880859
23,10,12,950,1925,3,1054.52880859
23,10,12,975,1875,0,1005.94482422
23,10,12,975,1875,0.5,1005.94482422
23,10,12,975,1875,1,1005.94482422
23,10,12,975,1875,1.5,1005.94482422
23,10,12,975,1875,2,1005.94482422
23,10,12,975,1875,2.5,1005.94482422
23,10,12,975,1875,3,1005.94482422
23,10,12,975,1900,0,1030.23681641
23,10,12,975,1900,0.5,1030.23681641
23,10,12,975,1900,1,1030.23681641
23,10,12,975,1900,1.5,1030.23681641
23,10,12,975,1900,2,1030.23681641
23,10,12,975,1900,2.5,1030.23681641
23,10,12,975,1900,3,1030.23681641
23,10,12,975,1925,0,1054.52880859
23,10,12,975,1925,0.5,1054.52880859
23,10,12,975,1925,1,1054.52880859
23,10,12,975,1925,1.5,1054.52880859
23,10,12,975,1925,2,1054.52880859
23,10,12,975,1925,2.5,1054.52880859
23,10,12,975,1925,3,1054.52880859
23,10,12,1000,1875,0,979.760742188
23,10,12,1000,1875,0.5,979.760742188
23,10,12,1000,1875,1,979.760742188
23,10,12,1000,1875,1.5,979.760742188
23,10,12,1000,1875,2,979.760742188
23,10,12,1000,1875,2.5,979.760742188
23,10,12,1000,1875,3,979.760742188
23,10,12,1000,1900,0,1003.99169922
23,10,12,1000,1900,0.5,1003.99169922
23,10,12,1000,1900,1,1003.99169922
23,10,12,1000,1900,1.5,1003.99169922
23,10,12,1000,1900,2,1003.99169922
23,10,12,1000,1900,2.5,1003.99169922
23,10,12,1000,1900,3,1003.99169922
23,10,12,1000,1925,0,1028.22265625
23,10,12,1000,1925,0.5,1028.22265625
23,10,12,1000,1925,1,1028.22265625
23,10,12,1000,1925,1.5,1028.22265625
23,10,12,1000,1925,2,1028.22265625
23,10,12,1000,1925,2.5,1028.22265625
23,10,12,1000,1925,3,1028.22265625
23,9,13,975,1875,0,997.216796875
23,9,13,975,1875,0.25641025641,997.216796875
23,9,13,975,1875,0.512820512821,997.216796875
23,9,13,975,1875,0.769230769231,997.216796875
23,9,13,975,1875,1.02564102564,997.216796875
23,9,13,975,1875,1.28205128205,997.216796875
23,9,13,975,1875,1.53846153846,997.216796875
23,9,13,975,1900,0,1021.56982422
23,9,13,975,1900,0.25641025641,1021.56982422
23,9,13,975,1900,0.512820512821,1021.56982422
23,9,13,975,1900,0.769230769231,1021.56982422
23,9,13,975,1900,1.02564102564,1021.56982422
23,9,13,975,1900,1.28205128205,1021.56982422
23,9,13,975,1900,1.53846153846,1021.56982422
23,9,13,975,1925,0,1045.98388672
23,9,13,975,1925,0.25641025641,1045.98388672
23,9,13,975,1925,0.512820512821,1045.98388672
23,9,13,975,1925,0.769230769231,1045.98388672
23,9,13,975,1925,1.02564102564,1045.98388672
23,9,13,975,1925,1.28205128205,1045.98388672
23,9,13,975,1925,1.53846153846,1045.98388672
23,9,13,1000,1875,0,977.258300781
23,9,13,1000,1875,0.25641025641,977.136230469
23,9,13,1000,1875,0.512820512821,977.258300781
23,9,13,1000,1875,0.769230769231,977.136230469
23,9,13,1000,1875,1.02564102564,977.258300781
23,9,13,1000,1875,1.28205128205,977.136230469
23,9,13,1000,1875,1.53846153846,977.197265625
23,9,13,1000,1900,0,994.836425781
23,9,13,1000,1900,0.25641025641,994.836425781
23,9,13,1000,1900,0.512820512821,994.836425781
23,9,13,1000,1900,0.769230769231,994.836425781
23,9,13,1000,1900,1.02564102564,994.836425781
23,9,13,1000,1900,1.28205128205,994.836425781
23,9,13,1000,1900,1.53846153846,994.836425781
23,9,13,1000,1925,0,1019.18945312
23,9,13,1000,1925,0.25641025641,1019.18945312
23,9,13,1000,1925,0.512820512821,1019.18945312
23,9,13,1000,1925,0.769230769231,1019.18945312
23,9,13,1000,1925,1.02564102564,1019.18945312
23,9,13,1000,1925,1.28205128205,1019.18945312
23,9,13,1000,1925,1.53846153846,1019.18945312
23,8,14,925,1850,0,1019.49462891
23,8,14,925,1850,0.535714285714,1019.49462891
23,8,14,925,1850,2.67857142857,1019.49462891
23,8,14,925,1850,3.21428571429,1019.49462891
23,8,14,950,1850,0,992.08984375
23,8,14,950,1850,0.535714285714,992.08984375
23,8,14,950,1850,1.07142857143,992.08984375
23,8,14,950,1850,1.60714285714,992.08984375
23,8,14,950,1850,2.14285714286,992.08984375
23,8,14,950,1850,2.67857142857,992.08984375
23,8,14,950,1850,3.21428571429,992.08984375
23,8,14,975,1850,0,973.596191406
23,8,14,975,1850,0.535714285714,973.168945312
23,8,14,975,1850,1.07142857143,972.741699219
23,8,14,975,1850,1.60714285714,972.314453125
23,8,14,975,1850,2.14285714286,971.887207031
23,8,14,975,1850,2.67857142857,971.459960938
23,8,14,975,1850,3.21428571429,971.032714844
23,8,14,975,1875,0,989.221191406
23,8,14,975,1875,0.535714285714,989.221191406
23,8,14,975,1875,1.07142857143,989.221191406
23,8,14,975,1875,1.60714285714,989.709472656
23,8,14,975,1875,2.14285714286,989.709472656
23,8,14,975,1875,2.67857142857,989.709472656
23,8,14,975,1875,3.21428571429,989.709472656
23,8,14,975,1900,0,1013.69628906
23,8,14,975,1900,0.535714285714,1013.69628906
23,8,14,975,1900,1.07142857143,1013.69628906
23,8,14,975,1900,1.60714285714,1014.18457031
23,8,14,975,1900,2.14285714286,1014.18457031
23,8,14,975,1900,2.67857142857,1014.18457031
23,8,14,975,1900,3.21428571429,1014.18457031
23,8,14,975,1925,0,1038.23242188
23,8,14,975,1925,0.535714285714,1038.23242188
23,8,14,975,1925,1.07142857143,1038.23242188
23,8,14,975,1925,1.60714285714,1038.65966797
23,8,14,975,1925,2.14285714286,1038.65966797
23,8,14,975,1925,2.67857142857,1038.65966797
23,8,14,975,1925,3.21428571429,1038.65966797
23,8,14,1000,1850,0,979.028320312
23,8,14,1000,1850,0.535714285714,979.028320312
23,8,14,1000,1850,1.07142857143,979.028320312
23,8,14,1000,1850,1.60714285714,979.028320312
23,8,14,1000,1850,2.14285714286,978.967285156
23,8,14,1000,1850,2.67857142857,978.967285156
23,8,14,1000,1850,3.21428571429,978.967285156
23,8,14,1000,1875,0,988.732910156
23,8,14,1000,1875,0.535714285714,988.732910156
23,8,14,1000,1875,1.07142857143,988.732910156
23,8,14,1000,1875,1.60714285714,988.732910156
23,8,14,1000,1875,2.14285714286,988.732910156
23,8,14,1000,1875,2.67857142857,988.732910156
23,8,14,1000,1875,3.21428571429,989.221191406
23,8,14,1000,1900,0,1013.20800781
23,8,14,1000,1900,0.535714285714,1013.20800781
23,8,14,1000,1900,1.07142857143,1013.20800781
23,8,14,1000,1900,1.60714285714,1013.20800781
23,8,14,1000,1900,2.14285714286,1013.20800781
23,8,14,1000,1900,2.67857142857,1013.20800781
23,8,14,1000,1900,3.21428571429,1013.69628906
23,8,14,1000,1925,0,1037.74414062
23,8,14,1000,1925,0.535714285714,1037.74414062
23,8,14,1000,1925,1.07142857143,1037.74414062
23,8,14,1000,1925,1.60714285714,1037.74414062
23,8,14,1000,1925,2.14285714286,1037.74414062
23,8,14,1000,1925,2.67857142857,1037.74414062
23,8,14,1000,1925,3.21428571429,1038.23242188
23,8,14,1000,1950,0,1062.28027344
