date,planned_cost,increase_cost,reduction_net_cost,emergency_cost,total_cost,planned_energy,adjusted_energy,emergency_energy,spill_energy,emergency_while_charging
2025-02-01,20324.449250052465,0.0,0.0,3.3772932894748915e-11,20324.449250052498,48253.3039681364,48253.3039681364,8.5158546880848e-12,9979.76012756586,3.6557423754857155e-12
2025-02-02,65722.49775313333,0.0,0.0,4.4385643604982755e-11,65722.49775313339,93695.65425714286,93695.65425714286,1.1240786079724785e-11,10880.754908897723,6.252776074688882e-12
2025-02-03,65388.13796394761,0.0,0.0,5.6714213769737403e-11,65388.13796394765,91747.35578130512,91747.35578130512,1.1198153515579179e-11,7205.366580954744,3.979039320256561e-12
2025-02-04,65920.02590482146,0.0,0.0,4.669378483868059e-11,65920.02590482152,92687.10516449148,92687.10516449148,1.0373923942097463e-11,6951.973357442106,5.030642569181509e-12
2025-02-05,64586.7816003562,0.0,0.0,4.486933136149674e-11,64586.78160035623,91236.7166404762,91236.7166404762,9.64917035162216e-12,5974.668935876559,2.9558577807620168e-12
2025-02-06,65593.33048878796,0.0,0.0,26.963639166732477,65620.29412795471,92361.43151116991,92361.43151116991,3.72683333334669,7554.97663362524,6.87805368215777e-12
2025-02-07,19387.58430534947,0.0,0.0,2.549075617253038e-11,19387.58430534949,46390.025519809526,46390.025519809526,7.37543359718984e-12,10964.30810249854,3.339550858072471e-12
2025-02-08,17635.078403235282,0.0,0.0,3.9632865878047596e-11,17635.07840323532,42576.46942680776,42576.46942680776,1.5345946735578764e-11,7057.727977159333,1.1622702800195839e-11
2025-02-09,60886.27446244468,0.0,0.0,7.414862324139904e-11,60886.27446244475,86802.14219262199,86802.14219262199,1.8047785488306545e-11,2801.5505479421145,1.1453948900452815e-11
2025-02-10,60623.95440342545,0.0,0.0,4.136282782951639e-11,60623.954403425494,88042.0572537625,88042.0572537625,9.443112958251731e-12,9633.10965602588,6.600942015211331e-12
2025-02-11,59078.155272894095,0.0,0.0,28.13838547624358,59106.29365837034,86285.08175182246,86285.08175182246,5.490952380966013,6653.945024190493,8.384404281969182e-12
2025-02-12,58532.01661021645,0.0,0.0,5.0416204544490034e-11,58532.0166102165,85704.25572648444,85704.25572648444,1.2747136679536197e-11,5985.486516382143,6.73594513500575e-12
2025-02-13,57712.817022557414,0.0,0.0,5.782416501176613e-11,57712.817022557465,85063.20400194003,85063.20400194003,1.497335588851456e-11,9769.992756143465,6.944222974425429e-12
2025-02-14,16100.22115364722,0.0,0.0,5.179691697776435e-11,16100.221153647273,38751.67841746032,38751.67841746032,1.887201506178826e-11,5031.821103850695,1.2207124200358521e-11
2025-02-15,16477.184556928416,0.0,0.0,4.492204830341961e-11,16477.18455692846,38402.22028027631,38402.22028027631,1.4704681916555273e-11,4908.5701798304135,7.016609515630989e-12
2025-02-16,56146.49866695929,0.0,0.0,100.24939916675005,56246.748066126034,82305.62384761905,82305.62384761905,19.151666666686644,2620.351647734002,8.924416761146858e-12
2025-02-17,55307.612600331355,0.0,0.0,6.124710782984266e-11,55307.61260033141,81942.0113489712,81942.0113489712,1.5929479957321746e-11,6546.062511865984,8.210321311707958e-12
2025-02-18,54341.552009499144,0.0,0.0,7.452189976220324e-11,54341.552009499224,81275.24985173428,81275.24985173428,1.9980461729574017e-11,5109.574096942997,1.1688428003253648e-11
2025-02-19,53978.530983933655,0.0,0.0,14.654190833386563,53993.185174767044,80938.56074800118,80938.56074800118,2.7383333333476187,3543.8143692478116,8.348877145181177e-12
2025-02-20,53647.97114149637,0.0,0.0,173.0337911750453,53821.00493267142,80179.63845419047,80179.63845419047,30.841064285724336,5203.293828676082,3.751665644813329e-12
2025-02-21,15687.448299216669,0.0,0.0,3.262186254460176e-11,15687.4482992167,37228.28205238096,37228.28205238096,1.0892620139202336e-11,7898.349401263978,5.6346038945775945e-12
2025-02-22,15785.187376602944,0.0,0.0,5.277370607181808e-11,15785.187376602998,37130.93893036449,37130.93893036449,1.9163781672659752e-11,5277.444097685209,1.1851852832478471e-11
2025-02-23,52918.77950451105,0.0,0.0,5.155725890659824e-11,52918.7795045111,79466.003459612,79466.003459612,1.3573586699067164e-11,3622.142666555858,7.4416028894575e-12
2025-02-24,52102.26678064653,0.0,0.0,221.05772528457575,52323.324505931116,78664.10230207408,78664.10230207408,43.387097619060725,6275.494662591137,7.44293515708705e-12
2025-02-25,51210.197086278036,0.0,0.0,108.90684404766337,51319.1039303257,78538.89071130953,78538.89071130953,21.22113095239297,8784.670047913009,7.844391802791506e-12
2025-02-26,51345.96938386436,0.0,0.0,6.616373759982252e-11,51345.96938386442,78291.82816937097,78291.82816937097,1.766231605415669e-11,4981.285606928887,1.0187406473960436e-11
2025-02-27,49079.44091268024,0.0,0.0,175.2351544180472,49254.67606709829,76975.08610793651,76975.08610793651,32.68002342858212,5584.1691538213,4.860112312599085e-12
2025-02-28,14637.17179866,0.0,0.0,4.418922117110924e-11,14637.171798660045,35913.70659761904,35913.70659761904,1.4551915228366852e-11,8981.724384332763,9.43600753089413e-12
2025-03-01,14813.595897731582,0.0,0.0,3.8580709293967175e-11,14813.595897731622,35757.93879670782,35757.93879670782,1.2216005984555522e-11,8539.732683407128,6.224354365258478e-12
2025-03-02,49792.046541151816,0.0,0.0,13643.824064683415,63435.870605835225,76231.3888243974,76231.3888243974,2191.600030785733,1976.3742012345863,9.118039656641486e-12
2025-03-03,50273.88067342971,0.0,0.0,8160.4851051951255,58434.36577862484,76917.75305182245,76917.75305182245,1326.656705761918,1536.4679230608633,7.757128273055969e-12
2025-03-04,51349.70819360893,0.0,0.0,6.246064321313583e-11,51349.708193608996,78237.32159288654,78237.32159288654,1.47128975669375e-11,4878.823173897723,9.96647209206003e-12
2025-03-05,50973.043671179046,0.0,0.0,4.474903647633255e-11,50973.04367117909,79229.43871428572,79229.43871428572,9.65094670846156e-12,9083.029934014707,5.409006575973763e-12
2025-03-06,50818.24765447564,0.0,0.0,5.945896219827773e-11,50818.247654475694,78764.36046287479,78764.36046287479,1.4850343177386094e-11,9079.563837536756,8.01492205937393e-12
2025-03-07,14419.657561509523,0.0,0.0,4.111402773787631e-11,14419.657561509566,35335.67580079366,35335.67580079366,1.5266010677805752e-11,11114.645324124649,1.0164313835048233e-11
2025-03-08,13928.796802643341,0.0,0.0,3.0362627967406296e-11,13928.796802643368,33720.177040329225,33720.177040329225,1.0203393685515039e-11,11004.133545529116,4.746425474877469e-12
2025-03-09,48175.80225871739,0.0,0.0,3.95580928014283e-11,48175.80225871743,76364.38170179306,76364.38170179306,1.1127099242003169e-11,8586.913291077022,6.281197784119286e-12
2025-03-10,48829.739848928584,0.0,0.0,6.557947251906172e-11,48829.73984892865,74934.35764907289,74934.35764907289,1.6989076812023995e-11,2448.364887125241,1.0054179711005418e-11
2025-03-11,47376.43201939239,0.0,0.0,6.995766188566678e-11,47376.43201939246,74728.83852602585,74728.83852602585,1.800337656732154e-11,6500.328253541176,6.970424237806583e-12
2025-03-12,46364.6925710372,0.0,0.0,6.381776462838217e-11,46364.69257103727,73748.87294174015,73748.87294174015,1.7059686996390155e-11,7402.857688417125,8.820943975251794e-12
2025-03-13,46616.269578629624,0.0,0.0,1548.9582735878428,48165.227852217475,72945.45877671956,72945.45877671956,240.85807395239846,1273.1280499412305,8.775868920452012e-12
2025-03-14,12950.020185945843,0.0,0.0,3.7283124143527856e-11,12950.02018594588,32320.845665461493,32320.845665461493,1.2843059948863811e-11,12850.698487754864,7.357670028795837e-12
2025-03-15,13628.708672778439,0.0,0.0,3.450957208883665e-11,13628.708672778474,33146.82895164609,33146.82895164609,1.184474740512087e-11,8453.015020175208,6.778577699151356e-12
2025-03-16,45793.44436795963,0.0,0.0,8.081100000056832,45801.5254679597,73069.19371895326,73069.19371895326,1.6400000000141564,5642.415624414186,5.52979884105298e-12
2025-03-17,44596.96609311241,0.0,0.0,5.861519936090076e-11,44596.96609311247,73015.12944364932,73015.12944364932,1.5442758183326077e-11,11419.430083938289,8.15703060652595e-12
2025-03-18,44088.365723585346,0.0,0.0,4.205680870228434e-11,44088.36572358539,71199.52444433392,71199.52444433392,1.0379253012615663e-11,5903.527027630818,4.5350390109888394e-12
2025-03-19,43994.01824020716,0.0,0.0,3.836854745031815e-11,43994.018240207195,71907.96144588476,71907.96144588476,9.28679355638451e-12,8183.26046676662,4.433786671143025e-12
2025-03-20,44628.429715730956,0.0,0.0,5.767358146613333e-11,44628.42971573101,71358.57482011904,71358.57482011904,1.532995952402416e-11,5268.580615226352,9.048761739904876e-12
2025-03-21,12922.173911901667,0.0,0.0,2.8749056468768684e-11,12922.173911901697,32326.254152380952,32326.254152380952,1.0533796057643485e-11,16423.864627328938,6.892264536872972e-12
2025-03-22,13436.533822504734,0.0,0.0,3.5081718863239076e-11,13436.53382250477,32634.74828497943,32634.74828497943,1.3892886840949359e-11,13211.132110409191,9.459100169806334e-12
2025-03-23,42236.981832360965,0.0,0.0,4.128257558022596e-11,42236.981832361,69226.27644024104,69226.27644024104,1.2136069926782511e-11,6497.266298353924,7.219114195322618e-12
2025-03-24,42066.41341426263,0.0,0.0,5.4154458695165886e-11,42066.413414262686,68668.11539591418,68668.11539591418,1.2938983218191424e-11,6508.619692063515,5.5138116294983774e-12
2025-03-25,42003.48594827873,0.0,0.0,3.5905330264540684e-11,42003.48594827876,68290.33134097588,68290.33134097588,1.127631321651279e-11,3171.2341031158257,6.515676886920119e-12
2025-03-26,41381.78275234101,0.0,0.0,3.817569549369182e-11,41381.78275234105,68618.03490020576,68618.03490020576,1.0693668173189508e-11,8884.762565993258,5.6274984672199935e-12
2025-03-27,41256.98968663372,0.0,0.0,7.099081233974402e-11,41256.989686633795,68044.84891234568,68044.84891234568,1.674216321134736e-11,5532.813265843643,7.94386778579792e-12
2025-03-28,12675.465097968096,0.0,0.0,2.0786558252439135e-11,12675.465097968117,31811.950911904765,31811.950911904765,8.753886504564434e-12,17363.808957506186,5.229594535194337e-12
2025-03-29,12413.71910244357,0.0,0.0,4.679900555970562e-11,12413.719102443618,31577.903445238095,31577.903445238095,1.4352963262354024e-11,20157.14706276839,6.0040861171728466e-12
2025-03-30,39531.36760553474,0.0,0.0,4.840304690389985e-11,39531.36760553478,66325.97794559083,66325.97794559083,1.2430945162122953e-11,6976.367702872147,4.853006885241484e-12
2025-03-31,39286.97467747721,0.0,0.0,7.401763468806167e-11,39286.97467747728,65112.07337386832,65112.07337386832,2.1536550320888637e-11,4408.439217075569,1.4779288903810084e-11
2025-04-01,40768.82978365089,0.0,0.0,7.776286636840268e-11,40768.82978365096,65719.03852483834,65719.03852483834,2.241051788587356e-11,1601.5335585661614,1.2882139799330616e-11
2025-04-02,39903.054628702936,0.0,0.0,6424.453038666728,46327.507667369675,65792.28025684891,65792.28025684891,1203.6136000000151,2422.4886576719737,1.0981437981172348e-11
2025-04-03,40505.45002858355,0.0,0.0,4.583235124755447e-11,40505.45002858359,67015.21395752499,67015.21395752499,1.3727685654885136e-11,7195.8775183715625,7.787548383930698e-12
2025-04-04,11904.950806972593,0.0,0.0,3.617380883724764e-11,11904.950806972629,30662.580716078777,30662.580716078777,1.2398970739013748e-11,20896.49591167697,7.581490990560269e-12
2025-04-05,12246.536319549308,0.0,0.0,2.8967164666937603e-11,12246.536319549337,30893.350228806587,30893.350228806587,1.0603073974380095e-11,15490.297538814535,5.81401593535702e-12
2025-04-06,40326.39085703746,0.0,0.0,4.901140471247345e-11,40326.39085703751,66947.86530355673,66947.86530355673,1.4509282664221246e-11,8702.674264342168,8.86757334228605e-12
2025-04-07,39222.78299537634,0.0,0.0,5.2768541536352136e-11,39222.7829953764,65969.23227301586,65969.23227301586,1.4125589586910792e-11,8995.199879110245,7.560174708487466e-12
2025-04-08,39337.16999218194,0.0,0.0,5.826153728905047e-11,39337.169992181996,65947.1679706937,65947.1679706937,1.4240775225715652e-11,7754.171208012658,6.3806737671257e-12
2025-04-09,39328.01570540328,0.0,0.0,5.621268428512849e-11,39328.01570540333,65466.16154153439,65466.16154153439,1.482192146795569e-11,2430.1663572604484,9.79127889877418e-12
2025-04-10,39141.65199805607,0.0,0.0,6.794038931445812e-11,39141.65199805614,66213.00184973545,66213.00184973545,1.7648105199441488e-11,7556.246197795439,9.627854069549358e-12
2025-04-11,11680.108927732144,0.0,0.0,3.040333851345167e-11,11680.108927732173,29655.240595238098,29655.240595238098,1.0395240224170266e-11,21201.366441353333,6.465938895416912e-12
2025-04-12,11846.846336850816,0.0,0.0,3.490070810130419e-11,11846.846336850851,30436.34672730747,30436.34672730747,1.2022383089060895e-11,18218.2315261611,6.59383658785373e-12
2025-04-13,38364.262914309555,0.0,0.0,5.1086143315615116e-11,38364.262914309606,63884.172443885946,63884.172443885946,1.3139711541043653e-11,5676.9661791299395,7.077005648170598e-12
2025-04-14,37398.029214072856,0.0,0.0,5.038495132225762e-11,37398.0292140729,63638.11220681952,63638.11220681952,1.6008527836675057e-11,7298.241516872444,1.084998757505673e-11
2025-04-15,37508.95886820143,0.0,0.0,4.003191644841309e-11,37508.95886820147,64413.62204221047,64413.62204221047,1.1640466368589841e-11,10630.98355503646,7.098321930243401e-12
2025-04-16,38180.49150958232,0.0,0.0,4.731857500273051e-11,38180.49150958238,63257.65938497943,63257.65938497943,1.386207815201601e-11,3785.42759202089,1.070965538474411e-11
2025-04-17,37363.066821644665,0.0,0.0,5.6189191521838205e-11,37363.06682164472,63677.087637948265,63677.087637948265,1.4172774065457361e-11,6841.337939976507,7.048583938740194e-12
2025-04-18,11587.52078860976,0.0,0.0,2.7276687297739243e-11,11587.52078860979,30101.64998809524,30101.64998809524,8.791745109704152e-12,20244.56937597003,5.679567927074913e-12
2025-04-19,11509.111152630066,0.0,0.0,1.9909506931981015e-11,11509.111152630087,29617.316184714873,29617.316184714873,8.313350008393172e-12,19061.88514600236,6.0254023992456496e-12
2025-04-20,37103.90106064018,0.0,0.0,3.6563961858249174e-11,37103.901060640215,62802.88739223986,62802.88739223986,1.0994316568258e-11,6652.635423256631,5.7980287238024175e-12
2025-04-21,36689.00922287218,0.0,0.0,4.884638826752052e-11,36689.00922287222,63247.87041457966,63247.87041457966,1.3301360013429075e-11,10976.919426880087,6.650680006714538e-12
2025-04-22,36799.61590378739,0.0,0.0,4.7530543945129007e-11,36799.61590378744,61883.88275299529,61883.88275299529,1.191402532185748e-11,5820.82031164287,5.4285465012071654e-12
2025-04-23,37146.17069543334,0.0,0.0,4.2995612403728957e-11,37146.17069543339,62352.76811484421,62352.76811484421,1.2740031252178596e-11,7180.2329255461655,7.58859641791787e-12
2025-04-24,36081.18939584119,0.0,0.0,3.3029593282662975e-11,36081.18939584122,61636.6833728689,61636.6833728689,9.322320693172514e-12,10956.534196913592,6.110667527536862e-12
2025-04-25,10707.942617627621,0.0,0.0,3.3949298483548775e-11,10707.942617627654,28265.00098809524,28265.00098809524,9.762857189343777e-12,22982.34577248884,4.945377440890297e-12
2025-04-26,11043.041504640109,0.0,0.0,3.636674605900225e-11,11043.041504640147,28189.782948706645,28189.782948706645,1.170263885796885e-11,24969.4453316123,5.595524044110789e-12
2025-04-27,33897.428766193836,0.0,0.0,3109.2918689111075,37006.72063510494,58596.927518283366,58596.927518283366,531.1014692857273,6837.418436979147,8.697043085703626e-12
2025-04-28,35681.19641071336,0.0,0.0,13305.746033006415,48986.942443719774,59707.30383295121,59707.30383295121,2123.793060095248,1625.0191624926651,7.37632177560954e-12
2025-04-29,35062.55428909502,0.0,0.0,1786.1507303466005,36848.70501944162,60675.064905878906,60675.064905878906,269.892827190489,10067.48449941213,1.1475265182525618e-11
2025-04-30,34902.82557357292,0.0,0.0,4.6850125556829877e-11,34902.82557357296,59865.8089327381,59865.8089327381,1.3372414287005085e-11,8054.474069764273,7.432277016050648e-12
2025-05-01,35361.78749672951,0.0,0.0,11078.40584130524,46440.19333803475,58672.34613539095,58672.34613539095,2097.297293052042,5900.999893004134,603.2877067901296
2025-05-02,11517.561272334511,0.0,0.0,8062.969579598375,19580.530851932886,28394.533215461495,28394.533215461495,1722.3389034761985,12291.388563991779,42.56000000000576
2025-05-03,11518.222625985003,0.0,0.0,4620.989910504361,16139.212536489362,29086.35571904762,29086.35571904762,1058.551894071438,17601.029405702542,5.6559201766503975e-12
2025-05-04,37660.29118894545,0.0,0.0,7066.922963306183,44727.21415225163,62010.73460574279,62010.73460574279,1322.1663067313516,8186.979086331581,168.06368292181972
2025-05-05,37290.98416550947,0.0,0.0,7955.081625927347,45246.06579143682,61679.14151166961,61679.14151166961,1387.2210720687983,4105.709976366862,250.30264259260045
2025-05-06,37602.023267131444,0.0,0.0,6651.548447339002,44253.57171447045,62147.12101372722,62147.12101372722,1416.4708754303442,6532.7505286890155,511.2262660493847
2025-05-07,38010.23164154844,0.0,0.0,8262.16879058113,46272.400432129565,62605.50604832452,62605.50604832452,1331.4222650743818,5168.245767960039,126.6496378600915
2025-05-08,41762.85212682212,0.0,0.0,4.7312677331490256e-11,41762.852126822174,66606.53052807173,66606.53052807173,1.2784440173163603e-11,6634.4239541205725,6.266986929404084e-12
2025-05-09,13903.215168149287,0.0,0.0,2.7240904643122124e-11,13903.215168149312,32192.817988095238,32192.817988095238,8.64730509420042e-12,20449.22511994328,4.831690603168681e-12
2025-05-10,14342.12972717905,0.0,0.0,2.7610772335151524e-11,14342.129727179075,32120.018304761907,32120.018304761907,9.374723219934822e-12,16702.89225576956,5.2162718588988355e-12
2025-05-11,41887.103206241394,0.0,0.0,190.9556441667205,42078.05885040812,67136.06957101705,67136.06957101705,28.693369047632395,7945.235656278093,4.884981308350689e-12
2025-05-12,42177.88831690069,0.0,0.0,4.03627140599383e-11,42177.88831690073,67988.9000372722,67988.9000372722,1.0651035609043902e-11,12718.981512455623,4.639844064513454e-12
2025-05-13,41991.515942529826,0.0,0.0,4.354670402051397e-11,41991.51594252987,68472.93384397414,68472.93384397414,1.2942535931870225e-11,11499.219485475325,8.540723683836404e-12
2025-05-14,41679.12215774547,0.0,0.0,3.41923751534523e-11,41679.12215774551,68070.68728035185,68070.68728035185,9.279688129026908e-12,11614.463876471793,7.048583938740194e-12
2025-05-15,41490.06358403887,0.0,0.0,6.818015307885616e-11,41490.06358403894,67043.74381722516,67043.74381722516,1.8035350990430743e-11,10680.44608877133,1.1645795439108042e-11
2025-05-16,13516.316666036433,0.0,0.0,2.695754375281467e-11,13516.31666603646,31204.809861904767,31204.809861904767,8.220979452744359e-12,25280.766459110833,5.4072302191343624e-12
2025-05-17,13758.837690174789,0.0,0.0,3.509273133195379e-11,13758.837690174825,31605.195818518518,31605.195818518518,1.0545397888250818e-11,17784.7511615103,5.9543481256696396e-12
2025-05-18,40819.25921691342,0.0,0.0,5.52989218860489e-11,40819.25921691347,65995.2197989418,65995.2197989418,1.615951816802408e-11,8703.645259765453,9.338307904727117e-12
2025-05-19,39663.25561291308,0.0,0.0,69.63851383336376,39732.89412674645,65323.663999941215,65323.663999941215,10.233433333341377,14526.686131820117,4.547473508864641e-12
2025-05-20,40012.53364987778,0.0,0.0,5.329237495743655e-11,40012.53364987784,65161.744281863605,65161.744281863605,1.4082957022765186e-11,6737.102413609655,9.400480394106125e-12
2025-05-21,40172.05140590269,0.0,0.0,5.400362823593241e-11,40172.05140590275,65554.1119003148,65554.1119003148,1.4594547792512458e-11,10630.588850340406,8.682832230988424e-12
2025-05-22,39374.08637073595,0.0,0.0,16.86434000004513,39390.950710736,64619.62622463257,64619.62622463257,2.5700000000110776,10138.215256200776,6.16751094639767e-12
2025-05-23,13060.49846692857,0.0,0.0,3.014628635611416e-11,13060.498466928602,30895.552035714285,30895.552035714285,7.974954030487424e-12,21145.497486261916,3.9532821460852574e-12
2025-05-24,13848.169279515068,0.0,0.0,2.7024333437708493e-11,13848.169279515096,31641.398041475604,31641.398041475604,7.641443033890027e-12,24545.2928574956,5.083489185153667e-12
2025-05-25,39438.20240890684,0.0,0.0,3.692071004479658e-11,39438.20240890687,64624.321655144035,64624.321655144035,1.0302869668521453e-11,12798.89298384775,6.73594513500575e-12
2025-05-26,39276.38807362282,0.0,0.0,3.637171808179574e-11,39276.38807362286,64085.04153980012,64085.04153980012,9.78950254193478e-12,5580.277902690192,6.279421427279885e-12
2025-05-27,39524.86787951558,0.0,0.0,4.212862947383655e-11,39524.86787951562,64678.752114697236,64678.752114697236,1.3315570868144277e-11,11921.336773143164,8.43414227347239e-12
2025-05-28,39616.02657696413,0.0,0.0,4.2223920360129344e-11,39616.02657696417,64088.81265302763,64088.81265302763,1.1475265182525618e-11,8310.397088124642,7.389644451905042e-12
2025-05-29,39310.832560286144,0.0,0.0,76.05226627625015,39386.88482656239,63714.306422251626,63714.306422251626,11.310569047635546,5982.855978925067,1.1603162874962436e-11
2025-05-30,13402.25751178823,0.0,0.0,5.0591379974207486e-11,13402.25751178828,30957.260628042328,30957.260628042328,1.5344170378739364e-11,20759.807378855105,8.427036846114788e-12
2025-05-31,12911.037731465476,0.0,0.0,1.9543655582765493e-11,12911.037731465498,30881.47476904762,30881.47476904762,6.401990049198503e-12,19091.720881569672,3.609557097661309e-12
2025-06-01,44123.50474435573,0.0,0.0,57588.063285953336,101711.56803030905,65440.276840299826,65440.276840299826,9440.683683536749,97.33485714286542,904.9074658436238
2025-06-02,43856.01282995152,0.0,0.0,42915.12912486304,86771.14195481458,66719.21391528455,66719.21391528455,7030.444122602601,1149.404614285728,746.4710228395104
2025-06-03,45497.075937826565,0.0,0.0,22314.107552955942,67811.18349078251,69297.89703547914,69297.89703547914,3832.9503586657984,498.5263261904948,568.6226919753149
2025-06-04,47442.4586353734,0.0,0.0,17622.4569405208,65064.91557589419,71270.11147279365,71270.11147279365,3069.0334573421605,291.60481666668034,703.7515302469216
2025-06-05,49826.05062213003,0.0,0.0,13477.569530489132,63303.62015261917,73251.84296963963,73251.84296963963,2644.3043719047805,247.7161000000207,926.0983333333418
2025-06-06,16259.449037174325,0.0,0.0,19969.368791196404,36228.81782837073,33816.67268054086,33816.67268054086,3709.1568272583877,3255.8968119047736,293.78518456790465
2025-06-07,17767.830073024525,0.0,0.0,7536.4834005970815,25304.313473621605,36772.42114761905,36772.42114761905,1255.6450583095373,2797.169691916535,7.542411140093463e-12
2025-06-08,61671.41688261594,0.0,0.0,4.179120338676512e-11,61671.41688261598,89324.81238312757,89324.81238312757,1.014655026665423e-11,21375.751114100545,5.9969806898152456e-12
2025-06-09,62283.69352450366,0.0,0.0,5.868916552742575e-11,62283.69352450371,88860.22055752498,88860.22055752498,1.3463008485814498e-11,14309.014897913008,7.252864975271223e-12
2025-06-10,62106.786195976194,0.0,0.0,4.4737163307218e-11,62106.78619597624,89274.63987380953,89274.63987380953,1.1510792319313623e-11,13993.29993927103,8.554934538551606e-12
2025-06-11,62876.45718326612,0.0,0.0,5.998828367381748e-11,62876.45718326617,90556.88843697825,90556.88843697825,1.3248957486666768e-11,9924.661037753398,8.346212609922077e-12
2025-06-12,63964.368292558705,0.0,0.0,4.6813195098138744e-11,63964.36829255875,91303.81246155204,91303.81246155204,1.1198153515579179e-11,15062.667540466213,6.59383658785373e-12
2025-06-13,23810.594177761563,0.0,0.0,2.598669013309518e-11,23810.594177761584,46882.696064903,46882.696064903,7.94031507211912e-12,15438.085410787487,5.552891479965183e-12
2025-06-14,24638.135697668185,0.0,0.0,2.5020931104791087e-11,24638.135697668207,47509.10494542211,47509.10494542211,7.766232101857895e-12,17991.765339818354,4.831690603168681e-12
2025-06-15,63252.97405647764,0.0,0.0,6.640289029746782e-11,63252.9740564777,90753.09330934743,90753.09330934743,1.6015633264032658e-11,16116.095823780146,8.895995051716454e-12
2025-06-16,64306.66197177787,0.0,0.0,5.86172745897784e-11,64306.661971777925,91250.6307425632,91250.6307425632,1.4239276424632408e-11,14702.041141606425,8.185452315956354e-12
2025-06-17,63578.522543121835,0.0,0.0,6.964983434443184e-11,63578.52254312191,91029.5077409171,91029.5077409171,1.5017320720289717e-11,12579.833144885371,7.133849067031406e-12
2025-06-18,65295.41488888496,0.0,0.0,5.564382199452211e-11,65295.41488888502,92795.93910543798,92795.93910543798,1.3224976669334865e-11,18042.401455232226,7.617018127348274e-12
2025-06-19,62941.91896229786,0.0,0.0,35.783080000050845,62977.70204229791,91314.25753333332,91314.25753333332,5.253333333346848,19610.17543853617,8.785860927673639e-12
2025-06-20,23051.39705149197,0.0,0.0,4.251272400779271e-11,23051.397051492015,45513.904669870666,45513.904669870666,1.355004997094511e-11,20409.637193619943,1.0189182830799837e-11
2025-06-21,22555.437832591022,0.0,0.0,4.391971941686279e-11,22555.437832591066,45249.053607407404,45249.053607407404,1.2740031252178596e-11,22710.646483285145,8.988365607365267e-12
2025-06-22,61857.45192360713,0.0,0.0,8.69112994905663e-11,61857.451923607216,88984.68271137567,88984.68271137567,2.0179413695586845e-11,18057.95487078427,1.1453948900452815e-11
2025-06-23,60791.0624063778,0.0,0.0,6.792153817158919e-11,60791.062406377874,88716.94928336273,88716.94928336273,1.5794476837527327e-11,17861.240688124653,8.873790591223951e-12
2025-06-24,61909.54559546785,0.0,0.0,6.499181814945132e-11,61909.54559546792,87644.00919379776,87644.00919379776,1.4569678796760854e-11,6765.9344870017785,6.377121053446899e-12
2025-06-25,60445.96067725047,0.0,0.0,5.263964863999604e-11,60445.96067725053,87897.57771666668,87897.57771666668,1.2861711695677513e-11,13549.755902161398,6.544986774770223e-12
2025-06-26,60059.400568041136,0.0,0.0,4.737296244172739e-11,60059.40056804118,88233.84006172839,88233.84006172839,1.1590728377086634e-11,17063.002939947106,7.37720995402924e-12
2025-06-27,20710.220506797727,0.0,0.0,4.451762891655164e-11,20710.22050679777,42858.50825282188,42858.50825282188,1.3079759497713894e-11,19798.818791669328,9.747314066999024e-12
2025-06-28,20798.955751064226,0.0,0.0,3.131674297662812e-11,20798.955751064263,43400.62279926514,43400.62279926514,9.887202168101794e-12,18178.639497672266,6.181721801112872e-12
2025-06-29,61158.40625080034,0.0,0.0,4.6210267612423194e-11,61158.406250800384,88813.36895023515,88813.36895023515,1.1150191880915372e-11,15063.675791034693,6.23856521997368e-12
2025-06-30,59175.733654021526,0.0,0.0,5.69843265907366e-11,59175.733654021584,86571.2157419753,86571.2157419753,1.530864324195136e-11,13017.094438536178,7.389644451905042e-12
2025-07-01,63682.485866506104,0.0,0.0,11560.0457568284,75242.53162333451,85997.0898531746,85997.0898531746,1919.5201175693824,4934.937733421537,576.5219701646139
2025-07-02,60722.02947871098,0.0,0.0,14730.896586781875,75452.92606549287,82418.20918330393,82418.20918330393,2293.1411555999543,8303.648912316297,660.7662705761384
2025-07-03,60460.01167844221,0.0,0.0,24432.33007776639,84892.34175620861,80991.0263446502,80991.0263446502,3454.176603291609,422.3657976190632,556.1407257201691
2025-07-04,21322.183893981426,0.0,0.0,17812.06012266661,39134.24401664804,37974.611840476195,37974.611840476195,4494.312986345103,9844.938057613184,796.3472181070002
2025-07-05,20969.077700455477,0.0,0.0,20185.66845266989,41154.746153125365,38378.24793095238,38378.24793095238,4275.8172914450415,10372.19721904763,473.54763868313245
2025-07-06,57901.682175103706,0.0,0.0,47172.85994242299,105074.54211752671,77682.56725698354,77682.56725698354,6244.986957288958,350.325873809541,768.7903183127593
2025-07-07,57535.55460325715,0.0,0.0,10086.330993384816,67621.88559664195,78673.31859662553,78673.31859662553,1531.7268553800816,2915.5735044444596,348.6054253086453
2025-07-08,69837.08350587463,0.0,0.0,10.66319035720447,69847.74669623183,93626.37922310407,93626.37922310407,1.2698809523948427,13944.286851273973,8.306244581035571e-12
2025-07-09,69210.03012203533,0.0,0.0,4.0931929845555716e-11,69210.03012203537,92794.38213500059,92794.38213500059,1.0061285138363019e-11,14860.979960259858,6.977529665164184e-12
2025-07-10,70004.84929743785,0.0,0.0,5.7927231011944965e-11,70004.8492974379,92796.3708229071,92796.3708229071,1.4502177236863645e-11,16527.79209109349,1.0167866548727034e-11
2025-07-11,30793.601350028533,0.0,0.0,3.2657030857308196e-11,30793.60135002857,51391.12022254556,51391.12022254556,8.235190307459561e-12,15139.8644156802,4.774847184307873e-12
2025-07-12,30276.320838470245,0.0,0.0,3.463533460035251e-11,30276.320838470274,51661.979130952386,51661.979130952386,9.57456336436735e-12,16799.884770047043,7.215561481643817e-12
2025-07-13,67629.09163085422,0.0,0.0,5.66128761647633e-11,67629.09163085428,93097.00121419753,93097.00121419753,1.3940848475613166e-11,20465.995237646403,9.990230864787009e-12
2025-07-14,67698.89854636417,0.0,0.0,3.1503547770483915e-11,67698.8985463642,92015.67211000089,92015.67211000089,7.040590332962893e-12,16726.03381962406,5.1167958758924215e-12
2025-07-15,68266.69367020589,0.0,0.0,4.538322073699419e-11,68266.69367020595,91995.37807046973,91995.37807046973,1.1393552767913206e-11,15551.639595826,6.892264536872972e-12
2025-07-16,67972.98367629011,0.0,0.0,4.635932526753095e-11,67972.98367629014,90879.4250851746,90879.4250851746,1.0224709967587842e-11,15195.394182880083,5.8264504332328215e-12
2025-07-17,67394.90628413305,0.0,0.0,6.957050224798423e-11,67394.9062841331,90652.458159637,90652.458159637,1.3610446103484719e-11,14067.809798077034,5.218936394157936e-12
2025-07-18,29348.247967659263,0.0,0.0,3.6318649421218656e-11,29348.247967659303,50499.68634335685,50499.68634335685,1.049471620717668e-11,16077.547061257736,7.894129794294713e-12
2025-07-19,29577.3232631111,0.0,0.0,3.408374205093878e-11,29577.323263111135,50937.596702586714,50937.596702586714,8.65796323523682e-12,20414.20343133452,6.352252057695296e-12
2025-07-20,66590.5575335834,0.0,0.0,4.644070350501295e-11,66590.55753358343,90280.64753577308,90280.64753577308,1.1309619907251545e-11,14447.342286934463,7.048583938740194e-12
2025-07-21,69269.1540347077,0.0,0.0,5.4624778478284955e-11,69269.15403470775,92710.66742501469,92710.66742501469,1.1796785770457063e-11,14414.730505746627,5.998757046654646e-12
2025-07-22,67751.51073660175,0.0,0.0,5.086065080206481e-11,67751.5107366018,91393.67799384275,91393.67799384275,1.1901590823981678e-11,13680.532962361272,6.409095476556104e-12
2025-07-23,67700.0840806887,0.0,0.0,4.062158609485777e-11,67700.08408068874,91487.36358098178,91487.36358098178,9.634959496906959e-12,13510.850782877144,6.174616373755271e-12
2025-07-24,67946.33530777204,0.0,0.0,7.379698452325556e-11,67946.33530777213,91526.05632865962,91526.05632865962,1.5370815731330367e-11,13948.472338120242,7.37365724035044e-12
2025-07-25,29225.761883196818,0.0,0.0,3.007650661857042e-11,29225.761883196847,50397.842657730755,50397.842657730755,7.958078640513122e-12,20488.099942347453,5.115907697472721e-12
2025-07-26,29836.31714098955,0.0,0.0,3.475838106226092e-11,29836.31714098958,51304.58948674309,51304.58948674309,8.892442338037654e-12,19082.802877240752,6.220801651579677e-12
2025-07-27,67173.59210841336,0.0,0.0,4.083686455658153e-11,67173.5921084134,90648.55287981452,90648.55287981452,1.0238920822303044e-11,12652.460013334523,7.460698725481052e-12
2025-07-28,67583.78261463724,0.0,0.0,6.24278186506233e-11,67583.7826146373,90329.04806302175,90329.04806302175,1.4333728648452393e-11,8268.300716582322,9.69743729761774e-12
2025-07-29,68731.25314788072,0.0,0.0,3.982521823431284e-11,68731.25314788077,92872.10246772369,92872.10246772369,9.912959342273098e-12,12495.910871929176,5.873523889476928e-12
2025-07-30,69232.4661338519,0.0,0.0,4.078772875004688e-11,69232.46613385197,92523.01905505586,92523.01905505586,1.0665246463759104e-11,14425.539508511474,7.30437932361383e-12
2025-07-31,66765.90469554384,0.0,0.0,4.5326832065484264e-11,66765.90469554388,90881.87961496178,90881.87961496178,8.604672530054813e-12,12384.059183715472,2.8990143619012088e-12
2025-08-01,26941.012464101666,0.0,0.0,3.213805754853638e-11,26941.012464101703,47127.54172857143,47127.54172857143,8.760991931922035e-12,22757.538551397134,4.746425474877469e-12
2025-08-02,26109.842742853616,0.0,0.0,3.819974203622678e-11,26109.842742853656,46604.82701031746,46604.82701031746,9.766409903022577e-12,22111.962118455038,6.139089236967266e-12
2025-08-03,60445.556855830175,0.0,0.0,1129.9128444214641,61575.46970025163,85715.18103072899,85715.18103072899,135.87042142858024,19830.08652868902,4.995115432393504e-12
2025-08-04,59696.54287696491,0.0,0.0,33.71816802146946,59730.26104498638,83508.43666546149,83508.43666546149,4.151680952390285,14643.963279495598,5.6132876125047915e-12
2025-08-05,58227.492996714485,0.0,0.0,120.97880812385031,58348.47180483834,81561.85335329219,81561.85335329219,14.590095238105448,12518.560852400655,6.210143510543276e-12
2025-08-06,57998.36922003521,0.0,0.0,295.0813977598721,58293.45061779508,79666.70730082305,79666.70730082305,34.48018202383201,7987.079651657876,1.2212453270876722e-11
2025-08-07,56639.44352596257,0.0,0.0,73.59152354291099,56713.03504950547,78769.51125572927,78769.51125572927,8.448114285727435,11610.883180954157,7.133849067031406e-12
2025-08-08,24157.85974728619,0.0,0.0,4.8329568791416475e-11,24157.85974728624,43450.98166666667,43450.98166666667,1.13491438469282e-11,24309.712444304536,6.0538241086760536e-12
2025-08-09,23935.54741760099,0.0,0.0,3.007195914506155e-11,23935.54741760102,42727.09230144033,42727.09230144033,9.265477274311706e-12,20068.68854026368,6.508571459562518e-12
2025-08-10,56808.39196205771,0.0,0.0,114.58170400004975,56922.97366605776,76794.16237688242,76794.16237688242,14.093133333347083,8013.8518947010725,9.748646334628575e-12
2025-08-11,55742.64914641723,0.0,0.0,576.6485741857462,56319.297720602975,78061.17435358613,78061.17435358613,68.77768333334252,9703.222899133463,5.6417093219351955e-12
2025-08-12,55457.77833744928,0.0,0.0,4224.737658416141,59682.51599586541,76426.78991625513,76426.78991625513,517.9394689524012,5540.818996325713,1.0182077403442236e-11
2025-08-13,55600.6515058473,0.0,0.0,729.5328660762312,56330.18437192353,77047.11025224133,77047.11025224133,88.48940952381955,7300.061255658743,5.218048215738236e-12
2025-08-14,55448.309727281565,0.0,0.0,795.2175979048145,56243.52732518637,77521.89680335097,77521.89680335097,93.54250476191628,7447.097938616419,7.497114040688757e-12
2025-08-15,23830.906646523425,0.0,0.0,4.8337721381130906e-11,23830.90664652348,42594.95232780717,42594.95232780717,1.1958434242842486e-11,21768.19269731483,7.752021247142693e-12
2025-08-16,23989.486688764053,0.0,0.0,2.6244691753163352e-11,23989.486688764075,42995.63610714286,42995.63610714286,6.608047442568932e-12,22292.72980700824,2.6716406864579767e-12
2025-08-17,55297.1220920347,0.0,0.0,848.8727021095655,56145.994794144266,77074.56368193093,77074.56368193093,102.01955714286727,10114.886854366563,5.38857847232066e-12
2025-08-18,55632.99545591926,0.0,0.0,1005.9731906976643,56638.96864661692,77498.06628950824,77498.06628950824,118.83406904763005,8942.25741312496,7.160605441924872e-12
2025-08-19,56010.56533922451,0.0,0.0,596.5951745095709,56607.16051373408,76946.49277921811,76946.49277921811,70.1772952381083,9133.32853440507,9.279688129026908e-12
2025-08-20,56140.65171642188,0.0,0.0,3508.4537037703094,59649.105420192194,76200.3543616108,76200.3543616108,582.7625380952551,1868.4429261734472,1.248423586730496e-11
2025-08-21,55865.014345314514,0.0,0.0,4.131821995656537e-11,55865.01434531456,77085.77786149323,77085.77786149323,9.777068044058979e-12,7722.854449589662,4.888534022029489e-12
2025-08-22,24090.512943611167,0.0,0.0,4.69780143674825e-11,24090.51294361121,42773.847984273954,42773.847984273954,1.1869616400872474e-11,18369.254032635814,7.545963853772264e-12
2025-08-23,23828.831216776663,0.0,0.0,3.1353323493021894e-11,23828.831216776693,43268.303466666664,43268.303466666664,1.014655026665423e-11,17397.485254464442,7.645439836778678e-12
2025-08-24,56510.123297883205,0.0,0.0,6.8745600000656575,56516.99785788327,78280.56694867724,78280.56694867724,0.8266666666820406,10655.078068636994,9.514167231827741e-12
2025-08-25,57202.68578092581,0.0,0.0,206.38942211673987,57409.07520304255,78872.97977898296,78872.97977898296,24.837766666683088,3967.6412255799746,9.478640095039736e-12
2025-08-26,56529.09782029654,0.0,0.0,118.11723615005913,56647.21505644661,79218.39941190476,79218.39941190476,14.006550000013277,9822.03972713112,7.929656931082718e-12
2025-08-27,57030.38671063102,0.0,0.0,148.17216000005288,57178.55887063107,79033.54469373898,79033.54469373898,18.320000000013763,6885.454106220185,9.123368727159686e-12
2025-08-28,57067.61003079399,0.0,0.0,406.83796191674804,57474.44799271073,78745.29589320987,78745.29589320987,48.05911904763754,4053.197800696376,1.071143174158351e-11
2025-08-29,24951.190152205716,0.0,0.0,3.100806189593186e-11,24951.19015220575,44393.548864285716,44393.548864285716,9.247713705917704e-12,18301.846624692254,5.300648808770347e-12
2025-08-30,24997.434955326575,0.0,0.0,4.191212354953677e-11,24997.434955326615,44816.42570405644,44816.42570405644,1.021049911287264e-11,22562.221259229882,5.5706550483591855e-12
2025-08-31,57446.226297050256,0.0,0.0,289.4690308500501,57735.695327900314,80213.35928154027,80213.35928154027,35.01040952382006,9788.890936514412,5.8832938520936295e-12
2025-09-01,51344.57815613445,0.0,0.0,4.718639701195571e-11,51344.57815613449,80048.3533394268,80048.3533394268,1.20579102258489e-11,23107.096896476793,7.44648787076585e-12
2025-09-02,50755.1639505973,0.0,0.0,2.942855381604659e-11,50755.16395059733,79667.68244758967,79667.68244758967,7.037925797703792e-12,21635.658836067036,3.40349970429088e-12
2025-09-03,52335.10336412258,0.0,0.0,4.516562057688133e-11,52335.103364122624,79704.36526055261,79704.36526055261,1.1738165994756855e-11,20186.358409494424,7.275957614183426e-12
2025-09-04,51750.883555477645,0.0,0.0,4.066269809754885e-11,51750.88355547769,79239.47500874163,79239.47500874163,1.184830011879967e-11,21806.911618812483,8.5051965470484e-12
2025-09-05,21101.147598665924,0.0,0.0,3.015958327523549e-11,21101.147598665953,43291.89120099941,43291.89120099941,1.0402345651527867e-11,33115.98581757791,7.73070496506989e-12
2025-09-06,21527.47572298786,0.0,0.0,3.800985837187909e-11,21527.475722987896,44041.27968809524,44041.27968809524,1.2704504115390591e-11,32689.916319854812,9.052314453583676e-12
2025-09-07,50302.706749984674,0.0,0.0,3.542945226087113e-11,50302.70674998472,77828.7808441211,77828.7808441211,1.0965450769617746e-11,18968.632254181375,7.952749569994921e-12
2025-09-08,41920.4594634213,0.0,0.0,5789.255603930525,47709.715067351826,65766.82237757201,65766.82237757201,891.9153602625114,3465.926455908307,6.551204023708124e-12
2025-09-09,42685.58784242523,0.0,0.0,93.40916185004677,42778.997004275276,67253.29307216343,67253.29307216343,13.667300000013505,10503.515032539699,7.503331289626658e-12
2025-09-10,43269.95571560376,0.0,0.0,2823.018619388325,46092.974334992075,66976.29686916519,66976.29686916519,427.33258430954515,1796.0812094650457,1.3955059330328368e-11
2025-09-11,42821.80894150754,0.0,0.0,64.64712578098924,42886.45606728853,67781.5063515873,67781.5063515873,9.942652380962151,10219.221480784545,4.853006885241484e-12
2025-09-12,15556.315285004523,0.0,0.0,2.4096475925716733e-11,15556.315285004548,33837.81228333333,33837.81228333333,8.064660050877137e-12,19028.15652300971,4.291678123991005e-12
2025-09-13,15628.3796998494,0.0,0.0,3.451931007703024e-11,15628.379699849436,34486.01277298648,34486.01277298648,1.1368683772161603e-11,23114.835645032348,6.650680006714538e-12
2025-09-14,43617.576380375394,0.0,0.0,5.790047197251624e-11,43617.57638037545,68034.19327110524,68034.19327110524,1.4843237750028493e-11,3851.153016049402,8.704148513061227e-12
2025-09-15,44598.70362692252,0.0,0.0,7.876615533370626,44606.58024245589,69672.80889653145,69672.80889653145,1.1717666666760778,10331.791674750159,4.405364961712621e-12
2025-09-16,44920.00331631572,0.0,0.0,32.665818350035664,44952.66913466576,68544.12435402704,68544.12435402704,4.85448333334395,5329.078714785438,6.110667527536862e-12
2025-09-17,45023.880143008646,0.0,0.0,3.949749682874426e-11,45023.88014300868,69753.58123862435,69753.58123862435,1.0730971666816913e-11,5800.637473838937,6.405542762877303e-12
2025-09-18,44136.15399948764,0.0,0.0,4.0491412722776236e-11,44136.15399948767,68765.65264450324,68765.65264450324,1.1442707892328485e-11,5984.882686449164,5.739408948102209e-12
2025-09-19,16106.352536662027,0.0,0.0,3.424891836800725e-11,16106.352536662063,35396.35468765432,35396.35468765432,1.071143174158351e-11,15669.336393373913,5.375255796025158e-12
2025-09-20,15640.05069165626,0.0,0.0,3.626341538165434e-11,15640.050691656299,35091.754865637864,35091.754865637864,1.474553812386148e-11,15677.233558730175,9.805489753489383e-12
2025-09-21,46353.067850894564,0.0,0.0,4.477853110529395e-11,46353.06785089461,71496.23174541446,71496.23174541446,1.311661890213145e-11,9591.49607848532,9.272582701669307e-12
2025-09-22,46450.93572420858,0.0,0.0,71.60772000003936,46522.543444208626,70751.32795631982,70751.32795631982,10.906666666676248,6434.8415611258215,5.286437954055145e-12
2025-09-23,46854.58835017441,0.0,0.0,4.0621941366225654e-11,46854.588350174454,72449.36206579042,72449.36206579042,1.0090595026213123e-11,5923.438714679909,5.5075943805604766e-12
2025-09-24,46684.180038559745,0.0,0.0,4.212390791735743e-11,46684.18003855979,71962.34638903587,71962.34638903587,1.2066792010045901e-11,6816.305803955042,7.972289495228324e-12
2025-09-25,46462.62392404086,0.0,0.0,111.1026442500426,46573.726568290906,71885.68117222222,71885.68117222222,16.51470000001317,7563.021161686378,6.572520305780927e-12
2025-09-26,16014.153941313332,0.0,0.0,3.3732028725808055e-11,16014.153941313367,35765.067435714285,35765.067435714285,1.000444171950221e-11,14883.816222574971,5.9685589803848416e-12
2025-09-27,16653.480629342088,0.0,0.0,4.7943601089173174e-11,16653.480629342135,35974.023901910645,35974.023901910645,1.588773557159584e-11,14509.175889084087,8.86757334228605e-12
2025-09-28,48081.94513437394,0.0,0.0,4.7152477034018153e-11,48081.945134373986,73004.80500529101,73004.80500529101,1.3881229499190795e-11,5280.5530031452245,7.497003018386295e-12
2025-09-29,48456.41957841091,0.0,0.0,114.90127288099717,48571.32085129191,74267.98346281599,74267.98346281599,20.6022738095349,7347.8927325984905,4.703792910731863e-12
2025-09-30,49212.65901986436,0.0,0.0,5.340912334617088e-11,49212.65901986441,74400.48673977071,74400.48673977071,1.4177103935253399e-11,4847.5164043503955,6.304290423031489e-12
2025-10-01,46506.60309201355,0.0,0.0,4.574012280045281e-11,46506.603092013596,75049.83461102293,75049.83461102293,1.269029326067539e-11,21662.63677850119,8.128608897095546e-12
2025-10-02,45585.26339029411,0.0,0.0,3.7380956996457826e-11,45585.263390294145,73444.03472216343,73444.03472216343,1.1823431123048067e-11,17879.571523161092,8.782308213994838e-12
2025-10-03,15172.229524342016,0.0,0.0,3.240405987980921e-11,15172.229524342049,35894.407956760726,35894.407956760726,1.1212364370294381e-11,24456.010858201073,5.3859139370615594e-12
2025-10-04,16381.526369852943,0.0,0.0,2.432019385878448e-11,16381.526369852965,37031.13700487949,37031.13700487949,8.142819751810748e-12,20314.444674656683,4.959588295605499e-12
2025-10-05,44876.051729506624,0.0,0.0,4.2798873778338026e-11,44876.05172950667,71114.28630305703,71114.28630305703,1.0800249583553523e-11,12581.720125002956,7.261746759468224e-12
2025-10-06,45962.82620534487,0.0,0.0,6.221963211316962e-11,45962.82620534493,71067.40342010581,71067.40342010581,1.7706724975141697e-11,9312.747307084672,1.1713296999005252e-11
2025-10-07,44985.760750432375,0.0,0.0,3.658840874720681e-11,44985.76075043241,70783.47808709583,70783.47808709583,8.608225243733614e-12,8585.154105682848,5.7838178690872155e-12
2025-10-08,41070.79122331709,0.0,0.0,3.980687779403524e-11,41070.79122331712,66185.71090878894,66185.71090878894,1.1482370609883219e-11,5535.778035070262,7.44648787076585e-12
2025-10-09,41217.269142899764,0.0,0.0,3.4936314285971546e-11,41217.26914289979,66763.1499568783,66763.1499568783,8.37108160567368e-12,7083.99835288067,4.033218203858269e-12
2025-10-10,13531.041530458335,0.0,0.0,3.8973222871163674e-11,13531.041530458373,33325.146680952384,33325.146680952384,1.4317436125566019e-11,20234.593799323946,7.133849067031406e-12
2025-10-11,14067.001356515066,0.0,0.0,4.771682604598481e-11,14067.001356515113,34407.10280385068,34407.10280385068,1.531752502614836e-11,16453.735268264863,7.418066161335446e-12
2025-10-12,42001.531903468436,0.0,0.0,22.945195583374545,42024.47709905181,67874.66578771311,67874.66578771311,4.568480952390171,5450.57161575427,4.213518423057394e-12
2025-10-13,42587.344705844735,0.0,0.0,4.508502726707775e-11,42587.344705844785,68404.25776787184,68404.25776787184,1.2029488516418496e-11,7428.814121889784,7.062794793455396e-12
2025-10-14,42623.60003708147,0.0,0.0,6.1790558447683e-11,42623.600037081545,67965.96147892418,67965.96147892418,1.6640910871501546e-11,2944.406917944462,1.0942358130705543e-11
2025-10-15,42845.9143016025,0.0,0.0,7.725342215936237e-11,42845.91430160258,68220.69496355084,68220.69496355084,2.0754009621981595e-11,2116.4109511519864,1.4779288903810084e-11
2025-10-16,43906.1576916551,0.0,0.0,5065.783500345831,48971.94119200093,68838.69133227514,68838.69133227514,769.3043362619208,2592.1993733098307,7.73603403558809e-12
2025-10-17,14480.376744626905,0.0,0.0,2.972373636112025e-11,14480.376744626938,34511.87477619048,34511.87477619048,9.894751684669245e-12,15075.47970857203,6.278089159650335e-12
2025-10-18,14270.762879842709,0.0,0.0,3.7227799509764735e-11,14270.762879842747,34503.798084920636,34503.798084920636,1.3004708421249234e-11,14831.664894725178,8.15703060652595e-12
2025-10-19,45667.19616692836,0.0,0.0,1566.7183376205217,47233.914504548884,71505.66308274545,71505.66308274545,240.89219971430924,3623.849108562049,1.2519763004092965e-11
2025-10-20,46022.34228150011,0.0,0.0,1134.0160057178916,47156.358287218005,72425.35574068195,72425.35574068195,215.730741309533,3869.4990156907825,6.849631972727366e-12
2025-10-21,47666.61969704456,0.0,0.0,5.492577770382923e-11,47666.61969704462,73790.46495667254,73790.46495667254,1.696065510259359e-11,3140.681177483854,1.2192913345643319e-11
2025-10-22,47556.87952711143,0.0,0.0,3199.9637266878085,50756.84325379924,74387.77335194004,74387.77335194004,605.018279493543,4923.252628806598,3.574029960873304e-12
2025-10-23,47645.09622807072,0.0,0.0,5.437233596694568e-11,47645.09622807077,74777.01083888888,74777.01083888888,1.4374279544426827e-11,7336.741751616711,9.826806035562186e-12
2025-10-24,14493.126825613934,0.0,0.0,4.071420756091015e-11,14493.126825613974,34993.979578012935,34993.979578012935,1.2877698907232116e-11,12914.908192269268,6.0254023992456496e-12
2025-10-25,14651.188607527833,0.0,0.0,4.845078827031557e-11,14651.188607527882,35794.10084529688,35794.10084529688,1.5689671784002712e-11,12312.405597032941,8.165024212303251e-12
2025-10-26,49030.29915560577,0.0,0.0,4.710078727043765e-11,49030.29915560581,75680.01705314522,75680.01705314522,1.2136069926782511e-11,7231.374639967387,6.0751403907488566e-12
2025-10-27,48530.787154822996,0.0,0.0,89.66195000007089,48620.44910482307,75656.69312104645,75656.69312104645,17.07846666668359,8261.323719692848,9.585221505403752e-12
2025-10-28,48948.975156901026,0.0,0.0,5.881954889819241e-11,48948.9751569011,75465.00098318636,75465.00098318636,1.4653445123968822e-11,5568.841696061154,8.922196315097608e-12
2025-10-29,49236.849293965584,0.0,0.0,6.01915814968379e-11,49236.84929396564,75115.89599300412,75115.89599300412,1.4697576489197672e-11,1453.847029108485,9.14468500923249e-12
2025-10-30,49573.2996948021,0.0,0.0,5.76198928570193e-11,49573.299694802154,75436.35359079952,75436.35359079952,1.6015633264032658e-11,6660.271301499135,1.0459189070388675e-11
2025-10-31,15260.332495945273,0.0,0.0,3.6358184907214766e-11,15260.332495945308,36232.844996149324,36232.844996149324,1.3651302310790925e-11,8721.475767496195,7.432277016050648e-12
2025-11-01,14973.483270814406,0.0,0.0,4.2976374459158255e-11,14973.483270814448,36256.87822257496,36256.87822257496,1.2590817277668975e-11,9971.19629707879,6.124878382252064e-12
2025-11-02,51075.26040761324,0.0,0.0,4.765719552324299e-11,51075.2604076133,77821.31109430952,77821.31109430952,1.1851852832478471e-11,4631.27381411583,7.496225862269057e-12
2025-11-03,52792.3754997331,0.0,0.0,4.4330136006465184e-11,52792.37549973314,78868.282055291,78868.282055291,1.2541079286165768e-11,5028.154056291902,8.15703060652595e-12
2025-11-04,52374.32046862897,0.0,0.0,104.62290446670077,52478.943373095666,79386.18057634716,79386.18057634716,21.835104761912554,7684.794806068203,4.030553668599168e-12
2025-11-05,53573.87828720037,0.0,0.0,6.874886793184487e-11,53573.87828720044,79674.05432340477,79674.05432340477,1.6836310123835574e-11,5978.369055968275,8.93507490218326e-12
2025-11-06,53255.780652640824,0.0,0.0,3230.397748938764,56486.17840157958,78922.2776542916,78922.2776542916,601.7336845238276,3885.901805908311,1.0370371228418662e-11
2025-11-07,15513.654453190238,0.0,0.0,4.375598194883423e-11,15513.654453190284,36878.56822142858,36878.56822142858,1.5276668818842154e-11,9870.122479894198,9.9333874459262e-12
2025-11-08,15529.70740911725,0.0,0.0,3.3928849063613595e-11,15529.707409117284,37020.23541046443,37020.23541046443,1.2377654456940945e-11,9570.969935493256,7.51754214434186e-12
2025-11-09,54510.0154626479,0.0,0.0,4.6783696916463664e-11,54510.01546264795,80702.95715009523,80702.95715009523,1.2732925824820995e-11,5456.261720693719,8.58335624798201e-12
2025-11-10,55440.97890312516,0.0,0.0,7.310898553214428e-11,55440.97890312523,81219.59062807143,81219.59062807143,1.8459900275047403e-11,3131.0531287772155,1.0786038728838321e-11
2025-11-11,55078.95736155009,0.0,0.0,3.4389536551771016e-11,55078.95736155013,81552.00287545561,81552.00287545561,9.066525308298878e-12,5705.059121052335,5.158540261618327e-12
2025-11-12,55417.53961676489,0.0,0.0,60.579686666727305,55478.11930343161,82182.14685207143,82182.14685207143,11.773333333347612,7186.323967460336,7.975842208907125e-12
2025-11-13,56626.52675275724,0.0,0.0,7.442402161217388e-11,56626.52675275733,82529.48794221782,82529.48794221782,1.6681767078807752e-11,6034.803729559686,7.23154869319842e-12
2025-11-14,16004.507093436703,0.0,0.0,4.458354752046034e-11,16004.507093436747,38263.440273368615,38263.440273368615,1.3251622021925868e-11,7115.25346093476,7.140954494389007e-12
2025-11-15,16311.551759838878,0.0,0.0,3.3267905763523227e-11,16311.551759838912,37967.361993180486,37967.361993180486,1.0903278280238737e-11,6041.9663196105375,6.693312570860144e-12
2025-11-16,57684.292173391004,0.0,0.0,6.090712112438724e-11,57684.29217339107,83772.83853078337,83772.83853078337,1.390620951724486e-11,4883.265458110247,8.676614982050523e-12
2025-11-17,58094.48298591806,0.0,0.0,4.7699517224941705e-11,58094.482985918105,84905.2331968548,84905.2331968548,1.1102230246251565e-11,7853.377367888903,5.616840326183592e-12
2025-11-18,57865.821418566906,0.0,0.0,6.39072315067324e-11,57865.82141856697,83843.54367380953,83843.54367380953,1.5848655721129035e-11,4768.396036757804,9.407585821463726e-12
2025-11-19,58553.12836943512,0.0,0.0,4.681055898458908e-11,58553.12836943517,83690.9009643739,83690.9009643739,1.0864198429771932e-11,3908.259959477673,6.799893981224159e-12
2025-11-20,58021.234074161664,0.0,0.0,7.780557531589239e-11,58021.23407416175,84325.22928333333,84325.22928333333,1.930011706008372e-11,5589.830141563807,1.1782574915741861e-11
2025-11-21,16998.81898064709,0.0,0.0,4.667965924909368e-11,16998.818980647135,39292.0324255732,39292.0324255732,1.6640910871501546e-11,6879.005955039703,7.574385563202668e-12
2025-11-22,17287.53415582095,0.0,0.0,3.9392207495936304e-11,17287.53415582099,40364.0985047619,40364.0985047619,1.4018564087336927e-11,6312.94606199737,6.404210495247753e-12
2025-11-23,59462.328195297945,0.0,0.0,5.948865577920514e-11,59462.328195298,85579.56479462082,85579.56479462082,1.4438228390645236e-11,6071.0279462775,7.844391802791506e-12
2025-11-24,58816.506616934785,0.0,0.0,6.892710224803977e-11,58816.50661693484,85054.78994509112,85054.78994509112,1.802291649255494e-11,6682.0289432099,1.1933565247090883e-11
2025-11-25,59043.15770205311,0.0,0.0,7.592740836059876e-11,59043.15770205319,85792.72984514992,85792.72984514992,1.758237999638368e-11,5231.8617395061965,1.2004619520666893e-11
2025-11-26,60062.41891676383,0.0,0.0,5.2735316558027984e-11,60062.41891676388,85938.13064397415,85938.13064397415,1.475086719437968e-11,5024.3918627313515,9.72022462519817e-12
2025-11-27,60126.014803219645,0.0,0.0,7.423232517567157e-11,60126.01480321973,85993.54651261022,85993.54651261022,1.752198386384407e-11,6093.3975221422925,8.711253940418828e-12
2025-11-28,17029.093316696526,0.0,0.0,4.744569004344612e-11,17029.093316696573,41052.69006023809,41052.69006023809,1.5925039065223245e-11,6367.919996472685,9.736211836752773e-12
2025-11-29,17692.133022784878,0.0,0.0,6.584841794055052e-11,17692.133022784943,41957.61233603762,41957.61233603762,2.138667021256424e-11,3010.139698821893,1.2902789947588644e-11
2025-11-30,61448.821238281605,0.0,0.0,8.688817398905258e-11,61448.821238281686,87085.22116510876,87085.22116510876,2.0053292359989427e-11,2436.519162079683,1.2464695942071558e-11
2025-12-01,65836.32514957596,0.0,0.0,24195.891087958622,90032.21623753458,88158.30824285714,88158.30824285714,3787.8605345238248,1124.931751469742,8.29913915367797e-12
2025-12-02,67346.12080328738,0.0,0.0,31732.65729593853,99078.77809922592,88661.66452857142,88661.66452857142,4664.660030976206,391.04785346856454,7.73070496506989e-12
2025-12-03,68227.26540554072,0.0,0.0,12808.493814272255,81035.75921981299,90037.26318333333,90037.26318333333,1939.5394404762071,300.95187204764056,6.66489086142974e-12
2025-12-04,68195.89946597072,0.0,0.0,13845.630336366054,82041.52980233676,90164.95571666666,90164.95571666666,2271.4507762381163,1317.5450123457035,4.82458517581108e-12
2025-12-05,21221.31896081704,0.0,0.0,3962.2131253472858,25183.532086164327,47355.48854074074,47355.48854074074,803.1536571904913,2545.7264958377614,7.176481631177012e-12
2025-12-06,22119.560203632776,0.0,0.0,3175.9958526481373,25295.556056280915,48515.60395843621,48515.60395843621,623.7218581904913,805.850649328937,1.1613821015998838e-11
2025-12-07,70892.74614779049,0.0,0.0,421.4991533038441,71314.24530109433,94071.07889832451,94071.07889832451,61.062490023822505,1576.418309845989,6.423306331271306e-12
2025-12-08,77136.03006303258,0.0,0.0,4.261046626652387e-11,77136.03006303264,101823.36838909466,101823.36838909466,8.952838470577262e-12,9605.50445312024,3.950617610826157e-12
2025-12-09,76670.02495889534,0.0,0.0,3.1976327363736346e-11,76670.02495889537,102089.41421152264,102089.41421152264,5.9117155615240335e-12,10379.682365772498,2.3874235921539366e-12
2025-12-10,77058.53651438042,0.0,0.0,2.9690426117667815e-11,77058.53651438045,101235.04007477954,101235.04007477954,5.7411853049416095e-12,8618.759800558506,2.8421709430404007e-12
2025-12-11,76295.18577909007,0.0,0.0,5.276051240343804e-11,76295.18577909013,102298.33829185774,102298.33829185774,1.0203393685515039e-11,12124.410443798368,4.121147867408581e-12
2025-12-12,26319.199107702916,0.0,0.0,4.081705151648407e-11,26319.19910770296,55923.42080293945,55923.42080293945,1.1810108446752565e-11,8403.061373402426,6.040501432380552e-12
2025-12-13,27158.554777863705,0.0,0.0,3.1821158152922634e-11,27158.554777863734,57243.2861031746,57243.2861031746,7.783995670251898e-12,9340.939460118178,3.964828465541359e-12
2025-12-14,78637.80233000896,0.0,0.0,4.326449243308161e-11,78637.802330009,102655.39712954144,102655.39712954144,8.753886504564434e-12,9390.330477660213,5.002220859751105e-12
2025-12-15,77948.9926811553,0.0,0.0,5.79095456032519e-11,77948.99268115536,101963.81421760729,101963.81421760729,1.2988721209694631e-11,7996.113321441816,7.673861546209082e-12
2025-12-16,78073.56208633272,0.0,0.0,4.733766445497167e-11,78073.56208633276,102541.90922413288,102541.90922413288,1.0516032489249483e-11,8829.727405812773,5.5706550483591855e-12
2025-12-17,77704.9538485986,0.0,0.0,4.974768330612278e-11,77704.95384859864,102069.93080867137,102069.93080867137,9.890754881780595e-12,9708.621409356278,4.490630090003833e-12
2025-12-18,76531.51504774179,0.0,0.0,5.2498791092148165e-11,76531.51504774185,101497.54048856554,101497.54048856554,9.72022462519817e-12,9823.145186684316,3.353761712787673e-12
2025-12-19,26782.354666926793,0.0,0.0,4.303511857983722e-11,26782.354666926833,56932.050135126396,56932.050135126396,1.099564883588755e-11,10174.540601362158,5.101696842757519e-12
2025-12-20,26628.32956009342,0.0,0.0,6.119535278514832e-11,26628.32956009348,56938.088949529694,56938.088949529694,1.6765255850259564e-11,10240.747885038236,8.93152218850446e-12
2025-12-21,77891.1597087739,0.0,0.0,3.8664381918351866e-11,77891.15970877395,102499.45006522634,102499.45006522634,7.048583938740194e-12,8818.871370893603,3.524291969370097e-12
2025-12-22,78409.05027639071,0.0,0.0,6.119429940554254e-11,78409.05027639077,102055.31043818343,102055.31043818343,1.1624479157035239e-11,8812.934379218126,6.110667527536862e-12
2025-12-23,77717.77014440944,0.0,0.0,3.2144555461854903e-11,77717.77014440947,102335.3859409171,102335.3859409171,5.229594535194337e-12,10704.816191683138,1.2505552149377763e-12
2025-12-24,77040.1452468328,0.0,0.0,3.493454414638109e-11,77040.14524683286,101749.23623106995,101749.23623106995,8.554934538551606e-12,9648.416297648455,5.5990767577895895e-12
2025-12-25,77140.81485417049,0.0,0.0,3.8007030411790766e-11,77140.81485417053,101765.65991934156,101765.65991934156,7.759126674500294e-12,9646.361187272207,3.495870259939693e-12
2025-12-26,26676.823737282317,0.0,0.0,4.1077820256418814e-11,26676.823737282357,56630.085497883614,56630.085497883614,9.944045586962602e-12,9664.514859614073,4.501288231040235e-12
2025-12-27,26069.78542999644,0.0,0.0,3.872537490678951e-11,26069.785429996475,56802.88645811287,56802.88645811287,9.308109838457312e-12,9542.227468238692,3.410605131648481e-12
2025-12-28,76891.71722878462,0.0,0.0,4.750442883505457e-11,76891.71722878466,102014.22483853615,102014.22483853615,1.0658141036401503e-11,10973.865461905953,5.9969806898152456e-12
2025-12-29,76825.3031538545,0.0,0.0,3.293574479812378e-11,76825.30315385455,101851.87481119929,101851.87481119929,7.190692485892214e-12,10049.637914313354,3.950617610826157e-12
2025-12-30,74530.20576915464,0.0,0.0,3.7307842148948106e-11,74530.20576915468,100361.2169644327,100361.2169644327,7.190692485892214e-12,9498.687471660207,2.5011104298755527e-12
2025-12-31,74525.28190257595,0.0,0.0,4.3552034867389014e-11,74525.281902576,99186.06871904762,99186.06871904762,8.412825991399586e-12,5961.53557142476,3.410605131648481e-12
