problem,seed,variant,stress,error,total,cleared,ratio,time_s,avg_s,move_m,measures,switches,miss,fallbacks,audits,runtime_s,certificate
3,40001,0,1,1,15,15,1,5796.599881,386.439992067,25137.9994051,116,114,0,0,30,0.0002985,seven_point_per_channel
3,40002,0,1,1,13,13,1,5376.864098,413.604930615,23034.3204977,118,115,0,0,26,0.0002618,seven_point_per_channel
3,40003,0,1,1,11,11,1,5080.997505,461.908864091,21389.9875326,125,123,0,0,22,0.0002552,seven_point_per_channel
3,40004,0,1,1,11,11,1,5080.997505,461.908864091,21389.9875326,125,123,0,0,22,0.0002224,seven_point_per_channel
3,40005,0,1,1,16,16,1,6042.593848,377.6621155,26402.9692472,114,112,0,0,32,0.0002911,upper_bound_16
3,40006,0,1,1,16,16,1,6041.593848,377.5996155,26402.9692472,114,111,0,0,32,0.0002889,upper_bound_16
3,40007,0,1,1,15,15,1,5796.599881,386.439992067,25137.9994051,116,114,0,0,30,0.0002767,seven_point_per_channel
3,40008,0,1,1,10,10,1,4536.174405,453.6174405,18695.8720448,125,122,0,0,20,0.0001831,seven_point_per_channel
3,40009,0,1,1,13,13,1,5376.864098,413.604930615,23034.3204977,118,115,0,0,26,0.0002383,seven_point_per_channel
3,40010,0,1,1,13,13,1,5376.864098,413.604930615,23034.3204977,118,115,0,0,26,0.0002368,seven_point_per_channel
3,40011,0,1,1,11,11,1,5080.997505,461.908864091,21389.9875326,125,123,0,0,22,0.0002064,seven_point_per_channel
3,40012,0,1,1,10,10,1,4537.174405,453.7174405,18695.8720448,125,123,0,0,20,0.000187,seven_point_per_channel
3,40013,0,1,1,11,11,1,5078.997505,461.727045909,21389.9875326,125,121,0,0,22,0.0002049,seven_point_per_channel
3,40014,0,1,1,16,16,1,6042.593848,377.6621155,26402.9692472,114,112,0,0,32,0.0003077,upper_bound_16
3,40015,0,1,1,11,11,1,5079.997505,461.817955,21389.9875326,125,122,0,0,22,0.0002268,seven_point_per_channel
3,40016,0,1,1,15,15,1,5793.599881,386.239992067,25137.9994051,116,111,0,0,30,0.0002787,seven_point_per_channel
3,40017,0,1,1,15,15,1,5795.599881,386.3733254,25137.9994051,116,113,0,0,30,0.0002726,seven_point_per_channel
3,40018,0,1,1,11,11,1,5078.997505,461.727045909,21389.9875326,125,121,0,0,22,0.000208,seven_point_per_channel
3,40019,0,1,1,14,14,1,5507.300646,393.378617571,23681.5032384,117,113,1,0,29,0.0002638,seven_point_per_channel
3,40020,0,1,1,15,15,1,5796.599881,386.439992067,25137.9994051,116,114,0,0,30,0.0002724,seven_point_per_channel
3,40021,0,1,1,13,13,1,5376.864098,413.604930615,23034.3204977,118,115,0,0,26,0.000245,seven_point_per_channel
3,40022,0,1,1,13,13,1,5374.864098,413.451084462,23034.3204977,118,113,0,0,26,0.0002407,seven_point_per_channel
3,40023,0,1,1,10,10,1,4537.174405,453.7174405,18695.8720448,125,123,0,0,20,0.0001829,seven_point_per_channel
3,40024,0,1,1,10,10,1,4536.174405,453.6174405,18695.8720448,125,122,0,0,20,0.0001809,seven_point_per_channel
3,40025,0,1,1,13,13,1,5377.864098,413.681853692,23034.3204977,118,116,0,0,26,0.0002392,seven_point_per_channel
3,40026,0,1,1,15,15,1,5796.599881,386.439992067,25137.9994051,116,114,0,0,30,0.0002744,seven_point_per_channel
3,40027,0,1,1,14,14,1,5508.300646,393.450046143,23681.5032384,117,114,1,0,29,0.0002651,seven_point_per_channel
3,40028,0,1,1,14,14,1,5508.300646,393.450046143,23681.5032384,117,114,1,0,29,0.0002664,seven_point_per_channel
3,40029,0,1,1,14,14,1,5508.300646,393.450046143,23681.5032384,117,114,1,0,29,0.0002622,seven_point_per_channel
3,40030,0,1,1,14,14,1,5508.300646,393.450046143,23681.5032384,117,114,1,0,29,0.0002621,seven_point_per_channel
3,40031,0,1,1,12,12,1,4641.341587,386.778465583,19256.707941,122,120,0,0,24,0.0002179,seven_point_per_channel
3,40032,0,1,1,11,11,1,5079.997505,461.817955,21389.9875326,125,122,0,0,22,0.0002561,seven_point_per_channel
3,40033,0,1,1,12,12,1,4641.341587,386.778465583,19256.707941,122,120,0,0,24,0.000225,seven_point_per_channel
3,40034,0,1,1,12,12,1,4641.341587,386.778465583,19256.707941,122,120,0,0,24,0.0002169,seven_point_per_channel
3,40035,0,1,1,14,14,1,5507.300646,393.378617571,23681.5032384,117,113,1,0,29,0.0002617,seven_point_per_channel
3,40036,0,1,1,10,10,1,4536.174405,453.6174405,18695.8720448,125,122,0,0,20,0.0001856,seven_point_per_channel
3,40037,0,1,1,15,15,1,5796.599881,386.439992067,25137.9994051,116,114,0,0,30,0.0002729,seven_point_per_channel
3,40038,0,1,1,15,15,1,5796.599881,386.439992067,25137.9994051,116,114,0,0,30,0.0002719,seven_point_per_channel
3,40039,0,1,1,16,16,1,6041.593848,377.5996155,26402.9692472,114,111,0,0,32,0.0002841,upper_bound_16
3,40040,0,1,1,15,15,1,5794.599881,386.306658733,25137.9994051,116,112,0,0,30,0.0002678,seven_point_per_channel
3,40041,0,1,1,13,13,1,5376.864098,413.604930615,23034.3204977,118,115,0,0,26,0.0002333,seven_point_per_channel
3,40042,0,1,1,15,15,1,5796.599881,386.439992067,25137.9994051,116,114,0,0,30,0.0002691,seven_point_per_channel
3,40043,0,1,1,14,14,1,5506.300646,393.307189,23681.5032384,117,112,1,0,29,0.0002571,seven_point_per_channel
3,40044,0,1,1,15,15,1,5796.599881,386.439992067,25137.9994051,116,114,0,0,30,0.0002734,seven_point_per_channel
3,40045,0,1,1,16,16,1,6041.593848,377.5996155,26402.9692472,114,111,0,0,32,0.000282,upper_bound_16
3,40046,0,1,1,12,12,1,4641.341587,386.778465583,19256.707941,122,120,0,0,24,0.0002136,seven_point_per_channel
3,40047,0,1,1,10,10,1,4537.174405,453.7174405,18695.8720448,125,123,0,0,20,0.0001792,seven_point_per_channel
3,40048,0,1,1,14,14,1,5508.300646,393.450046143,23681.5032384,117,114,1,0,29,0.0002561,seven_point_per_channel
3,40049,0,1,1,10,10,1,4537.174405,453.7174405,18695.8720448,125,123,0,0,20,0.0001783,seven_point_per_channel
3,40050,0,1,1,15,15,1,5796.599881,386.439992067,25137.9994051,116,114,0,0,30,0.0002692,seven_point_per_channel
3,40051,0,1,1,16,16,1,6042.593848,377.6621155,26402.9692472,114,112,0,0,32,0.0002956,upper_bound_16
3,40052,0,1,1,12,12,1,4641.341587,386.778465583,19256.707941,122,120,0,0,24,0.0002217,seven_point_per_channel
3,40053,0,1,1,12,12,1,4641.341587,386.778465583,19256.707941,122,120,0,0,24,0.0002163,seven_point_per_channel
3,40054,0,1,1,10,10,1,4536.174405,453.6174405,18695.8720448,125,122,0,0,20,0.0001796,seven_point_per_channel
3,40055,0,1,1,12,12,1,4641.341587,386.778465583,19256.707941,122,120,0,0,24,0.0002135,seven_point_per_channel
3,40056,0,1,1,16,16,1,6040.593848,377.5371155,26402.9692472,114,110,0,0,32,0.0002838,upper_bound_16
3,40057,0,1,1,15,15,1,5793.599881,386.239992067,25137.9994051,116,111,0,0,30,0.0002671,seven_point_per_channel
3,40058,0,1,1,10,10,1,4537.174405,453.7174405,18695.8720448,125,123,0,0,20,0.0001789,seven_point_per_channel
3,40059,0,1,1,16,16,1,6040.593848,377.5371155,26402.9692472,114,110,0,0,32,0.000283,upper_bound_16
3,40060,0,1,1,10,10,1,4536.174405,453.6174405,18695.8720448,125,122,0,0,20,0.0001812,seven_point_per_channel
3,40061,0,1,1,11,11,1,5080.997505,461.908864091,21389.9875326,125,123,0,0,22,0.0001981,seven_point_per_channel
3,40062,0,1,1,14,14,1,5507.300646,393.378617571,23681.5032384,117,113,1,0,29,0.0002602,seven_point_per_channel
3,40063,0,1,1,15,15,1,5795.599881,386.3733254,25137.9994051,116,113,0,0,30,0.0002796,seven_point_per_channel
3,40064,0,1,1,11,11,1,5079.997505,461.817955,21389.9875326,125,122,0,0,22,0.0001963,seven_point_per_channel
3,40065,0,1,1,14,14,1,5507.300646,393.378617571,23681.5032384,117,113,1,0,29,0.0002582,seven_point_per_channel
3,40066,0,1,1,10,10,1,4537.174405,453.7174405,18695.8720448,125,123,0,0,20,0.0001804,seven_point_per_channel
3,40067,0,1,1,13,13,1,5377.864098,413.681853692,23034.3204977,118,116,0,0,26,0.0002336,seven_point_per_channel
3,40068,0,1,1,16,16,1,6042.593848,377.6621155,26402.9692472,114,112,0,0,32,0.0002978,upper_bound_16
3,40069,0,1,1,15,15,1,5796.599881,386.439992067,25137.9994051,116,114,0,0,30,0.000266,seven_point_per_channel
3,40070,0,1,1,13,13,1,5377.864098,413.681853692,23034.3204977,118,116,0,0,26,0.0002323,seven_point_per_channel
3,40071,0,1,1,12,12,1,4640.341587,386.69513225,19256.707941,122,119,0,0,24,0.0002135,seven_point_per_channel
3,40072,0,1,1,12,12,1,4641.341587,386.778465583,19256.707941,122,120,0,0,24,0.0002127,seven_point_per_channel
3,40073,0,1,1,14,14,1,5508.300646,393.450046143,23681.5032384,117,114,1,0,29,0.0002559,seven_point_per_channel
3,40074,0,1,1,10,10,1,4537.174405,453.7174405,18695.8720448,125,123,0,0,20,0.0001779,seven_point_per_channel
3,40075,0,1,1,16,16,1,6041.593848,377.5996155,26402.9692472,114,111,0,0,32,0.0003168,upper_bound_16
3,40076,0,1,1,16,16,1,6042.593848,377.6621155,26402.9692472,114,112,0,0,32,0.0002888,upper_bound_16
3,40077,0,1,1,10,10,1,4536.174405,453.6174405,18695.8720448,125,122,0,0,20,0.0001809,seven_point_per_channel
3,40078,0,1,1,13,13,1,5377.864098,413.681853692,23034.3204977,118,116,0,0,26,0.000247,seven_point_per_channel
3,40079,0,1,1,10,10,1,4536.174405,453.6174405,18695.8720448,125,122,0,0,20,0.0001766,seven_point_per_channel
3,40080,0,1,1,14,14,1,5506.300646,393.307189,23681.5032384,117,112,1,0,29,0.0002667,seven_point_per_channel
3,40081,0,1,1,13,13,1,5376.864098,413.604930615,23034.3204977,118,115,0,0,26,0.0002279,seven_point_per_channel
3,40082,0,1,1,14,14,1,5507.300646,393.378617571,23681.5032384,117,113,1,0,29,0.0002599,seven_point_per_channel
3,40083,0,1,1,10,10,1,4536.174405,453.6174405,18695.8720448,125,122,0,0,20,0.0001763,seven_point_per_channel
3,40084,0,1,1,14,14,1,5508.300646,393.450046143,23681.5032384,117,114,1,0,29,0.0002533,seven_point_per_channel
3,40085,0,1,1,15,15,1,5796.599881,386.439992067,25137.9994051,116,114,0,0,30,0.0002629,seven_point_per_channel
3,40086,0,1,1,12,12,1,4640.341587,386.69513225,19256.707941,122,119,0,0,24,0.0002124,seven_point_per_channel
3,40087,0,1,1,10,10,1,4537.174405,453.7174405,18695.8720448,125,123,0,0,20,0.0001755,seven_point_per_channel
3,40088,0,1,1,12,12,1,4641.341587,386.778465583,19256.707941,122,120,0,0,24,0.0002101,seven_point_per_channel
3,40089,0,1,1,12,12,1,4641.341587,386.778465583,19256.707941,122,120,0,0,24,0.0002095,seven_point_per_channel
3,40090,0,1,1,10,10,1,4537.174405,453.7174405,18695.8720448,125,123,0,0,20,0.0001751,seven_point_per_channel
3,40091,0,1,1,12,12,1,4641.341587,386.778465583,19256.707941,122,120,0,0,24,0.0002823,seven_point_per_channel
3,40092,0,1,1,12,12,1,4640.341587,386.69513225,19256.707941,122,119,0,0,24,0.0002328,seven_point_per_channel
3,40093,0,1,1,15,15,1,5796.599881,386.439992067,25137.9994051,116,114,0,0,30,0.0002845,seven_point_per_channel
3,40094,0,1,1,13,13,1,5377.864098,413.681853692,23034.3204977,118,116,0,0,26,0.0002317,seven_point_per_channel
3,40095,0,1,1,14,14,1,5508.300646,393.450046143,23681.5032384,117,114,1,0,29,0.0002557,seven_point_per_channel
3,40096,0,1,1,13,13,1,5377.864098,413.681853692,23034.3204977,118,116,0,0,26,0.0002304,seven_point_per_channel
3,40097,0,1,1,10,10,1,4537.174405,453.7174405,18695.8720448,125,123,0,0,20,0.000177,seven_point_per_channel
3,40098,0,1,1,10,10,1,4536.174405,453.6174405,18695.8720448,125,122,0,0,20,0.0001769,seven_point_per_channel
3,40099,0,1,1,11,11,1,5080.997505,461.908864091,21389.9875326,125,123,0,0,22,0.0002007,seven_point_per_channel
3,40100,0,1,1,12,12,1,4639.341587,386.611798917,19256.707941,122,118,0,0,24,0.0002085,seven_point_per_channel
4,40001,0,1,1,15,15,1,12088.302124,805.886808267,47181.5106422,433,406,2,2,30,0.000461,convex_mesh_per_channel
4,40002,0,1,1,13,13,1,13313.95374,1024.15028769,52544.7687202,460,428,4,3,26,0.0004127,convex_mesh_per_channel
4,40003,0,1,1,11,11,1,11362.360826,1032.94189327,42091.8041313,486,453,2,1,22,0.0003747,convex_mesh_per_channel
4,40004,0,1,1,11,11,1,11363.360826,1033.03280236,42091.8041313,486,454,2,1,22,0.000374,convex_mesh_per_channel
4,40005,0,1,1,16,16,1,12822.488061,801.405503813,51387.4403286,415,384,2,5,28,0.0004494,upper_bound_16
4,40006,0,1,1,16,16,1,12821.488061,801.343003813,51387.4403286,415,383,2,5,28,0.0004464,upper_bound_16
4,40007,0,1,1,15,15,1,12087.302124,805.8201416,47181.5106422,433,405,2,2,30,0.0004552,convex_mesh_per_channel
4,40008,0,1,1,10,10,1,11919.064447,1191.9064447,44145.3222558,511,482,1,4,17,0.000339,convex_mesh_per_channel
4,40009,0,1,1,13,13,1,13313.95374,1024.15028769,52544.7687202,460,428,4,3,26,0.0004115,convex_mesh_per_channel
4,40010,0,1,1,13,13,1,13312.95374,1024.07336462,52544.7687202,460,427,4,3,26,0.0004095,convex_mesh_per_channel
4,40011,0,1,1,11,11,1,11363.360826,1033.03280236,42091.8041313,486,454,2,1,22,0.0003757,convex_mesh_per_channel
4,40012,0,1,1,10,10,1,11919.064447,1191.9064447,44145.3222558,511,482,1,4,17,0.0003328,convex_mesh_per_channel
4,40013,0,1,1,11,11,1,11363.360826,1033.03280236,42091.8041313,486,454,2,1,22,0.0003909,convex_mesh_per_channel
4,40014,0,1,1,16,16,1,12824.488061,801.530503813,51387.4403286,415,386,2,5,28,0.0004463,upper_bound_16
4,40015,0,1,1,11,11,1,11364.360826,1033.12371145,42091.8041313,486,455,2,1,22,0.0003705,convex_mesh_per_channel
4,40016,0,1,1,15,15,1,12086.302124,805.753474933,47181.5106422,433,404,2,2,30,0.0004446,convex_mesh_per_channel
4,40017,0,1,1,15,15,1,12088.302124,805.886808267,47181.5106422,433,406,2,2,30,0.0004493,convex_mesh_per_channel
4,40018,0,1,1,11,11,1,11364.360826,1033.12371145,42091.8041313,486,455,2,1,22,0.0003673,convex_mesh_per_channel
4,40019,0,1,1,14,14,1,12719.739202,908.552800143,50578.6960176,425,391,6,4,28,0.0004204,convex_mesh_per_channel
4,40020,0,1,1,15,15,1,12088.302124,805.886808267,47181.5106422,433,406,2,2,30,0.000443,convex_mesh_per_channel
4,40021,0,1,1,13,13,1,13311.95374,1023.99644154,52544.7687202,460,426,4,3,26,0.0004063,convex_mesh_per_channel
4,40022,0,1,1,13,13,1,13312.95374,1024.07336462,52544.7687202,460,427,4,3,26,0.0004116,convex_mesh_per_channel
4,40023,0,1,1,10,10,1,11919.064447,1191.9064447,44145.3222558,511,482,1,4,17,0.0003342,convex_mesh_per_channel
4,40024,0,1,1,10,10,1,11920.064447,1192.0064447,44145.3222558,511,483,1,4,17,0.0003347,convex_mesh_per_channel
4,40025,0,1,1,13,13,1,13313.95374,1024.15028769,52544.7687202,460,428,4,3,26,0.0004123,convex_mesh_per_channel
4,40026,0,1,1,15,15,1,12088.302124,805.886808267,47181.5106422,433,406,2,2,30,0.0004473,convex_mesh_per_channel
4,40027,0,1,1,14,14,1,12719.739202,908.552800143,50578.6960176,425,391,6,4,28,0.0004212,convex_mesh_per_channel
4,40028,0,1,1,14,14,1,12719.739202,908.552800143,50578.6960176,425,391,6,4,28,0.0004173,convex_mesh_per_channel
4,40029,0,1,1,14,14,1,12717.739202,908.409943,50578.6960176,425,389,6,4,28,0.0004172,convex_mesh_per_channel
4,40030,0,1,1,14,14,1,12718.739202,908.481371571,50578.6960176,425,390,6,4,28,0.000516,convex_mesh_per_channel
4,40031,0,1,1,12,12,1,12068.295039,1005.69125325,45921.4752075,475,449,0,4,20,0.0003656,convex_mesh_per_channel
4,40032,0,1,1,11,11,1,11363.360826,1033.03280236,42091.8041313,486,454,2,1,22,0.000385,convex_mesh_per_channel
4,40033,0,1,1,12,12,1,12067.295039,1005.60791992,45921.4752075,475,448,0,4,20,0.0003583,convex_mesh_per_channel
4,40034,0,1,1,12,12,1,12068.295039,1005.69125325,45921.4752075,475,449,0,4,20,0.0003633,convex_mesh_per_channel
4,40035,0,1,1,14,14,1,12719.739202,908.552800143,50578.6960176,425,391,6,4,28,0.0004268,convex_mesh_per_channel
4,40036,0,1,1,10,10,1,11919.064447,1191.9064447,44145.3222558,511,482,1,4,17,0.0003326,convex_mesh_per_channel
4,40037,0,1,1,15,15,1,12086.302124,805.753474933,47181.5106422,433,404,2,2,30,0.0004692,convex_mesh_per_channel
4,40038,0,1,1,15,15,1,12086.302124,805.753474933,47181.5106422,433,404,2,2,30,0.0004571,convex_mesh_per_channel
4,40039,0,1,1,16,16,1,12824.488061,801.530503813,51387.4403286,415,386,2,5,28,0.0004526,upper_bound_16
4,40040,0,1,1,15,15,1,12087.302124,805.8201416,47181.5106422,433,405,2,2,30,0.0004469,convex_mesh_per_channel
4,40041,0,1,1,13,13,1,13310.95374,1023.91951846,52544.7687202,460,425,4,3,26,0.0004161,convex_mesh_per_channel
4,40042,0,1,1,15,15,1,12086.302124,805.753474933,47181.5106422,433,404,2,2,30,0.0004548,convex_mesh_per_channel
4,40043,0,1,1,14,14,1,12718.739202,908.481371571,50578.6960176,425,390,6,4,28,0.0004261,convex_mesh_per_channel
4,40044,0,1,1,15,15,1,12087.302124,805.8201416,47181.5106422,433,405,2,2,30,0.000451,convex_mesh_per_channel
4,40045,0,1,1,16,16,1,12824.488061,801.530503813,51387.4403286,415,386,2,5,28,0.0004552,upper_bound_16
4,40046,0,1,1,12,12,1,12067.295039,1005.60791992,45921.4752075,475,448,0,4,20,0.0003544,convex_mesh_per_channel
4,40047,0,1,1,10,10,1,11920.064447,1192.0064447,44145.3222558,511,483,1,4,17,0.0003352,convex_mesh_per_channel
4,40048,0,1,1,14,14,1,12716.739202,908.338514429,50578.6960176,425,388,6,4,28,0.0004283,convex_mesh_per_channel
4,40049,0,1,1,10,10,1,11920.064447,1192.0064447,44145.3222558,511,483,1,4,17,0.0003324,convex_mesh_per_channel
4,40050,0,1,1,15,15,1,12087.302124,805.8201416,47181.5106422,433,405,2,2,30,0.0004605,convex_mesh_per_channel
4,40051,0,1,1,16,16,1,12822.488061,801.405503813,51387.4403286,415,384,2,5,28,0.0004521,upper_bound_16
4,40052,0,1,1,12,12,1,12068.295039,1005.69125325,45921.4752075,475,449,0,4,20,0.0003535,convex_mesh_per_channel
4,40053,0,1,1,12,12,1,12066.295039,1005.52458658,45921.4752075,475,447,0,4,20,0.0003521,convex_mesh_per_channel
4,40054,0,1,1,10,10,1,11920.064447,1192.0064447,44145.3222558,511,483,1,4,17,0.0003372,convex_mesh_per_channel
4,40055,0,1,1,12,12,1,12067.295039,1005.60791992,45921.4752075,475,448,0,4,20,0.0003616,convex_mesh_per_channel
4,40056,0,1,1,16,16,1,12824.488061,801.530503813,51387.4403286,415,386,2,5,28,0.000455,upper_bound_16
4,40057,0,1,1,15,15,1,12086.302124,805.753474933,47181.5106422,433,404,2,2,30,0.0004692,convex_mesh_per_channel
4,40058,0,1,1,10,10,1,11920.064447,1192.0064447,44145.3222558,511,483,1,4,17,0.0003327,convex_mesh_per_channel
4,40059,0,1,1,16,16,1,12824.488061,801.530503813,51387.4403286,415,386,2,5,28,0.0004665,upper_bound_16
4,40060,0,1,1,10,10,1,11919.064447,1191.9064447,44145.3222558,511,482,1,4,17,0.0003357,convex_mesh_per_channel
4,40061,0,1,1,11,11,1,11363.360826,1033.03280236,42091.8041313,486,454,2,1,22,0.0003828,convex_mesh_per_channel
4,40062,0,1,1,14,14,1,12718.739202,908.481371571,50578.6960176,425,390,6,4,28,0.0004241,convex_mesh_per_channel
4,40063,0,1,1,15,15,1,12087.302124,805.8201416,47181.5106422,433,405,2,2,30,0.0004546,convex_mesh_per_channel
4,40064,0,1,1,11,11,1,11364.360826,1033.12371145,42091.8041313,486,455,2,1,22,0.000379,convex_mesh_per_channel
4,40065,0,1,1,14,14,1,12717.739202,908.409943,50578.6960176,425,389,6,4,28,0.0004643,convex_mesh_per_channel
4,40066,0,1,1,10,10,1,11919.064447,1191.9064447,44145.3222558,511,482,1,4,17,0.0003385,convex_mesh_per_channel
4,40067,0,1,1,13,13,1,13313.95374,1024.15028769,52544.7687202,460,428,4,3,26,0.0004117,convex_mesh_per_channel
4,40068,0,1,1,16,16,1,12822.488061,801.405503813,51387.4403286,415,384,2,5,28,0.0004538,upper_bound_16
4,40069,0,1,1,15,15,1,12088.302124,805.886808267,47181.5106422,433,406,2,2,30,0.000456,convex_mesh_per_channel
4,40070,0,1,1,13,13,1,13312.95374,1024.07336462,52544.7687202,460,427,4,3,26,0.0004169,convex_mesh_per_channel
4,40071,0,1,1,12,12,1,12067.295039,1005.60791992,45921.4752075,475,448,0,4,20,0.0003603,convex_mesh_per_channel
4,40072,0,1,1,12,12,1,12066.295039,1005.52458658,45921.4752075,475,447,0,4,20,0.0003615,convex_mesh_per_channel
4,40073,0,1,1,14,14,1,12719.739202,908.552800143,50578.6960176,425,391,6,4,28,0.0004335,convex_mesh_per_channel
4,40074,0,1,1,10,10,1,11919.064447,1191.9064447,44145.3222558,511,482,1,4,17,0.0003366,convex_mesh_per_channel
4,40075,0,1,1,16,16,1,12823.488061,801.468003813,51387.4403286,415,385,2,5,28,0.0005574,upper_bound_16
4,40076,0,1,1,16,16,1,12823.488061,801.468003813,51387.4403286,415,385,2,5,28,0.0004599,upper_bound_16
4,40077,0,1,1,10,10,1,11919.064447,1191.9064447,44145.3222558,511,482,1,4,17,0.0003294,convex_mesh_per_channel
4,40078,0,1,1,13,13,1,13313.95374,1024.15028769,52544.7687202,460,428,4,3,26,0.0004046,convex_mesh_per_channel
4,40079,0,1,1,10,10,1,11920.064447,1192.0064447,44145.3222558,511,483,1,4,17,0.0003344,convex_mesh_per_channel
4,40080,0,1,1,14,14,1,12719.739202,908.552800143,50578.6960176,425,391,6,4,28,0.0004267,convex_mesh_per_channel
4,40081,0,1,1,13,13,1,13313.95374,1024.15028769,52544.7687202,460,428,4,3,26,0.0004093,convex_mesh_per_channel
4,40082,0,1,1,14,14,1,12718.739202,908.481371571,50578.6960176,425,390,6,4,28,0.0004473,convex_mesh_per_channel
4,40083,0,1,1,10,10,1,11920.064447,1192.0064447,44145.3222558,511,483,1,4,17,0.0003356,convex_mesh_per_channel
4,40084,0,1,1,14,14,1,12718.739202,908.481371571,50578.6960176,425,390,6,4,28,0.0004199,convex_mesh_per_channel
4,40085,0,1,1,15,15,1,12087.302124,805.8201416,47181.5106422,433,405,2,2,30,0.0004474,convex_mesh_per_channel
4,40086,0,1,1,12,12,1,12067.295039,1005.60791992,45921.4752075,475,448,0,4,20,0.0003565,convex_mesh_per_channel
4,40087,0,1,1,10,10,1,11919.064447,1191.9064447,44145.3222558,511,482,1,4,17,0.0003613,convex_mesh_per_channel
4,40088,0,1,1,12,12,1,12067.295039,1005.60791992,45921.4752075,475,448,0,4,20,0.000357,convex_mesh_per_channel
4,40089,0,1,1,12,12,1,12065.295039,1005.44125325,45921.4752075,475,446,0,4,20,0.0003554,convex_mesh_per_channel
4,40090,0,1,1,10,10,1,11919.064447,1191.9064447,44145.3222558,511,482,1,4,17,0.0003299,convex_mesh_per_channel
4,40091,0,1,1,12,12,1,12067.295039,1005.60791992,45921.4752075,475,448,0,4,20,0.0003629,convex_mesh_per_channel
4,40092,0,1,1,12,12,1,12068.295039,1005.69125325,45921.4752075,475,449,0,4,20,0.0003559,convex_mesh_per_channel
4,40093,0,1,1,15,15,1,12087.302124,805.8201416,47181.5106422,433,405,2,2,30,0.0004573,convex_mesh_per_channel
4,40094,0,1,1,13,13,1,13310.95374,1023.91951846,52544.7687202,460,425,4,3,26,0.0004079,convex_mesh_per_channel
4,40095,0,1,1,14,14,1,12718.739202,908.481371571,50578.6960176,425,390,6,4,28,0.0004468,convex_mesh_per_channel
4,40096,0,1,1,13,13,1,13313.95374,1024.15028769,52544.7687202,460,428,4,3,26,0.0004103,convex_mesh_per_channel
4,40097,0,1,1,10,10,1,11920.064447,1192.0064447,44145.3222558,511,483,1,4,17,0.000336,convex_mesh_per_channel
4,40098,0,1,1,10,10,1,11920.064447,1192.0064447,44145.3222558,511,483,1,4,17,0.0003304,convex_mesh_per_channel
4,40099,0,1,1,11,11,1,11362.360826,1032.94189327,42091.8041313,486,453,2,1,22,0.0003776,convex_mesh_per_channel
4,40100,0,1,1,12,12,1,12068.295039,1005.69125325,45921.4752075,475,449,0,4,20,0.0003763,convex_mesh_per_channel
