h,a,b,points,route_m
950,0,0,31,28500
950,0,0.208333,29,25847.9
950,0,0.791667,29,25847.9
950,0.125,0.416667,29,26116.7
950,0.125,0.458333,29,26116.7
950,0.166667,0.208333,29,25959.2
950,0.166667,0.25,29,25995.1
950,0.166667,0.291667,29,26031.7
950,0.166667,0.333333,29,26068.9
950,0.166667,0.375,29,26106.5
950,0.166667,0.416667,29,26144.4
950,0.166667,0.458333,29,26106.5
950,0.166667,0.5,29,26068.9
950,0.166667,0.541667,29,26031.7
950,0.166667,0.583333,29,25995.1
950,0.166667,0.625,29,25959.2
950,0.208333,0,29,25847.9
950,0.208333,0.166667,29,25959.2
950,0.208333,0.208333,28,25042.8
950,0.208333,0.25,28,25077.6
950,0.208333,0.291667,28,25113.3
950,0.208333,0.333333,28,25149.6
950,0.208333,0.375,28,25186.4
950,0.208333,0.416667,28,25186.4
950,0.208333,0.458333,28,25149.6
950,0.208333,0.5,28,25113.3
950,0.208333,0.541667,28,25077.6
950,0.208333,0.583333,28,25042.8
950,0.25,0.208333,28,25077.6
950,0.25,0.25,28,25111.4
950,0.25,0.291667,28,25146.1
950,0.25,0.333333,28,25181.6
950,0.25,0.375,28,25217.6
950,0.25,0.416667,28,25181.6
950,0.25,0.458333,28,25146.1
950,0.25,0.5,28,25111.4
950,0.25,0.541667,28,25077.6
950,0.291667,0.208333,28,25113.3
950,0.291667,0.25,28,25146.1
950,0.291667,0.291667,28,25179.9
950,0.291667,0.333333,28,25214.6
950,0.291667,0.375,28,25214.6
950,0.291667,0.416667,28,25179.9
950,0.291667,0.458333,28,25146.1
950,0.291667,0.5,28,25113.3
950,0.333333,0.208333,28,25149.6
950,0.333333,0.25,28,25181.6
950,0.333333,0.291667,28,25214.6
950,0.333333,0.333333,28,25248.5
950,0.333333,0.375,28,25214.6
950,0.333333,0.416667,28,25181.6
950,0.333333,0.458333,28,25149.6
950,0.375,0.208333,28,25186.4
950,0.375,0.25,28,25217.6
950,0.375,0.291667,28,25214.6
950,0.375,0.333333,28,25214.6
950,0.375,0.375,28,25217.6
950,0.375,0.416667,28,25186.4
950,0.416667,0.208333,28,25186.4
950,0.416667,0.25,28,25181.6
950,0.416667,0.291667,28,25179.9
950,0.416667,0.333333,28,25181.6
950,0.416667,0.375,28,25186.4
950,0.416667,0.791667,28,25042.8
950,0.458333,0.208333,28,25149.6
950,0.458333,0.25,28,25146.1
950,0.458333,0.291667,28,25146.1
950,0.458333,0.333333,28,25149.6
950,0.458333,0.75,28,25077.6
950,0.458333,0.791667,28,25077.6
950,0.5,0.208333,28,25113.3
950,0.5,0.25,28,25111.4
950,0.5,0.291667,28,25113.3
950,0.5,0.708333,28,25113.3
950,0.5,0.75,28,25111.4
950,0.5,0.791667,28,25113.3
950,0.541667,0.208333,28,25077.6
950,0.541667,0.25,28,25077.6
950,0.541667,0.666667,28,25149.6
950,0.541667,0.708333,28,25146.1
950,0.541667,0.75,28,25146.1
950,0.541667,0.791667,28,25149.6
950,0.583333,0.208333,28,25042.8
950,0.583333,0.625,28,25186.4
950,0.583333,0.666667,28,25181.6
950,0.583333,0.708333,28,25179.9
950,0.583333,0.75,28,25181.6
950,0.583333,0.791667,28,25186.4
950,0.625,0.583333,28,25186.4
950,0.625,0.625,28,25217.6
950,0.625,0.666667,28,25214.6
950,0.625,0.708333,28,25214.6
950,0.625,0.75,28,25217.6
950,0.625,0.791667,28,25186.4
950,0.666667,0.541667,28,25149.6
950,0.666667,0.583333,28,25181.6
950,0.666667,0.625,28,25214.6
950,0.666667,0.666667,28,25248.5
950,0.666667,0.708333,28,25214.6
950,0.666667,0.75,28,25181.6
950,0.666667,0.791667,28,25149.6
950,0.708333,0.5,28,25113.3
950,0.708333,0.541667,28,25146.1
950,0.708333,0.583333,28,25179.9
950,0.708333,0.625,28,25214.6
950,0.708333,0.666667,28,25214.6
950,0.708333,0.708333,28,25179.9
950,0.708333,0.75,28,25146.1
950,0.708333,0.791667,28,25113.3
950,0.75,0.458333,28,25077.6
950,0.75,0.5,28,25111.4
950,0.75,0.541667,28,25146.1
950,0.75,0.583333,28,25181.6
950,0.75,0.625,28,25217.6
950,0.75,0.666667,28,25181.6
950,0.75,0.708333,28,25146.1
950,0.75,0.75,28,25111.4
950,0.75,0.791667,28,25077.6
950,0.791667,0.416667,28,25042.8
950,0.791667,0.458333,28,25077.6
950,0.791667,0.5,28,25113.3
950,0.791667,0.541667,28,25149.6
950,0.791667,0.583333,28,25186.4
950,0.791667,0.625,28,25186.4
950,0.791667,0.666667,28,25149.6
950,0.791667,0.708333,28,25113.3
950,0.791667,0.75,28,25077.6
950,0.791667,0.791667,28,25042.8
975,0.166667,0.166667,28,25631.5
975,0.166667,0.208333,28,25667.3
975,0.166667,0.25,28,25704.2
975,0.166667,0.291667,28,25741.8
975,0.166667,0.333333,28,25779.9
975,0.166667,0.375,28,25818.5
975,0.166667,0.416667,28,25857.4
975,0.166667,0.458333,28,25818.5
975,0.166667,0.5,28,25779.9
975,0.166667,0.541667,28,25741.8
975,0.166667,0.583333,28,25704.2
975,0.166667,0.625,28,25667.3
975,0.166667,0.666667,28,25631.5
975,0.208333,0.166667,28,25667.3
975,0.208333,0.208333,28,25701.8
975,0.208333,0.25,28,25737.5
975,0.208333,0.291667,28,25774.1
975,0.208333,0.333333,28,25811.4
975,0.208333,0.375,28,25849.2
975,0.208333,0.416667,28,25849.2
975,0.208333,0.458333,28,25811.4
975,0.208333,0.5,28,25774.1
975,0.208333,0.541667,28,25737.5
975,0.208333,0.583333,28,25701.8
975,0.208333,0.625,28,25667.3
975,0.25,0.166667,28,25704.2
975,0.25,0.208333,28,25737.5
975,0.25,0.25,28,25772.2
975,0.25,0.291667,28,25807.8
975,0.25,0.333333,28,25844.2
975,0.25,0.375,28,25881.2
975,0.25,0.416667,28,25844.2
975,0.25,0.458333,28,25807.8
975,0.25,0.5,28,25772.2
975,0.25,0.541667,28,25737.5
975,0.25,0.583333,28,25704.2
975,0.291667,0.166667,28,25741.8
975,0.291667,0.208333,28,25774.1
975,0.291667,0.25,28,25807.8
975,0.291667,0.291667,28,25842.6
975,0.291667,0.333333,28,25878.1
975,0.291667,0.375,28,25878.1
975,0.291667,0.416667,28,25842.6
975,0.291667,0.458333,28,25807.8
975,0.291667,0.5,28,25774.1
975,0.291667,0.541667,28,25741.8
975,0.333333,0.166667,28,25779.9
975,0.333333,0.208333,28,25811.4
975,0.333333,0.25,28,25844.2
975,0.333333,0.291667,28,25878.1
975,0.333333,0.333333,28,25912.9
975,0.333333,0.375,28,25878.1
975,0.333333,0.416667,28,25844.2
975,0.333333,0.458333,28,25811.4
975,0.333333,0.5,28,25779.9
975,0.333333,0.833333,28,25631.5
975,0.375,0.166667,28,25818.5
975,0.375,0.208333,28,25849.2
975,0.375,0.25,28,25881.2
975,0.375,0.291667,28,25878.1
975,0.375,0.333333,28,25878.1
975,0.375,0.375,28,25881.2
975,0.375,0.416667,28,25849.2
975,0.375,0.458333,28,25818.5
975,0.375,0.791667,28,25667.3
975,0.375,0.833333,28,25667.3
975,0.416667,0.166667,28,25857.4
975,0.416667,0.208333,28,25849.2
975,0.416667,0.25,28,25844.2
975,0.416667,0.291667,28,25842.6
975,0.416667,0.333333,28,25844.2
975,0.416667,0.375,28,25849.2
975,0.416667,0.416667,28,25857.4
975,0.416667,0.75,28,25704.2
975,0.416667,0.791667,28,25701.8
975,0.416667,0.833333,28,25704.2
975,0.458333,0.166667,28,25818.5
975,0.458333,0.208333,28,25811.4
975,0.458333,0.25,28,25807.8
975,0.458333,0.291667,28,25807.8
975,0.458333,0.333333,28,25811.4
975,0.458333,0.375,28,25818.5
975,0.458333,0.708333,28,25741.8
975,0.458333,0.75,28,25737.5
975,0.458333,0.791667,28,25737.5
975,0.458333,0.833333,28,25741.8
975,0.5,0.166667,28,25779.9
975,0.5,0.208333,28,25774.1
975,0.5,0.25,28,25772.2
975,0.5,0.291667,28,25774.1
975,0.5,0.333333,28,25779.9
975,0.5,0.666667,28,25779.9
975,0.5,0.708333,28,25774.1
975,0.5,0.75,28,25772.2
975,0.5,0.791667,28,25774.1
975,0.5,0.833333,28,25779.9
975,0.541667,0.166667,28,25741.8
975,0.541667,0.208333,28,25737.5
975,0.541667,0.25,28,25737.5
975,0.541667,0.291667,28,25741.8
975,0.541667,0.625,28,25818.5
975,0.541667,0.666667,28,25811.4
975,0.541667,0.708333,28,25807.8
975,0.541667,0.75,28,25807.8
975,0.541667,0.791667,28,25811.4
975,0.541667,0.833333,28,25818.5
975,0.583333,0.166667,28,25704.2
975,0.583333,0.208333,28,25701.8
975,0.583333,0.25,28,25704.2
975,0.583333,0.583333,28,25857.4
975,0.583333,0.625,28,25849.2
975,0.583333,0.666667,28,25844.2
975,0.583333,0.708333,28,25842.6
975,0.583333,0.75,28,25844.2
975,0.583333,0.791667,28,25849.2
975,0.583333,0.833333,28,25857.4
975,0.625,0.166667,28,25667.3
975,0.625,0.208333,28,25667.3
975,0.625,0.541667,28,25818.5
975,0.625,0.583333,28,25849.2
975,0.625,0.625,28,25881.2
975,0.625,0.666667,28,25878.1
975,0.625,0.708333,28,25878.1
975,0.625,0.75,28,25881.2
975,0.625,0.791667,28,25849.2
975,0.625,0.833333,28,25818.5
975,0.666667,0.166667,28,25631.5
975,0.666667,0.5,28,25779.9
975,0.666667,0.541667,28,25811.4
975,0.666667,0.583333,28,25844.2
975,0.666667,0.625,28,25878.1
975,0.666667,0.666667,28,25912.9
975,0.666667,0.708333,28,25878.1
975,0.666667,0.75,28,25844.2
975,0.666667,0.791667,28,25811.4
975,0.666667,0.833333,28,25779.9
975,0.708333,0.458333,28,25741.8
975,0.708333,0.5,28,25774.1
975,0.708333,0.541667,28,25807.8
975,0.708333,0.583333,28,25842.6
975,0.708333,0.625,28,25878.1
975,0.708333,0.666667,28,25878.1
975,0.708333,0.708333,28,25842.6
975,0.708333,0.75,28,25807.8
975,0.708333,0.791667,28,25774.1
975,0.708333,0.833333,28,25741.8
975,0.75,0.416667,28,25704.2
975,0.75,0.458333,28,25737.5
975,0.75,0.5,28,25772.2
975,0.75,0.541667,28,25807.8
975,0.75,0.583333,28,25844.2
975,0.75,0.625,28,25881.2
975,0.75,0.666667,28,25844.2
975,0.75,0.708333,28,25807.8
975,0.75,0.75,28,25772.2
975,0.75,0.791667,28,25737.5
975,0.75,0.833333,28,25704.2
975,0.791667,0.375,28,25667.3
975,0.791667,0.416667,28,25701.8
975,0.791667,0.458333,28,25737.5
975,0.791667,0.5,28,25774.1
975,0.791667,0.541667,28,25811.4
975,0.791667,0.583333,28,25849.2
975,0.791667,0.625,28,25849.2
975,0.791667,0.666667,28,25811.4
975,0.791667,0.708333,28,25774.1
975,0.791667,0.75,28,25737.5
975,0.791667,0.791667,28,25701.8
975,0.791667,0.833333,28,25667.3
975,0.833333,0.333333,28,25631.5
975,0.833333,0.375,28,25667.3
975,0.833333,0.416667,28,25704.2
975,0.833333,0.458333,28,25741.8
975,0.833333,0.5,28,25779.9
975,0.833333,0.541667,28,25818.5
975,0.833333,0.583333,28,25857.4
975,0.833333,0.625,28,25818.5
975,0.833333,0.666667,28,25779.9
975,0.833333,0.708333,28,25741.8
975,0.833333,0.75,28,25704.2
975,0.833333,0.791667,28,25667.3
975,0.833333,0.833333,28,25631.5
990,0,0.125,28,25863.8
990,0,0.166667,28,25905
990,0,0.833333,28,25905
990,0,0.875,28,25863.8
990,0.0416667,0.125,28,25888.7
990,0.0416667,0.833333,28,25888.7
990,0.0833333,0.125,28,25919.8
990,0.0833333,0.208333,28,25997.6
990,0.0833333,0.708333,28,25997.6
990,0.0833333,0.791667,28,25919.8
990,0.125,0,28,25863.8
990,0.125,0.0416667,28,25888.7
990,0.125,0.0833333,28,25919.8
990,0.125,0.125,28,25954.3
990,0.125,0.166667,28,25990.9
990,0.125,0.208333,28,26028.8
990,0.125,0.25,28,26067.4
990,0.125,0.291667,28,26106.6
990,0.125,0.333333,28,26146.3
990,0.125,0.375,28,26186.2
990,0.125,0.416667,28,26226.3
990,0.125,0.458333,28,26226.3
990,0.125,0.5,28,26186.2
990,0.125,0.541667,28,26146.3
990,0.125,0.583333,28,26106.6
990,0.125,0.625,28,26067.4
990,0.125,0.666667,28,26028.8
990,0.125,0.708333,28,25990.9
990,0.125,0.75,28,25954.3
990,0.125,0.791667,28,25919.8
990,0.125,0.833333,28,25888.7
990,0.125,0.875,28,25863.8
990,0.166667,0,28,25905
990,0.166667,0.125,28,25990.9
990,0.166667,0.166667,28,26025.8
990,0.166667,0.208333,28,26062.2
990,0.166667,0.25,28,26099.6
990,0.166667,0.291667,28,26137.8
990,0.166667,0.333333,28,26176.5
990,0.166667,0.375,28,26215.7
990,0.166667,0.416667,28,26255.2
990,0.166667,0.458333,28,26215.7
990,0.166667,0.5,28,26176.5
990,0.166667,0.541667,28,26137.8
990,0.166667,0.583333,28,26099.6
990,0.166667,0.625,28,26062.2
990,0.166667,0.666667,28,26025.8
990,0.166667,0.708333,28,25990.9
990,0.166667,0.833333,28,25905
990,0.166667,0.875,28,25888.7
990,0.166667,0.958333,28,25888.7
990,0.208333,0.0833333,28,25997.6
990,0.208333,0.125,28,26028.8
990,0.208333,0.166667,28,26062.2
990,0.208333,0.208333,28,26097.2
990,0.208333,0.25,28,26133.5
990,0.208333,0.291667,28,26170.7
990,0.208333,0.333333,28,26208.5
990,0.208333,0.375,28,26246.9
990,0.208333,0.416667,28,26246.9
990,0.208333,0.458333,28,26208.5
990,0.208333,0.5,28,26170.7
990,0.208333,0.541667,28,26133.5
990,0.208333,0.583333,28,26097.2
990,0.208333,0.625,28,26062.2
990,0.208333,0.666667,28,26028.7
990,0.208333,0.708333,28,25997.6
990,0.208333,0.875,28,25919.8
990,0.208333,0.916667,28,25919.8
990,0.25,0.125,28,26067.4
990,0.25,0.166667,28,26099.6
990,0.25,0.208333,28,26133.5
990,0.25,0.25,28,26168.7
990,0.25,0.291667,28,26204.9
990,0.25,0.333333,28,26241.8
990,0.25,0.375,28,26279.4
990,0.25,0.416667,28,26241.8
990,0.25,0.458333,28,26204.9
990,0.25,0.5,28,26168.7
990,0.25,0.541667,28,26133.5
990,0.25,0.583333,28,26099.6
990,0.25,0.625,28,26067.4
990,0.25,0.875,28,25954.3
990,0.291667,0.125,28,26106.6
990,0.291667,0.166667,28,26137.8
990,0.291667,0.208333,28,26170.7
990,0.291667,0.25,28,26204.9
990,0.291667,0.291667,28,26240.1
990,0.291667,0.333333,28,26276.2
990,0.291667,0.375,28,26276.2
990,0.291667,0.416667,28,26240.1
990,0.291667,0.458333,28,26204.9
990,0.291667,0.5,28,26170.7
990,0.291667,0.541667,28,26137.8
990,0.291667,0.583333,28,26106.6
990,0.291667,0.791667,28,25997.6
990,0.291667,0.833333,28,25990.9
990,0.291667,0.875,28,25990.9
990,0.291667,0.916667,28,25997.6
990,0.333333,0.125,28,26146.3
990,0.333333,0.166667,28,26176.5
990,0.333333,0.208333,28,26208.5
990,0.333333,0.25,28,26241.8
990,0.333333,0.291667,28,26276.2
990,0.333333,0.333333,28,26311.6
990,0.333333,0.375,28,26276.2
990,0.333333,0.416667,28,26241.8
990,0.333333,0.458333,28,26208.5
990,0.333333,0.5,28,26176.5
990,0.333333,0.541667,28,26146.3
990,0.333333,0.791667,28,26028.8
990,0.333333,0.833333,28,26025.8
990,0.333333,0.875,28,26028.8
990,0.375,0.125,28,26186.2
990,0.375,0.166667,28,26215.7
990,0.375,0.208333,28,26246.9
990,0.375,0.25,28,26279.4
990,0.375,0.291667,28,26276.2
990,0.375,0.333333,28,26276.2
990,0.375,0.375,28,26279.4
990,0.375,0.416667,28,26246.9
990,0.375,0.458333,28,26215.7
990,0.375,0.5,28,26186.2
990,0.375,0.75,28,26067.4
990,0.375,0.791667,28,26062.2
990,0.375,0.833333,28,26062.2
990,0.375,0.875,28,26067.4
990,0.416667,0.125,28,26226.3
990,0.416667,0.166667,28,26255.2
990,0.416667,0.208333,28,26246.9
990,0.416667,0.25,28,26241.8
990,0.416667,0.291667,28,26240.1
990,0.416667,0.333333,28,26241.8
990,0.416667,0.375,28,26246.9
990,0.416667,0.416667,28,26255.2
990,0.416667,0.458333,28,26226.3
990,0.416667,0.708333,28,26106.6
990,0.416667,0.75,28,26099.6
990,0.416667,0.791667,28,26097.2
990,0.416667,0.833333,28,26099.6
990,0.416667,0.875,28,26106.6
990,0.458333,0.125,28,26226.3
990,0.458333,0.166667,28,26215.7
990,0.458333,0.208333,28,26208.5
990,0.458333,0.25,28,26204.9
990,0.458333,0.291667,28,26204.9
990,0.458333,0.333333,28,26208.5
990,0.458333,0.375,28,26215.7
990,0.458333,0.416667,28,26226.3
990,0.458333,0.666667,28,26146.3
990,0.458333,0.708333,28,26137.8
990,0.458333,0.75,28,26133.5
990,0.458333,0.791667,28,26133.5
990,0.458333,0.833333,28,26137.8
990,0.458333,0.875,28,26146.3
990,0.5,0.125,28,26186.2
990,0.5,0.166667,28,26176.5
990,0.5,0.208333,28,26170.7
990,0.5,0.25,28,26168.7
990,0.5,0.291667,28,26170.7
990,0.5,0.333333,28,26176.5
990,0.5,0.375,28,26186.2
990,0.5,0.625,28,26186.2
990,0.5,0.666667,28,26176.5
990,0.5,0.708333,28,26170.7
990,0.5,0.75,28,26168.7
990,0.5,0.791667,28,26170.7
990,0.5,0.833333,28,26176.5
990,0.5,0.875,28,26186.2
990,0.541667,0.125,28,26146.3
990,0.541667,0.166667,28,26137.8
990,0.541667,0.208333,28,26133.5
990,0.541667,0.25,28,26133.5
990,0.541667,0.291667,28,26137.8
990,0.541667,0.333333,28,26146.3
990,0.541667,0.583333,28,26226.3
990,0.541667,0.625,28,26215.7
990,0.541667,0.666667,28,26208.5
990,0.541667,0.708333,28,26204.9
990,0.541667,0.75,28,26204.9
990,0.541667,0.791667,28,26208.5
990,0.541667,0.833333,28,26215.7
990,0.541667,0.875,28,26226.3
990,0.583333,0.125,28,26106.6
990,0.583333,0.166667,28,26099.6
990,0.583333,0.208333,28,26097.2
990,0.583333,0.25,28,26099.6
990,0.583333,0.291667,28,26106.6
990,0.583333,0.541667,28,26226.3
990,0.583333,0.583333,28,26255.2
990,0.583333,0.625,28,26246.9
990,0.583333,0.666667,28,26241.8
990,0.583333,0.708333,28,26240.1
990,0.583333,0.75,28,26241.8
990,0.583333,0.791667,28,26246.9
990,0.583333,0.833333,28,26255.2
990,0.583333,0.875,28,26226.3
990,0.625,0.125,28,26067.4
990,0.625,0.166667,28,26062.2
990,0.625,0.208333,28,26062.2
990,0.625,0.25,28,26067.4
990,0.625,0.5,28,26186.2
990,0.625,0.541667,28,26215.7
990,0.625,0.583333,28,26246.9
990,0.625,0.625,28,26279.4
990,0.625,0.666667,28,26276.2
990,0.625,0.708333,28,26276.2
990,0.625,0.75,28,26279.4
990,0.625,0.791667,28,26246.9
990,0.625,0.833333,28,26215.7
990,0.625,0.875,28,26186.2
990,0.666667,0.125,28,26028.8
990,0.666667,0.166667,28,26025.8
990,0.666667,0.208333,28,26028.8
990,0.666667,0.458333,28,26146.3
990,0.666667,0.5,28,26176.5
990,0.666667,0.541667,28,26208.5
990,0.666667,0.583333,28,26241.8
990,0.666667,0.625,28,26276.2
990,0.666667,0.666667,28,26311.6
990,0.666667,0.708333,28,26276.2
990,0.666667,0.75,28,26241.8
990,0.666667,0.791667,28,26208.5
990,0.666667,0.833333,28,26176.5
990,0.666667,0.875,28,26146.3
990,0.708333,0.0833333,28,25997.6
990,0.708333,0.125,28,25990.9
990,0.708333,0.166667,28,25990.9
990,0.708333,0.208333,28,25997.6
990,0.708333,0.416667,28,26106.6
990,0.708333,0.458333,28,26137.8
990,0.708333,0.5,28,26170.7
990,0.708333,0.541667,28,26204.9
990,0.708333,0.583333,28,26240.1
990,0.708333,0.625,28,26276.2
990,0.708333,0.666667,28,26276.2
990,0.708333,0.708333,28,26240.1
990,0.708333,0.75,28,26204.9
990,0.708333,0.791667,28,26170.7
990,0.708333,0.833333,28,26137.8
990,0.708333,0.875,28,26106.6
990,0.75,0.125,28,25954.3
990,0.75,0.375,28,26067.4
990,0.75,0.416667,28,26099.6
990,0.75,0.458333,28,26133.5
990,0.75,0.5,28,26168.7
990,0.75,0.541667,28,26204.9
990,0.75,0.583333,28,26241.8
990,0.75,0.625,28,26279.4
990,0.75,0.666667,28,26241.8
990,0.75,0.708333,28,26204.9
990,0.75,0.75,28,26168.7
990,0.75,0.791667,28,26133.5
990,0.75,0.833333,28,26099.6
990,0.75,0.875,28,26067.4
990,0.791667,0.0833333,28,25919.8
990,0.791667,0.125,28,25919.8
990,0.791667,0.291667,28,25997.6
990,0.791667,0.333333,28,26028.8
990,0.791667,0.375,28,26062.2
990,0.791667,0.416667,28,26097.2
990,0.791667,0.458333,28,26133.5
990,0.791667,0.5,28,26170.7
990,0.791667,0.541667,28,26208.5
990,0.791667,0.583333,28,26246.9
990,0.791667,0.625,28,26246.9
990,0.791667,0.666667,28,26208.5
990,0.791667,0.708333,28,26170.7
990,0.791667,0.75,28,26133.5
990,0.791667,0.791667,28,26097.2
990,0.791667,0.833333,28,26062.2
990,0.791667,0.875,28,26028.8
990,0.791667,0.916667,28,25997.6
990,0.833333,0,28,25905
990,0.833333,0.0416667,28,25888.7
990,0.833333,0.125,28,25888.7
990,0.833333,0.166667,28,25905
990,0.833333,0.291667,28,25990.9
990,0.833333,0.333333,28,26025.8
990,0.833333,0.375,28,26062.2
990,0.833333,0.416667,28,26099.6
990,0.833333,0.458333,28,26137.8
990,0.833333,0.5,28,26176.5
990,0.833333,0.541667,28,26215.7
990,0.833333,0.583333,28,26255.2
990,0.833333,0.625,28,26215.7
990,0.833333,0.666667,28,26176.5
990,0.833333,0.708333,28,26137.8
990,0.833333,0.75,28,26099.6
990,0.833333,0.791667,28,26062.2
990,0.833333,0.833333,28,26025.8
990,0.833333,0.875,28,25990.9
990,0.875,0,28,25863.7
990,0.875,0.125,28,25863.8
990,0.875,0.166667,28,25888.7
990,0.875,0.208333,28,25919.8
990,0.875,0.25,28,25954.3
990,0.875,0.291667,28,25990.9
990,0.875,0.333333,28,26028.8
990,0.875,0.375,28,26067.4
990,0.875,0.416667,28,26106.6
990,0.875,0.458333,28,26146.3
990,0.875,0.5,28,26186.2
990,0.875,0.541667,28,26226.3
990,0.875,0.583333,28,26226.3
990,0.875,0.625,28,26186.2
990,0.875,0.666667,28,26146.3
990,0.875,0.708333,28,26106.6
990,0.875,0.75,28,26067.4
990,0.875,0.791667,28,26028.8
990,0.875,0.833333,28,25990.9
990,0.875,0.875,28,25954.3
990,0.875,0.916667,28,25919.8
990,0.875,0.958333,28,25888.7
990,0.916667,0.208333,28,25919.8
990,0.916667,0.291667,28,25997.6
990,0.916667,0.791667,28,25997.6
990,0.916667,0.875,28,25919.8
990,0.958333,0.166667,28,25888.7
990,0.958333,0.875,28,25888.7
999,0,0.0833333,28,26057.2
999,0,0.125,28,26098.9
999,0,0.166667,28,26140.5
999,0,0.5,27,25474.5
999,0.0833333,0.0833333,26,24120.2
999,0.0833333,0.125,26,24157.4
999,0.0833333,0.791667,26,24157.4
999,0.0833333,0.833333,26,24120.2
999,0.125,0.0833333,26,24157.4
999,0.125,0.125,26,24192.3
999,0.125,0.75,26,24192.3
999,0.125,0.791667,26,24157.4
999,0.166667,0.916667,26,24120.2
999,0.208333,0.875,26,24157.4
999,0.208333,0.916667,26,24157.4
999,0.25,0.875,26,24192.3
999,0.75,0.125,26,24192.3
999,0.791667,0.0833333,26,24157.4
999,0.791667,0.125,26,24157.4
999,0.833333,0.0833333,26,24120.2
999,0.875,0.208333,26,24157.4
999,0.875,0.25,26,24192.3
999,0.875,0.875,26,24192.3
999,0.875,0.916667,26,24157.4
999,0.916667,0.166667,26,24120.2
999,0.916667,0.208333,26,24157.4
999,0.916667,0.875,26,24157.4
999,0.916667,0.916667,26,24120.2
