date,slot,load_actual_kw,pv_actual_kw,net_actual_kw,load_history_kw,pv_history_kw,net_history_kw,load_official_kw,pv_official_kw,net_official_kw
2025-06-21,0,3087.9838,0.0,3087.9838,3292.2207,0.0,3292.2207,3292.2207,0.0,3292.2207
2025-06-21,1,3200.0919,0.0,3200.0919,3247.762,0.0,3247.762,3247.762,0.0,3247.762
2025-06-21,2,3401.46,0.0,3401.46,3135.42,0.0,3135.42,3135.42,0.0,3135.42
2025-06-21,3,3063.5261,0.0,3063.5261,3144.8943,0.0,3144.8943,3144.8943,0.0,3144.8943
2025-06-21,4,2820.2572,0.0,2820.2572,3189.3566,0.0,3189.3566,3189.3566,0.0,3189.3566
2025-06-21,5,2883.38,0.0,2883.38,3191.86,0.0,3191.86,3191.86,0.0,3191.86
2025-06-21,6,2869.9796,0.0,2869.9796,3141.3129,0.0,3141.3129,3141.3129,0.0,3141.3129
2025-06-21,7,2985.8287,0.0,2985.8287,2978.2906,0.0,2978.2906,2978.2906,0.0,2978.2906
2025-06-21,8,3164.18,0.0,3164.18,2859.96,0.0,2859.96,2859.96,0.0,2859.96
2025-06-21,9,3064.8457,0.0,3064.8457,2991.4169,0.0,2991.4169,2991.4169,0.0,2991.4169
2025-06-21,10,2954.0459,0.0,2954.0459,2886.449,0.0,2886.449,2886.449,0.0,2886.449
2025-06-21,11,2994.62,0.0,2994.62,2684.58,0.0,2684.58,2684.58,0.0,2684.58
2025-06-21,12,3072.4014,0.0,3072.4014,2981.874,0.0,2981.874,2981.874,0.0,2981.874
2025-06-21,13,3013.1015,0.0,3013.1015,3040.3061,0.0,3040.3061,3040.3061,0.0,3040.3061
2025-06-21,14,2838.75,0.0,2838.75,2782.61,0.0,2782.61,2782.61,0.0,2782.61
2025-06-21,15,2749.9199,0.0,2749.9199,2861.4034,0.0,2861.4034,2861.4034,0.0,2861.4034
2025-06-21,16,2820.5847,0.0,2820.5847,2863.2888,0.0,2863.2888,2863.2888,0.0,2863.2888
2025-06-21,17,2936.24,0.0,2936.24,2706.74,0.0,2706.74,2706.74,0.0,2706.74
2025-06-21,18,2920.1894,0.0012,2920.1882,2767.5101,0.0014285714285714288,2767.5086714285712,2767.5101,0.0,2767.5101
2025-06-21,19,2951.0328,0.0,2951.0328,2826.5835,0.0,2826.5835,2826.5835,0.0,2826.5835
2025-06-21,20,2977.51,0.0,2977.51,2821.38,0.0,2821.38,2821.38,0.0,2821.38
2025-06-21,21,2780.298,0.0162,2780.2817999999997,2923.502,0.019914285714285714,2923.482085714286,2923.502,0.0,2923.502
2025-06-21,22,2728.3059,0.0,2728.3059,2996.6877,0.0,2996.6877,2996.6877,0.0,2996.6877
2025-06-21,23,2862.19,0.0,2862.19,2885.8,0.0,2885.8,2885.8,0.0,2885.8
2025-06-21,24,2845.9182,0.2263,2845.6919000000003,2608.6737,0.27754285714285715,2608.396157142857,2608.6737,1.1609166666666666,2607.512783333333
2025-06-21,25,2748.951,0.0,2748.951,2602.2534,0.0,2602.2534,2602.2534,2.321833333333333,2599.9315666666666
2025-06-21,26,2677.31,0.0,2677.31,2799.89,0.0,2799.89,2799.89,3.48275,2796.4072499999997
2025-06-21,27,2660.8713,3.1516,2657.7196999999996,2720.8463,3.8657714285714286,2716.9805285714287,2720.8463,4.643666666666666,2716.2026333333333
2025-06-21,28,2702.3205,0.0,2702.3205,2641.2198,0.0,2641.2198,2641.2198,5.804583333333333,2635.4152166666663
2025-06-21,29,2732.32,7.275,2725.045,2632.74,6.128571428571429,2626.6114285714284,2632.74,6.9655,2625.7745
2025-06-21,30,2664.7178,116.7655,2547.9523,2502.539,132.75747142857145,2369.7815285714287,2502.539,149.0448833333333,2353.4941166666667
2025-06-21,31,2606.871,263.9703,2342.9007,2578.8036,307.3779857142857,2271.4256142857143,2578.8036,291.12426666666664,2287.6793333333335
2025-06-21,32,2642.15,417.075,2225.0750000000003,2833.56,484.5482142857142,2349.011785714286,2833.56,433.2036499999999,2400.35635
2025-06-21,33,2745.0641,587.5961,2157.468,2871.5102,672.0540142857143,2199.4561857142858,2871.5102,575.2830333333333,2296.227166666667
2025-06-21,34,2758.042,735.8325,2022.2095,2789.4328,872.3909714285716,1917.0418285714286,2789.4328,717.3624166666666,2072.0703833333337
2025-06-21,35,2741.64,890.7,1850.9399999999998,2768.88,1084.1250000000002,1684.7549999999997,2768.88,859.4418,1909.4382
2025-06-21,36,2888.7304,1136.9554,1751.7749999999999,2866.406833333333,1287.2983736507938,1579.1084596825394,2866.406833333333,1193.7425833333334,1672.6642499999998
2025-06-21,37,2932.231,1453.4028,1478.8282000000002,2811.107514955446,1482.2588619026953,1328.8486530527505,2811.107514955446,1496.7851666666666,1314.3223482887793
2025-06-21,38,2764.02,1765.9125,998.1075000000001,2624.114620246737,1671.687714062313,952.4269061844241,2624.114620246737,1799.82775,824.2868702467372
2025-06-21,39,2606.6137,2022.3026,584.3110999999999,2619.7951965072834,1900.3797201438979,719.4154763633856,2619.7951965072834,2102.8703333333333,516.9248631739501
2025-06-21,40,2867.7649,2350.4923,517.2726000000002,2836.682092480904,2159.9508633907035,676.7312290902005,2836.682092480904,2405.9129166666667,430.7691758142373
2025-06-21,41,3304.27,2699.25,605.02,3133.3407583156077,2429.5290490319076,703.8117092837001,3133.3407583156077,2708.9555,424.38525831560764
2025-06-21,42,3254.3169,2874.6231,379.6938,3296.8709455251246,2684.5353044630274,612.3356410620972,3296.8709455251246,2918.983416666667,377.8875288584577
2025-06-21,43,3137.5948,3006.0287,131.5661,3263.203106951492,2883.897922278533,379.30518467295906,3263.203106951492,3129.0113333333334,134.19177361815855
2025-06-21,44,3174.85,3224.8875,-50.03749999999991,3157.8023967286626,3060.997689013937,96.80470771472574,3157.8023967286626,3339.03925,-181.23685327133717
2025-06-21,45,3159.7263,3537.527,-377.80070000000023,3175.0079702471166,3302.040099597501,-127.03212935038437,3175.0079702471166,3549.0671666666667,-374.05919641955006
2025-06-21,46,3087.5763,3785.3986,-697.8222999999998,3188.271284119432,3590.3446432259607,-402.07335910652864,3188.271284119432,3759.0950833333336,-570.8237992139016
2025-06-21,47,3062.36,4003.425,-941.065,3176.1982961468098,3886.6119463786845,-710.4136502318747,3176.1982961468098,3969.123,-792.9247038531903
2025-06-21,48,3162.0197,4334.7324,-1172.7127,3237.476965286509,4164.20698725611,-926.7300219696008,3237.476965286509,4097.8378,-860.3608347134914
2025-06-21,49,3160.9922,4441.8035,-1280.8112999999998,3213.4981516201747,4429.992395928267,-1216.4942443080922,3213.4981516201747,4226.5526,-1013.0544483798253
2025-06-21,50,3037.59,4358.7,-1321.1099999999997,3118.7673163230384,4669.693240193539,-1550.9259238705008,3118.7673163230384,4355.2674,-1236.5000836769614
2025-06-21,51,3030.9974,4479.895,-1448.8976000000002,3162.1007216339544,4848.174311433449,-1686.0735897994941,3162.1007216339544,4483.9822,-1321.881478366046
2025-06-21,52,3289.939,4668.5166,-1378.5776,3368.5563308262645,4968.01682474931,-1599.4604939230458,3368.5563308262645,4612.697,-1244.1406691737357
2025-06-21,53,3650.62,4746.075,-1095.455,3645.7584081794557,5116.283990523723,-1470.5255823442676,3645.7584081794557,4741.4118,-1095.6533918205441
2025-06-21,54,3785.9011,4746.9534,-961.0523000000003,3854.065318951598,5387.986843121268,-1533.9215241696702,3854.065318951598,5039.020833333333,-1184.9555143817352
2025-06-21,55,3849.6183,5139.4381,-1289.8198000000002,3940.9167293525343,5619.606341014233,-1678.689611661699,3940.9167293525343,5336.629866666666,-1395.713137314132
2025-06-21,56,3824.6,5794.3125,-1969.7125,3892.130606517806,5777.665509762053,-1885.5349032442473,3892.130606517806,5634.2389,-1742.1082934821943
2025-06-21,57,3582.3586,6109.068,-2526.7094,3744.4891184832945,5963.6155135588015,-2219.126395075507,3744.4891184832945,5931.8479333333335,-2187.358814850039
2025-06-21,58,3687.9447,6385.1018,-2697.1571000000004,3670.3654341605547,6047.922883920312,-2377.5574497597577,3670.3654341605547,6229.456966666667,-2559.091532506112
2025-06-21,59,4000.14,6643.5375,-2643.3975000000005,3765.193023312825,6097.931248368109,-2332.7382250552837,3765.193023312825,6527.066,-2761.8729766871747
2025-06-21,60,3826.1041,6589.8893,-2763.7852,3942.2431565316965,6324.869559110257,-2382.6264025785604,3942.2431565316965,6624.2863333333335,-2682.043176801637
2025-06-21,61,3761.4976,6695.6004,-2934.1028,3852.7604052144184,6500.685321719226,-2647.9249165048072,3852.7604052144184,6721.506666666666,-2868.746261452248
2025-06-21,62,3901.91,7000.9875,-3099.0775000000003,3629.0048415418282,6563.66896666397,-2934.664125122142,3629.0048415418282,6818.727,-3189.722158458172
2025-06-21,63,3726.7535,7093.8409,-3367.0874000000003,3733.115538456882,6670.379620839184,-2937.264082382302,3733.115538456882,6915.9473333333335,-3182.8317948764516
2025-06-21,64,3565.5609,7243.1188,-3677.5579000000002,3784.590869643781,6739.616093377495,-2955.0252237337145,3784.590869643781,7013.167666666666,-3228.5767970228853
2025-06-21,65,3679.21,7400.1,-3720.8900000000003,3620.0653095076573,6743.808975744707,-3123.7436662370496,3620.0653095076573,7110.388,-3490.322690492343
2025-06-21,66,3945.6166,7306.5816,-3360.9650000000006,3482.9379331548316,6744.486656118147,-3261.5487229633154,3482.9379331548316,7158.681916666666,-3675.743983511835
2025-06-21,67,3900.6403,7782.8954,-3882.2551000000003,3501.8652163735974,6698.012790905312,-3196.1475745317143,3501.8652163735974,7206.975833333333,-3705.110616959736
2025-06-21,68,3645.76,8490.225,-4844.465,3620.7737356155417,6601.304519117217,-2980.530783501675,3620.7737356155417,7255.2697499999995,-3634.4960143844573
2025-06-21,69,3705.1427,8180.7164,-4475.573700000001,3677.575667977373,6516.109605310759,-2838.5339373333863,3677.575667977373,7303.563666666667,-3625.987998689294
2025-06-21,70,3724.3133,7677.6706,-3953.3573000000006,3690.0094911832466,6488.876896814453,-2798.8674056312066,3690.0094911832466,7351.857583333333,-3661.848092150087
2025-06-21,71,3631.08,7665.1125,-4034.0325000000003,3694.4994835675757,6512.867509523335,-2818.368025955759,3694.4994835675757,7400.1515,-3705.6520164324243
2025-06-21,72,3735.5415,8044.2631,-4308.721600000001,3708.8220088888893,6781.038311111112,-3072.216302222223,3708.8220088888893,7699.6236,-3990.8015911111106
2025-06-21,73,3852.2352,8300.9755,-4448.7403,3733.493867304577,6875.565982689622,-3142.0721153850445,3733.493867304577,7734.1347000000005,-4000.6408326954233
2025-06-21,74,3928.56,8383.0125,-4454.452500000001,3769.5910291931878,6914.869723115343,-3145.278693922155,3769.5910291931878,7768.6458,-3999.0547708068125
2025-06-21,75,4059.9044,8605.7877,-4545.883300000001,3788.7926191282313,6717.621795958802,-2928.8291768305708,3788.7926191282313,7803.1569,-4014.3642808717686
2025-06-21,76,3912.5928,8542.7209,-4630.1281,3776.0926664891194,6537.8944188139085,-2761.801752324789,3776.0926664891194,7837.668000000001,-4061.575333510881
2025-06-21,77,3688.01,8049.6,-4361.59,3770.7957053295027,6513.601145575415,-2742.8054402459125,3770.7957053295027,7872.1791,-4101.383394670498
2025-06-21,78,3910.4683,7493.4162,-3582.9478999999997,3824.565074249221,6529.691334524818,-2705.1262602755965,3824.565074249221,7502.3225,-3677.7574257507786
2025-06-21,79,3862.6154,7354.9231,-3492.3077,3841.9825162697543,6380.012745079268,-2538.0302288095136,3841.9825162697543,7132.4659,-3290.483383730246
2025-06-21,80,3589.29,7340.8875,-3751.5975,3834.5019787130923,6131.995520343831,-2297.493541630739,3834.5019787130923,6762.6093,-2928.107321286908
2025-06-21,81,3849.2221,6714.7449,-2865.5227999999997,3899.908713083917,6046.549126893211,-2146.640413809294,3899.908713083917,6392.7527,-2492.843986916083
2025-06-21,82,3978.2382,6127.755,-2149.5168000000003,3912.761274955019,5990.548694637768,-2077.787419682749,3912.761274955019,6022.8961,-2110.134825044981
2025-06-21,83,3861.85,5956.2,-2094.35,3877.8357238558474,5899.861228199995,-2022.0255043441475,3877.8357238558474,5653.0395,-1775.2037761441525
2025-06-21,84,4047.8905,5941.7978,-1893.9073000000003,3917.450323164114,5838.756618370751,-1921.3062952066375,3917.450323164114,5593.80405,-1676.353726835886
2025-06-21,85,4095.2281,5827.294,-1732.0659,3884.082540000372,5708.516967928684,-1824.4344279283118,3884.082540000372,5534.5686,-1650.4860599996277
2025-06-21,86,4007.39,5738.1375,-1730.7475,3797.883145125474,5511.565260392206,-1713.6821152667321,3797.883145125474,5475.3331499999995,-1677.4500048745253
2025-06-21,87,4227.0513,5964.2607,-1737.2093999999997,3855.55351284085,5363.774600273362,-1508.221087432512,3855.55351284085,5416.0977,-1560.5441871591502
2025-06-21,88,4182.4486,5979.2451,-1796.7965000000004,4009.7931208915047,5259.282153403022,-1249.489032511517,4009.7931208915047,5356.86225,-1347.0691291084954
2025-06-21,89,3879.68,5680.4625,-1800.7824999999998,4117.260750371683,5149.293244468286,-1032.032494096603,4117.260750371683,5297.6268,-1180.3660496283173
2025-06-21,90,3916.2335,5457.1539,-1540.9204000000004,4053.7069856331177,4989.289926045933,-935.5829404128149,4053.7069856331177,5047.1128,-993.4058143668822
2025-06-21,91,3924.3398,5153.0688,-1228.7289999999998,3904.0997141957832,4794.01891913005,-889.9192049342664,3904.0997141957832,4796.5988,-892.4990858042165
2025-06-21,92,3875.5,4811.1,-935.6000000000004,3876.9253266611045,4558.722025152051,-681.7966984909467,3876.9253266611045,4546.0848,-669.1594733388952
2025-06-21,93,4137.0155,4680.9532,-543.9376999999995,4115.123816627537,4263.886623777066,-148.76280714952918,4115.123816627537,4295.5708,-180.44698337246336
2025-06-21,94,4317.2602,4481.2341,-163.97389999999996,4237.454780608463,3966.8465279035327,270.60825270493024,4237.454780608463,4045.0568000000003,192.3979806084626
2025-06-21,95,4217.43,4055.4,162.0300000000002,4218.513917952335,3701.33158157866,517.1823363736748,4218.513917952335,3794.5428,423.9711179523347
2025-06-21,96,4034.2858,3562.8565,471.42930000000024,4337.571130765005,3460.582000828147,876.9891299368583,4337.571130765005,3584.5224500000004,753.048680765005
2025-06-21,97,3980.7146,3361.4888,619.2257999999997,4179.1882238341905,3248.6661431128623,930.5220807213282,4179.1882238341905,3374.5021,804.6861238341903
2025-06-21,98,4042.02,3406.575,635.4450000000002,3995.9938045559943,3073.0527054109734,922.9410991450209,3995.9938045559943,3164.48175,831.5120545559944
2025-06-21,99,3983.774,3291.2298,692.5441999999998,4415.535682863456,2922.5479509240554,1492.9877319394004,4415.535682863456,2954.4614,1461.0742828634557
2025-06-21,100,3621.8931,2964.175,657.7180999999996,4250.906571157042,2714.781750120002,1536.12482103704,4250.906571157042,2744.4410500000004,1506.4655211570416
2025-06-21,101,3240.3,2623.6125,616.6875,3542.1724842370586,2448.525436111366,1093.6470481256924,3542.1724842370586,2534.4207,1007.7517842370585
2025-06-21,102,3335.0072,2479.2426,855.7646,3546.5844392378986,2203.058888653459,1343.5255505844398,3546.5844392378986,2274.11045,1272.4739892378984
2025-06-21,103,3462.6248,2185.8548,1276.77,3662.920955564103,1983.4121039037527,1679.5088516603505,3662.920955564103,2013.8002000000001,1649.120755564103
2025-06-21,104,3484.27,1750.4625,1733.8075,3543.267654828168,1762.8361070841604,1780.4315477440073,3543.267654828168,1753.4899500000001,1789.7777048281678
2025-06-21,105,3649.2081,1528.3871,2120.821,3492.570060790055,1521.693622330636,1970.876438459419,3492.570060790055,1493.1797000000001,1999.3903607900547
2025-06-21,106,3604.3529,1310.4274,2293.9255,3485.407999298362,1314.157671157471,2171.250328140891,3485.407999298362,1232.8694500000001,2252.538549298362
2025-06-21,107,3349.51,1034.1,2315.4100000000003,3500.6371982331034,1141.2383566779426,2359.3988415551607,3500.6371982331034,972.5592,2528.0779982331032
2025-06-21,108,3274.4828,860.3286,2414.1542,3559.395517777778,1423.617092063492,2135.7784257142857,3559.395517777778,863.0169,2696.378617777778
2025-06-21,109,3297.0032,677.2547,2619.7485,3599.8775871433054,1203.3572319140512,2396.520355229254,3599.8775871433054,691.9338,2907.9437871433056
2025-06-21,110,3342.79,452.7,2890.09,3607.479000489678,994.5460805207562,2612.932919968922,3607.479000489678,520.8507,3086.628300489678
2025-06-21,111,3456.8314,276.0564,3180.775,3668.3336497441132,812.5686968838183,2855.764952860295,3668.3336497441132,349.7676,3318.566049744113
2025-06-21,112,3634.5648,121.8367,3512.7281000000003,3669.309218836329,632.2322256469217,3037.0769931894074,3669.309218836329,178.68450000000004,3490.624718836329
2025-06-21,113,3852.72,7.7625,3844.9575,3659.492883917639,491.50590277485514,3167.9869811427843,3659.492883917639,7.6014,3651.8914839176387
2025-06-21,114,4004.9442,0.0,4004.9442,3794.9598135740493,472.2000043241113,3322.759809249938,3794.9598135740493,6.3345,3788.6253135740494
2025-06-21,115,3706.7434,3.2619,3703.4815,3819.079369033511,463.22029544284686,3355.8590735906637,3819.079369033511,5.0676000000000005,3814.011769033511
2025-06-21,116,3293.48,0.0,3293.48,3675.110904367498,446.6820653082087,3228.428839059289,3675.110904367498,3.8007,3671.310204367498
2025-06-21,117,3492.5254,0.0,3492.5254,3558.5864666870643,434.44497656634087,3124.1414901207236,3558.5864666870643,2.5338000000000003,3556.052666687064
2025-06-21,118,3490.6667,0.2342,3490.4325000000003,3460.3732963335283,422.8271864119874,3037.546109921541,3460.3732963335283,1.2669000000000004,3459.106396333528
2025-06-21,119,3189.62,0.0,3189.62,3496.4799270639296,410.967339301908,3085.512587762022,3496.4799270639296,0.0,3496.4799270639296
2025-06-21,120,3348.2366,0.0,3348.2366,3799.7579862314146,399.70867415362915,3400.0493120777855,3799.7579862314146,0.0,3799.757986231414
2025-06-21,121,3725.2052,0.0168,3725.1884,3881.098994960669,388.7788603097737,3492.320134650896,3881.098994960669,0.0,3881.098994960669
2025-06-21,122,3960.13,0.0,3960.13,3760.976268318553,378.1082051197944,3382.8680631987586,3760.976268318553,0.0,3760.9762683185536
2025-06-21,123,3881.8245,0.0,3881.8245,3923.129715480058,367.74973313393866,3555.3799823461195,3923.129715480058,0.0,3923.129715480058
2025-06-21,124,3513.6729,0.0012,3513.6717,4049.2293398897173,357.6765083329825,3691.552831556735,4049.2293398897173,0.0,4049.2293398897173
2025-06-21,125,3160.32,0.0,3160.32,3909.9157394185936,347.87634224598537,3562.039397172608,3909.9157394185936,0.0,3909.915739418594
2025-06-21,126,3214.7106,0.0,3214.7106,3605.397906516969,338.3460879513044,3267.0518185656647,3605.397906516969,0.0,3605.3979065169688
2025-06-21,127,3489.1029,0.0,3489.1029,3362.416328362851,329.07691995624043,3033.3394084066103,3362.416328362851,0.0,3362.4163283628513
2025-06-21,128,3713.49,0.0,3713.49,3334.4336870064044,320.0616856650976,3014.3720013413067,3334.4336870064044,0.0,3334.4336870064044
2025-06-21,129,3715.4477,0.0,3715.4477,3485.957359510438,311.2934284312794,3174.663931079159,3485.957359510438,0.0,3485.9573595104384
2025-06-21,130,3460.6768,0.0,3460.6768,3452.91571808703,302.76538218915994,3150.1503358978707,3452.91571808703,0.0,3452.9157180870307
2025-06-21,131,3169.68,0.0,3169.68,3259.9450302304203,294.4709662330193,2965.474063997401,3259.9450302304203,0.0,3259.9450302304203
2025-06-21,132,3161.2424,0.0,3161.2424,3254.009158846255,286.4037801390116,2967.6053787072433,3254.009158846255,0.0,3254.0091588462556
2025-06-21,133,3268.4465,0.0,3268.4465,3211.079962377296,278.557598826249,2932.522363551047,3211.079962377296,0.0,3211.079962377296
2025-06-21,134,3317.19,0.0,3317.19,3183.2942949256826,270.9263677531894,2912.367927172493,3183.2942949256826,0.0,3183.294294925682
2025-06-21,135,3281.0391,0.0,3281.0391,3466.257106371845,263.5041982456223,3202.752908126223,3466.257106371845,0.0,3466.257106371845
2025-06-21,136,3250.7574,0.0,3250.7574,3647.403842490161,256.2853629526461,3391.1184795375148,3647.403842490161,0.0,3647.403842490161
2025-06-21,137,3190.39,0.0,3190.39,3456.885645061443,249.26429142713192,3207.621353634311,3456.885645061443,0.0,3456.885645061443
2025-06-21,138,2998.9363,0.0,2998.9363,3042.3074519823444,242.4355658272627,2799.871886155082,3042.3074519823444,0.0,3042.3074519823444
2025-06-21,139,2920.9743,0.0,2920.9743,2899.5883973717664,235.79391673583092,2663.7944806359355,2899.5883973717664,0.0,2899.5883973717664
2025-06-21,140,2989.3,0.0,2989.3,3066.102911674355,229.33421909406863,2836.7686925802864,3066.102911674355,0.0,3066.102911674355
2025-06-21,141,3024.571,0.0,3024.571,3187.588321761154,223.0514882468727,2964.536833514281,3187.588321761154,0.0,3187.588321761154
2025-06-21,142,3193.3141,0.0,3193.3141,3492.2996510275107,216.94087609637296,3275.3587749311378,3492.2996510275107,0.0,3492.2996510275107
2025-06-21,143,3636.14,0.0,3636.14,3924.009619488292,210.99766736087534,3713.011952127417,3924.009619488292,0.0,3924.009619488292
2025-09-23,0,3421.106,0.0,3421.106,3937.1458,0.0,3937.1458000000002,3937.1458,0.0,3937.1458000000002
2025-09-23,1,3361.9091,0.0,3361.9091,4000.4017,0.0,4000.4017,4000.4017,0.0,4000.4017
2025-09-23,2,3388.6,0.0,3388.6,3751.36,0.0,3751.36,3751.36,0.0,3751.36
2025-09-23,3,3591.0535,0.0,3591.0535,3531.7831,0.0,3531.7831000000006,3531.7831,0.0,3531.7831000000006
2025-09-23,4,3639.0639,0.0,3639.0639,3436.6857,0.0,3436.6857,3436.6857,0.0,3436.6857
2025-09-23,5,3538.62,0.0,3538.62,3454.54,0.0,3454.54,3454.54,0.0,3454.54
2025-09-23,6,3584.1201,0.0,3584.1201,3517.2378,0.0,3517.2378,3517.2378,0.0,3517.2378
2025-09-23,7,3479.83,0.0,3479.83,3497.5299,0.0,3497.5299,3497.5299,0.0,3497.5299
2025-09-23,8,3316.08,0.0,3316.08,3422.74,0.0,3422.74,3422.74,0.0,3422.74
2025-09-23,9,3504.3201,0.0,3504.3201,3457.0954,0.0,3457.0954,3457.0954,0.0,3457.0954
2025-09-23,10,3611.1697,0.0,3611.1697,3628.0075,0.0,3628.0074999999997,3628.0075,0.0,3628.0074999999997
2025-09-23,11,3543.64,0.0,3543.64,3727.77,0.0,3727.7699999999995,3727.77,0.0,3727.7699999999995
2025-09-23,12,3627.3783,0.0,3627.3783,3520.7314,0.0,3520.7314000000006,3520.7314,0.0,3520.7314000000006
2025-09-23,13,3646.7973,0.0,3646.7973,3436.0535,0.0,3436.0535,3436.0535,0.0,3436.0535
2025-09-23,14,3569.92,0.0,3569.92,3624.55,0.0,3624.55,3624.55,0.0,3624.55
2025-09-23,15,3591.0744,0.0,3591.0744,3799.684,0.0,3799.684,3799.684,0.0,3799.684
2025-09-23,16,3523.6786,0.0,3523.6786,3729.9253,0.0,3729.9253,3729.9253,0.0,3729.9253
2025-09-23,17,3402.03,0.0,3402.03,3599.4,0.0,3599.3999999999996,3599.4,0.0,3599.3999999999996
2025-09-23,18,3470.8796,0.0,3470.8796,3766.8381,0.0,3766.8381,3766.8381,0.0,3766.8381
2025-09-23,19,3546.3118,0.0,3546.3118,3732.5778,0.0,3732.5778,3732.5778,0.0,3732.5778
2025-09-23,20,3521.1,0.0,3521.1,3487.16,0.0,3487.16,3487.16,0.0,3487.16
2025-09-23,21,3493.0415,0.0,3493.0415,3542.3682,0.0,3542.3682,3542.3682,0.0,3542.3682
2025-09-23,22,3616.52,0.0,3616.52,3671.4309,0.0,3671.4308999999994,3671.4309,0.0,3671.4308999999994
2025-09-23,23,3738.77,0.0,3738.77,3753.85,0.0,3753.85,3753.85,0.0,3753.85
2025-09-23,24,3573.138,0.0019,3573.1360999999997,3887.5822,0.0014857142857142857,3887.5807142857147,3887.5822,0.0,3887.5822
2025-09-23,25,3548.8256,0.0,3548.8256,3864.8881,0.0,3864.8881,3864.8881,0.0,3864.8881
2025-09-23,26,3696.43,0.0,3696.43,3746.52,0.0,3746.5199999999995,3746.52,0.0,3746.5199999999995
2025-09-23,27,3629.4046,0.0268,3629.3777999999998,3799.8707,0.021871428571428573,3799.8488285714284,3799.8707,0.0,3799.8707
2025-09-23,28,3602.4949,0.0,3602.4949,3743.4045,0.0007,3743.4038,3743.4045,0.0,3743.4045
2025-09-23,29,3708.74,0.0,3708.74,3548.17,0.0,3548.17,3548.17,0.0,3548.17
2025-09-23,30,3751.3647,0.3731,3750.9916000000003,3510.4937,0.30481428571428565,3510.188885714286,3510.4937,0.0,3510.4937
2025-09-23,31,3689.4488,0.0,3689.4488,3645.7435,0.009828571428571428,3645.733671428572,3645.7435,0.0,3645.7435
2025-09-23,32,3557.68,0.0,3557.68,3724.04,0.0,3724.04,3724.04,0.0,3724.04
2025-09-23,33,3509.0644,5.1961,3503.8683,3582.2553,4.245557142857143,3578.0097428571426,3582.2553,0.0,3582.2553
2025-09-23,34,4001.4806,0.0,4001.4806,3957.97,0.5899142857142857,3957.3800857142855,3957.97,0.0,3957.97
2025-09-23,35,4743.74,0.0,4743.74,4700.49,29.480357142857144,4671.009642857142,4700.49,0.0,4700.49
2025-09-23,36,4911.4158,148.7833,4762.6325,4795.114742222222,234.18543999999997,4560.929302222222,4795.114742222222,251.5366,4543.578142222222
2025-09-23,37,4831.9735,376.0146,4455.9589,4687.70588690378,505.67290079597035,4182.03298610781,4687.70588690378,503.0732,4184.63268690378
2025-09-23,38,4792.2,649.3875,4142.8125,4648.677206136477,783.160619839614,3865.5165862968634,4648.677206136477,754.6098,3894.067406136477
2025-09-23,39,4757.3085,973.8044,3783.5041,4688.533470393644,1089.125596121347,3599.407874272297,4688.533470393644,1006.1464,3682.3870703936436
2025-09-23,40,4755.1526,1245.8597,3509.2929000000004,4703.268312603775,1399.2971139821634,3303.9711986216107,4703.268312603775,1257.683,3445.5853126037746
2025-09-23,41,4789.05,1511.775,3277.275,4662.008629179092,1713.8898145521728,2948.1188146269196,4662.008629179092,1509.2196,3152.7890291790927
2025-09-23,42,4816.282,1907.945,2908.3370000000004,4646.161881015928,2056.896624331719,2589.265256684209,4646.161881015928,1886.3592666666666,2759.8026143492616
2025-09-23,43,4786.2179,2234.3678,2551.8500999999997,4778.8734944677,2400.3277980579473,2378.5456964097525,4778.8734944677,2263.4989333333333,2515.3745611343666
2025-09-23,44,4660.51,2492.5875,2167.9225,4886.166962291233,2742.7204615711157,2143.4465007201175,4886.166962291233,2640.6386,2245.528362291233
2025-09-23,45,4606.8822,2894.0726,1712.8096,4776.851644567153,3106.6152546806543,1670.2363898864987,4776.851644567153,3017.7782666666667,1759.0733779004863
2025-09-23,46,5489.8417,3343.4604,2146.3813,5355.631869595074,3452.809902602408,1902.8219669926661,5355.631869595074,3394.917933333333,1960.7139362617409
2025-09-23,47,6701.06,3753.1125,2947.9475,6413.444434764249,3771.038587395642,2642.4058473686073,6413.444434764249,3772.0576,2641.386834764249
2025-09-23,48,6664.9869,4119.6249,2545.362,6731.249607400379,4088.3829622569588,2642.8666451434206,6731.249607400379,4114.9793666666665,2616.270240733713
2025-09-23,49,6469.7028,4427.9049,2041.7978999999996,6602.836025589222,4401.818465813993,2201.0175597752295,6602.836025589222,4457.901133333334,2144.9348922558884
2025-09-23,50,6635.97,4698.6375,1937.3325000000004,6449.310698977631,4694.562336418883,1754.7483625587474,6449.310698977631,4800.8229,1648.4877989776305
2025-09-23,51,6600.0815,4997.093,1602.9885000000004,6388.9226095526565,4962.083569298678,1426.839040253978,6388.9226095526565,5143.7446666666665,1245.17794288599
2025-09-23,52,6462.4233,5400.3214,1062.1019000000006,6395.440312399302,5267.647702276961,1127.7926101223402,6395.440312399302,5486.666433333334,908.7738790659678
2025-09-23,53,6427.57,5807.85,619.7199999999993,6460.623036437512,5596.718758638135,863.9042777993773,6460.623036437512,5829.5882,631.0348364375122
2025-09-23,54,6551.7343,6020.5511,531.1832000000004,6579.595885138992,5866.407489991508,713.1883951474847,6579.595885138992,5942.855983333334,636.7399018056585
2025-09-23,55,6611.8297,6159.4673,452.3624,6564.470637224363,6100.755861992328,463.7147752320343,6564.470637224363,6056.123766666667,508.3468705576961
2025-09-23,56,6584.42,6306.2625,278.15750000000025,6369.086547341233,6376.386668634078,-7.3001212928447785,6369.086547341233,6169.39155,199.69499734123292
2025-09-23,57,6627.8893,6423.4053,204.48399999999947,6163.351546723697,6731.884860826276,-568.5333141025794,6163.351546723697,6282.659333333334,-119.30778660963733
2025-09-23,58,6567.1756,6483.305,83.87059999999929,6213.377243833752,6965.540946400704,-752.1637025669525,6213.377243833752,6395.927116666667,-182.54987283291484
2025-09-23,59,6455.96,6487.7625,-31.80249999999978,6445.63432498516,7067.380575831732,-621.7462508465724,6445.63432498516,6509.1949,-63.56057501484065
2025-09-23,60,6527.0912,6506.7574,20.333799999999428,6522.845254950206,7232.537099385048,-709.6918444348421,6522.845254950206,6679.203283333334,-156.35802838312793
2025-09-23,61,6488.4499,6763.9313,-275.4814000000006,6496.977477549836,7466.593167123381,-969.6156895735448,6496.977477549836,6849.211666666667,-352.23418911683075
2025-09-23,62,6336.11,7139.7,-803.5900000000001,6469.757616227635,7687.30425748349,-1217.5466412558553,6469.757616227635,7019.22005,-549.4624337723653
2025-09-23,63,6376.9432,7257.6775,-880.7343000000001,6469.888974608069,7811.336891567277,-1341.4479169592087,6469.888974608069,7189.228433333334,-719.3394587252651
2025-09-23,64,6473.6947,7240.5731,-766.8783999999996,6444.078837039447,7899.814604575632,-1455.7357675361854,6444.078837039447,7359.236816666667,-915.1579796272208
2025-09-23,65,6470.56,7359.675,-889.1149999999998,6409.865969121997,8007.954331527825,-1598.0883624058279,6409.865969121997,7529.2452,-1119.379230878003
2025-09-23,66,6357.1346,7784.7849,-1427.6502999999993,6444.221518221483,8124.002321552201,-1679.7808033307174,6444.221518221483,7741.659933333333,-1297.4384151118502
2025-09-23,67,6310.6975,8209.6886,-1898.9910999999993,6499.189513968742,8145.535666462439,-1646.3461524936965,6499.189513968742,7954.074666666666,-1454.8851526979242
2025-09-23,68,6431.52,8399.7375,-1968.2174999999988,6503.707368745547,8117.954186476556,-1614.2468177310093,6503.707368745547,8166.4893999999995,-1662.7820312544527
2025-09-23,69,6604.0357,8379.679,-1775.6432999999997,6410.56777815715,8183.142758792906,-1772.5749806357553,6410.56777815715,8378.904133333333,-1968.3363551761831
2025-09-23,70,6371.5522,8435.4109,-2063.8587000000007,6232.09152149189,8199.877403308916,-1967.7858818170262,6232.09152149189,8591.318866666667,-2359.227345174777
2025-09-23,71,5893.69,8613.5625,-2719.8725000000004,6008.958362168194,8205.591482625428,-2196.6331204572343,6008.958362168194,8803.7336,-2794.7752378318055
2025-09-23,72,5815.5593,8690.3915,-2874.8322,5864.637117777777,8268.69659015873,-2404.0594723809527,5864.637117777777,8544.144683333334,-2679.5075655555565
2025-09-23,73,5929.8452,8581.2694,-2651.4241999999995,5955.923719560853,8441.715318899229,-2485.791599338376,5955.923719560853,8474.726866666666,-2518.803147105813
2025-09-23,74,5958.43,8484.4875,-2526.057499999999,6167.762836001155,8428.377572061789,-2260.6147360606337,6167.762836001155,8405.30905,-2237.546213998845
2025-09-23,75,5882.5546,8645.3297,-2762.7751,6125.034810542657,8246.764341968123,-2121.729531425465,6125.034810542657,8335.891233333334,-2210.8564227906763
2025-09-23,76,6091.5912,8546.664,-2455.072800000001,6136.725890918275,8155.65292330734,-2018.927032389065,6136.725890918275,8266.473416666666,-2129.747525748391
2025-09-23,77,6408.53,8135.1375,-1726.6075,6278.196929032352,8117.824143599315,-1839.6272145669627,6278.196929032352,8197.0556,-1918.8586709676474
2025-09-23,78,6253.4833,7884.9488,-1631.4655000000002,6273.847880846399,7871.165679320566,-1597.317798474167,6273.847880846399,8027.901699999999,-1754.0538191536007
2025-09-23,79,6080.4251,7754.0988,-1673.6736999999994,6090.598506267927,7659.252657693963,-1568.6541514260352,6090.598506267927,7858.7478,-1768.1492937320727
2025-09-23,80,6115.63,7607.2875,-1491.6575000000003,5989.347069042361,7538.559615572281,-1549.2125465299196,5989.347069042361,7689.5939,-1700.2468309576388
2025-09-23,81,6161.9414,7394.5585,-1232.6171000000004,6255.8847366478885,7318.211101131211,-1062.3263644833223,6255.8847366478885,7520.44,-1264.555263352111
2025-09-23,82,6291.8498,7228.1769,-936.3271000000004,6383.4053801932005,7084.102289801701,-700.6969096085004,6383.4053801932005,7351.2861,-967.8807198067998
2025-09-23,83,6409.53,7094.9625,-685.4324999999999,6193.259574318034,6914.85577158575,-721.596197267716,6193.259574318034,7182.1322,-988.8726256819664
2025-09-23,84,6298.6605,6838.0168,-539.3563000000004,6010.101897096436,6792.796238328342,-782.694341231906,6010.101897096436,6783.6456,-773.5437029035638
2025-09-23,85,6212.8259,6393.4647,-180.63880000000063,6045.178329942681,6636.848099518124,-591.6697695754438,6045.178329942681,6385.159,-339.980670057319
2025-09-23,86,6236.6,5854.05,382.5500000000002,6217.521057519754,6395.947512332306,-178.42645481255204,6217.521057519754,5986.6724,230.84865751975394
2025-09-23,87,6217.1274,5393.4146,823.7128000000002,6266.248267650369,6086.924583069757,179.32368458061137,6266.248267650369,5588.1858,678.0624676503685
2025-09-23,88,6206.2876,4990.8009,1215.4866999999995,6239.675651230385,5812.074797116272,427.60085411411274,6239.675651230385,5189.6992,1049.9764512303846
2025-09-23,89,6262.68,4761.6375,1501.0425000000005,6190.068402144631,5554.026091728796,636.0423104158353,6190.068402144631,4791.2126,1398.8558021446315
2025-09-23,90,6377.3851,4842.082,1535.3031,6152.808417185017,5207.999157353944,944.8092598310732,6152.808417185017,4590.26555,1562.5428671850168
2025-09-23,91,6461.0017,4734.2965,1726.7051999999994,6378.424195970891,4876.266167481818,1502.1580284890724,6378.424195970891,4389.318499999999,1989.1056959708912
2025-09-23,92,6382.45,4417.2375,1965.2124999999996,6670.148740871582,4589.800179893268,2080.348560978314,6670.148740871582,4188.37145,2481.7772908715824
2025-09-23,93,6120.1976,4306.354,1813.8436000000002,6526.588156931062,4278.300352158712,2248.2878047723507,6526.588156931062,3987.4244,2539.1637569310624
2025-09-23,94,6153.6297,4035.9346,2117.6951000000004,6231.440151794673,3963.4534856751116,2267.986666119561,6231.440151794673,3786.47735,2444.9628017946725
2025-09-23,95,6505.17,3543.675,2961.495,6177.409435637862,3660.7586839563915,2516.6507516814704,6177.409435637862,3585.5303,2591.879135637862
2025-09-23,96,6704.9712,3168.3753,3536.5959,6481.032421096865,3352.730425178097,3128.3019959187677,6481.032421096865,3228.23035,3252.802071096865
2025-09-23,97,6651.3841,2836.5022,3814.8819000000003,6555.881723201296,3014.456277548631,3541.425445652665,6555.881723201296,2870.9304,3684.951323201296
2025-09-23,98,6512.95,2503.5375,4009.4125,6336.638059308576,2671.7281860793273,3664.9098732292487,6336.638059308576,2513.63045,3823.007609308576
2025-09-23,99,6516.7553,2218.6701,4298.0851999999995,6324.033649040163,2372.1438164684546,3951.889832571708,6324.033649040163,2156.3305,4167.703149040163
2025-09-23,100,6452.5286,1863.5925,4588.9361,6495.819014219527,2045.687870385654,4450.1311438338735,6495.819014219527,1799.0305500000004,4696.788464219527
2025-09-23,101,6349.71,1465.3875,4884.3225,6603.272378811824,1684.8660721575998,4918.406306654224,6603.272378811824,1441.7306,5161.541778811824
2025-09-23,102,6441.2731,1178.7512,5262.521900000001,6447.529268865225,1356.0246697127534,5091.504599152472,6447.529268865225,1201.4421666666667,5246.087102198559
2025-09-23,103,6397.9351,917.9154,5480.0197,6368.484812453853,1051.429164071668,5317.055648382185,6368.484812453853,961.1537333333333,5407.3310791205195
2025-09-23,104,6368.49,630.1875,5738.3025,6546.210339622272,756.3000673835464,5789.910272238725,6546.210339622272,720.8653,5825.3450396222715
2025-09-23,105,6667.634,356.458,6311.176,6705.675582331517,468.12328950974734,6237.552292821771,6705.675582331517,480.57686666666666,6225.098715664852
2025-09-23,106,5886.4358,131.4439,5754.9919,5995.540574406582,186.5896102977622,5808.95096410882,5995.540574406582,240.2884333333333,5755.252141073249
2025-09-23,107,4515.87,0.0,4515.87,4837.960051485364,0.0,4837.960051485364,4837.960051485364,0.0,4837.960051485364
2025-09-23,108,4585.9791,0.0,4585.9791,4584.086962222223,0.0,4584.086962222223,4584.086962222223,0.0,4584.086962222223
2025-09-23,109,4985.787,4.4234,4981.363600000001,4699.160123229282,0.0,4699.160123229282,4699.160123229282,0.0,4699.160123229282
2025-09-23,110,5006.5,0.0,5006.5,4805.629762062771,0.0,4805.629762062771,4805.629762062771,0.0,4805.629762062771
2025-09-23,111,5016.9579,0.0,5016.9579,5028.30179850701,0.0,5028.30179850701,5028.30179850701,0.0,5028.30179850701
2025-09-23,112,4862.5058,0.3176,4862.1882,4888.99035180432,0.0,4888.99035180432,4888.99035180432,0.0,4888.99035180432
2025-09-23,113,4664.56,0.0,4664.56,4601.96254066987,0.0,4601.96254066987,4601.96254066987,0.0,4601.96254066987
2025-09-23,114,4794.5933,0.0,4794.5933,4878.100583306112,0.0,4878.100583306112,4878.100583306112,0.0,4878.100583306112
2025-09-23,115,4953.598,0.0228,4953.5752,5048.637397416839,0.0,5048.637397416839,5048.637397416839,0.0,5048.637397416839
2025-09-23,116,4906.9,0.0,4906.9,4901.4195002208335,0.0,4901.4195002208335,4901.4195002208335,0.0,4901.4195002208335
2025-09-23,117,4721.0181,0.0,4721.0181,4891.092508465166,0.0,4891.092508465166,4891.092508465166,0.0,4891.092508465166
2025-09-23,118,4705.315,0.0016,4705.3134,4902.546838438107,0.0,4902.546838438107,4902.546838438107,0.0,4902.546838438107
2025-09-23,119,4871.47,0.0,4871.47,4817.9711059817055,0.0,4817.9711059817055,4817.9711059817055,0.0,4817.9711059817055
2025-09-23,120,4963.0687,0.0,4963.0687,4696.012526504005,0.0,4696.012526504005,4696.012526504005,0.0,4696.012526504005
2025-09-23,121,5061.4062,0.0,5061.4062,4699.3739149909425,0.0,4699.3739149909425,4699.3739149909425,0.0,4699.3739149909425
2025-09-23,122,5038.25,0.0,5038.25,4851.567786017904,0.0,4851.567786017904,4851.567786017904,0.0,4851.567786017904
2025-09-23,123,4709.3717,0.0,4709.3717,4995.310653760975,0.0,4995.310653760975,4995.310653760975,0.0,4995.310653760975
2025-09-23,124,4809.9708,0.0,4809.9708,4921.160732007882,0.0,4921.160732007882,4921.160732007882,0.0,4921.160732007882
2025-09-23,125,5215.3,0.0,5215.3,4789.339934168629,0.0,4789.339934168629,4789.339934168629,0.0,4789.339934168629
2025-09-23,126,5055.1463,0.0,5055.1463,4920.673573285844,0.0,4920.673573285844,4920.673573285844,0.0,4920.673573285844
2025-09-23,127,4827.5711,0.0,4827.5711,4794.592962044848,0.0,4794.592962044848,4794.592962044848,0.0,4794.592962044848
2025-09-23,128,4880.29,0.0,4880.29,4581.747912783438,0.0,4581.747912783438,4581.747912783438,0.0,4581.747912783438
2025-09-23,129,4979.2148,0.0,4979.2148,4907.548837501412,0.0,4907.548837501412,4907.548837501412,0.0,4907.548837501412
2025-09-23,130,4609.119,0.0,4609.119,4661.40624786983,0.0,4661.40624786983,4661.40624786983,0.0,4661.40624786983
2025-09-23,131,3835.46,0.0,3835.46,3835.122055240013,0.0,3835.1220552400137,3835.122055240013,0.0,3835.1220552400137
2025-09-23,132,3320.6494,0.0,3320.6494,3597.881270652309,0.0,3597.881270652309,3597.881270652309,0.0,3597.881270652309
2025-09-23,133,3496.0714,0.0,3496.0714,3657.878404844609,0.0,3657.8784048446087,3657.878404844609,0.0,3657.8784048446087
2025-09-23,134,3883.24,0.0,3883.24,3679.0226682606335,0.0,3679.0226682606335,3679.0226682606335,0.0,3679.0226682606335
2025-09-23,135,3580.1991,0.0,3580.1991,3675.252771057994,0.0,3675.252771057994,3675.252771057994,0.0,3675.252771057994
2025-09-23,136,3332.1137,0.0,3332.1137,3703.747723116026,0.0,3703.7477231160256,3703.747723116026,0.0,3703.7477231160256
2025-09-23,137,3416.1,0.0,3416.1,3713.7000340434174,0.0,3713.700034043417,3713.7000340434174,0.0,3713.700034043417
2025-09-23,138,3387.9352,0.0,3387.9352,3626.02871318562,0.0,3626.02871318562,3626.02871318562,0.0,3626.02871318562
2025-09-23,139,3459.0094,0.0,3459.0094,3689.677369632063,0.0,3689.6773696320624,3689.677369632063,0.0,3689.6773696320624
2025-09-23,140,3661.95,0.0,3661.95,3799.834412223165,0.0,3799.8344122231647,3799.834412223165,0.0,3799.8344122231647
2025-09-23,141,3702.4038,0.0,3702.4038,3632.5813495571583,0.0,3632.5813495571583,3632.5813495571583,0.0,3632.5813495571583
2025-09-23,142,3409.7885,0.0,3409.7885,3700.2451899967195,0.0,3700.24518999672,3700.2451899967195,0.0,3700.24518999672
2025-09-23,143,3147.61,0.0,3147.61,3922.9460416754273,0.0,3922.9460416754273,3922.9460416754273,0.0,3922.9460416754273
