时间段,购电_kWh,充电_kWh,放电_kWh,时段初SOC_kWh,时段末SOC_kWh
00:00-00:10,1406.6411,833.3333333333334,0.0,6000.0,6750.0
00:10-00:20,1406.3298666666667,833.3333333333334,0.0,6750.0,7500.0
00:20-00:30,1407.3838500000002,833.3333333333334,0.0,7500.0,8250.0
00:30-00:40,1409.07395,833.3333333333334,0.0,8250.0,9000.0
00:40-00:50,1409.80455,833.3333333333334,0.0,9000.0,9750.0
00:50-01:00,576.6400166666666,0.0,0.0,9750.0,9750.0
01:00-01:10,577.8597,0.0,0.0,9750.0,9750.0
01:10-01:20,577.9938666666667,0.0,0.0,9750.0,9750.0
01:20-01:30,911.1613833333333,333.3333333333333,0.0,9750.0,10050.0
01:30-01:40,580.41545,0.0,0.0,10050.0,10050.0
01:40-01:50,582.5140166666666,0.0,0.0,10050.0,10050.0
01:50-02:00,583.07405,0.0,0.0,10050.0,10050.0
02:00-02:10,584.2049166666667,0.0,0.0,10050.0,10050.0
02:10-02:20,585.4397833333334,0.0,0.0,10050.0,10050.0
02:20-02:30,586.14475,0.0,0.0,10050.0,10050.0
02:30-02:40,586.3207666666666,0.0,0.0,10050.0,10050.0
02:40-02:50,586.4253,0.0,0.0,10050.0,10050.0
02:50-03:00,586.8496,0.0,0.0,10050.0,10050.0
03:00-03:10,587.8210166666667,0.0,0.0,10050.0,10050.0
03:10-03:20,589.5475666666667,0.0,0.0,10050.0,10050.0
03:20-03:30,590.8134666666666,0.0,0.0,10050.0,10050.0
03:30-03:40,590.2131166666667,0.0,0.0,10050.0,10050.0
03:40-03:50,591.0662666666666,0.0,0.0,10050.0,10050.0
03:50-04:00,593.3678333333334,0.0,0.0,10050.0,10050.0
04:00-04:10,593.6596833333333,0.0,0.0,10050.0,10050.0
04:10-04:20,592.7863833333333,0.0,0.0,10050.0,10050.0
04:20-04:30,593.3378666666666,0.0,0.0,10050.0,10050.0
04:30-04:40,596.6757666666666,0.0,0.0,10050.0,10050.0
04:40-04:50,597.78025,0.0,0.0,10050.0,10050.0
04:50-05:00,595.1625,0.0,0.0,10050.0,10050.0
05:00-05:10,590.6065,0.0,0.0,10050.0,10050.0
05:10-05:20,589.4851833333333,0.0,0.0,10050.0,10050.0
05:20-05:30,578.45545,0.0,0.0,10050.0,10050.0
05:30-05:40,1383.6597833333335,833.3333333333334,0.0,10050.0,10800.0
05:40-05:50,591.1401999999999,0.0,0.0,10800.0,10800.0
05:50-06:00,0.0,0.0,668.2538833333333,10800.0,10057.495685185186
06:00-06:10,0.0,0.0,655.4553333333334,10057.495685185186,9329.211981481481
06:10-06:20,0.0,0.0,616.5040333333334,9329.211981481481,8644.2075
06:20-06:30,0.0,0.0,591.4544833333334,8644.2075,7987.0358518518515
06:30-06:40,0.0,0.0,557.4868666666666,7987.0358518518515,7367.606
06:40-06:50,0.0,0.0,529.2397,7367.606,6779.5618888888885
06:50-07:00,0.0,0.0,502.4707166666667,6779.5618888888885,6221.261092592593
07:00-07:10,0.0,0.0,455.44356666666675,6221.261092592593,5715.2126851851845
07:10-07:20,0.0,0.0,410.0667,5715.2126851851845,5259.583018518519
07:20-07:30,0.0,0.0,356.99678333333327,5259.583018518519,4862.919925925926
07:30-07:40,0.0,0.0,283.36356666666666,4862.919925925926,4548.071518518518
07:40-07:50,0.0,0.0,320.6841166666666,4548.071518518518,4191.755833333333
07:50-08:00,0.0,0.0,418.4214499999999,4191.755833333333,3726.8431111111113
08:00-08:10,0.0,0.0,381.9107833333333,3726.8431111111113,3302.4977962962967
08:10-08:20,0.0,0.0,309.5563499999999,3302.4977962962967,2958.5462962962965
08:20-08:30,0.0,0.0,264.61940000000004,2958.5462962962965,2664.524740740741
08:30-08:40,0.0,0.0,213.74080000000004,2664.524740740741,2427.034962962963
08:40-08:50,0.0,0.0,178.5589166666667,2427.034962962963,2228.6361666666667
08:50-09:00,0.0,0.0,155.39211666666674,2228.6361666666667,2055.978259259259
09:00-09:10,0.0,0.0,112.25950000000012,2055.978259259259,1931.2454814814814
09:10-09:20,0.0,0.0,64.39686666666664,1931.2454814814814,1859.693407407407
09:20-09:30,0.0,0.0,22.56224999999995,1859.693407407407,1834.6242407407408
09:30-09:40,0.0,17.42406666666663,0.0,1834.6242407407408,1850.305900740741
09:40-09:50,0.0,52.83776666666669,0.0,1850.305900740741,1897.8598907407413
09:50-10:00,0.0,84.56241666666665,0.0,1897.8598907407413,1973.9660657407412
10:00-10:10,0.0,116.98358333333333,0.0,1973.9660657407412,2079.2512907407413
10:10-10:20,0.0,146.66060000000002,0.0,2079.2512907407413,2211.2458307407414
10:20-10:30,0.0,173.52025000000003,0.0,2211.2458307407414,2367.4140557407413
10:30-10:40,0.0,201.0290833333332,0.0,2367.4140557407413,2548.3402307407414
10:40-10:50,0.0,225.40611666666655,0.0,2548.3402307407414,2751.205735740741
10:50-11:00,0.0,244.00925000000007,0.0,2751.205735740741,2970.8140607407413
11:00-11:10,575.1709166666667,833.3333333333334,0.0,2970.8140607407413,3720.8140607407413
11:10-11:20,0.0,272.6315333333334,0.0,3720.8140607407413,3966.182440740741
11:20-11:30,0.0,284.32098333333334,0.0,3966.182440740741,4222.0713257407415
11:30-11:40,179.2771713991827,468.5786380658495,0.0,4222.0713257407415,4643.792100000006
11:40-11:50,520.1245166666666,833.3333333333334,0.0,4643.792100000006,5393.792100000006
11:50-12:00,486.40289999999993,833.3333333333334,0.0,5393.792100000006,6143.792100000006
12:00-12:10,480.41245,833.3333333333334,0.0,6143.792100000006,6893.792100000006
12:10-12:20,485.30000000000007,833.3333333333334,0.0,6893.792100000006,7643.792100000006
12:20-12:30,488.6069666666666,833.3333333333334,0.0,7643.792100000006,8393.792100000006
12:30-12:40,498.27073333333334,833.3333333333334,0.0,8393.792100000006,9143.792100000006
12:40-12:50,0.0,304.55176666666665,0.0,9143.792100000006,9417.888690000007
12:50-13:00,0.0,264.50718333333333,0.0,9417.888690000007,9655.945155000007
13:00-13:10,0.0,242.50754999999995,0.0,9655.945155000007,9874.201950000006
13:10-13:20,0.0,223.07558333333327,0.0,9874.201950000006,10074.969975000005
13:20-13:30,0.0,198.7593166666667,0.0,10074.969975000005,10253.853360000005
13:30-13:40,0.0,177.35981666666672,0.0,10253.853360000005,10413.477195000007
13:40-13:50,0.0,151.74029999999993,0.0,10413.477195000007,10550.043465000006
13:50-14:00,0.0,120.03503333333326,0.0,10550.043465000006,10658.074995000006
14:00-14:10,0.0,87.81445000000001,0.0,10658.074995000006,10737.108000000007
14:10-14:20,0.0,53.62486666666655,0.0,10737.108000000007,10785.370380000008
14:20-14:30,0.0,16.255133333333408,0.0,10785.370380000008,10800.000000000007
14:30-14:40,0.0,0.0,23.781366666666752,10800.000000000007,10773.576259259265
14:40-14:50,0.0,0.0,67.32001666666672,10773.576259259265,10698.776240740746
14:50-15:00,112.0898666666667,0.0,0.0,10698.776240740746,10698.776240740746
15:00-15:10,266.7326936213991,112.47084362139907,0.0,10698.776240740746,10800.000000000007
15:10-15:20,197.52351666666664,0.0,0.0,10800.000000000007,10800.000000000007
15:20-15:30,244.81403333333324,0.0,0.0,10800.000000000007,10800.000000000007
15:30-15:40,295.53461666666675,0.0,0.0,10800.000000000007,10800.000000000007
15:40-15:50,345.7775000000001,0.0,0.0,10800.000000000007,10800.000000000007
15:50-16:00,394.93148333333335,0.0,0.0,10800.000000000007,10800.000000000007
16:00-16:10,445.43165000000005,0.0,0.0,10800.000000000007,10800.000000000007
16:10-16:20,495.6965833333333,0.0,0.0,10800.000000000007,10800.000000000007
16:20-16:30,547.11905,0.0,0.0,10800.000000000007,10800.000000000007
16:30-16:40,599.9854333333333,0.0,0.0,10800.000000000007,10800.000000000007
16:40-16:50,635.4297499999999,0.0,0.0,10800.000000000007,10800.000000000007
16:50-17:00,660.8306833333335,0.0,0.0,10800.000000000007,10800.000000000007
17:00-17:10,702.0369333333333,0.0,0.0,10800.000000000007,10800.000000000007
17:10-17:20,738.0657833333333,0.0,0.0,10800.000000000007,10800.000000000007
17:20-17:30,775.9447166666667,0.0,0.0,10800.000000000007,10800.000000000007
17:30-17:40,826.08325,0.0,0.0,10800.000000000007,10800.000000000007
17:40-17:50,762.4227999999999,0.0,0.0,10800.000000000007,10800.000000000007
17:50-18:00,636.9826166666667,0.0,0.0,10800.000000000007,10800.000000000007
18:00-18:10,531.8940499999999,0.0,109.26725000000005,10800.000000000007,10678.591944444452
18:10-18:20,678.8305333333334,0.0,0.0,10678.591944444452,10678.591944444452
18:20-18:30,686.2685,0.0,0.0,10678.591944444452,10678.591944444452
18:30-18:40,696.5043833333333,0.0,0.0,10678.591944444452,10678.591944444452
18:40-18:50,0.0,0.0,704.6342666666666,10678.591944444452,9895.664981481488
18:50-19:00,0.0,0.0,706.4840333333333,9895.664981481488,9110.68272222223
19:00-19:10,0.0,0.0,707.4064666666667,9110.68272222223,8324.675537037043
19:10-19:20,0.0,0.0,708.553,8324.675537037043,7537.394425925932
19:20-19:30,0.0,0.0,709.4468833333334,7537.394425925932,6749.120111111118
19:30-19:40,0.0,0.0,711.23245,6749.120111111118,5958.86183333334
19:40-19:50,0.0,0.0,711.6625,5958.86183333334,5168.125722222228
19:50-20:00,0.0,0.0,711.4450333333333,5168.125722222228,4377.631240740748
20:00-20:10,0.0,0.0,713.7040833333334,4377.631240740748,3584.62670370371
20:10-20:20,0.0,0.0,715.28415,3584.62670370371,2789.8665370370436
20:20-20:30,0.0,0.0,715.22685,2789.8665370370436,1995.1700370370436
20:30-20:40,0.0,0.0,715.6530333333334,1995.1700370370436,1200.0000000000064
20:40-20:50,715.8689166666667,0.0,0.0,1200.0000000000064,1200.0000000000064
20:50-21:00,717.0051166666667,0.0,0.0,1200.0000000000064,1200.0000000000064
21:00-21:10,720.1603,0.0,0.0,1200.0000000000064,1200.0000000000064
21:10-21:20,717.0548666666667,0.0,0.0,1200.0000000000064,1200.0000000000064
21:20-21:30,720.4459666666667,0.0,0.0,1200.0000000000064,1200.0000000000064
21:30-21:40,738.1347166666666,0.0,0.0,1200.0000000000064,1200.0000000000064
21:40-21:50,671.6935666666667,0.0,0.0,1200.0000000000064,1200.0000000000064
21:50-22:00,1393.7903166666667,833.3333333333334,0.0,1200.0000000000064,1950.0000000000064
22:00-22:10,1384.8989000000001,833.3333333333334,0.0,1950.0000000000064,2700.0000000000064
22:10-22:20,568.82605,0.0,0.0,2700.0000000000064,2700.0000000000064
22:20-22:30,1396.98855,833.3333333333334,0.0,2700.0000000000064,3450.0000000000064
22:30-22:40,1397.7598666666668,833.3333333333334,0.0,3450.0000000000064,4200.000000000006
22:40-22:50,566.7474333333333,0.0,0.0,4200.000000000006,4200.000000000006
22:50-23:00,1399.8737666666666,833.3333333333334,0.0,4200.000000000006,4950.000000000006
23:00-23:10,567.83015,0.0,0.0,4950.000000000006,4950.000000000006
23:10-23:20,569.3586333333334,0.0,0.0,4950.000000000006,4950.000000000006
23:20-23:30,1403.6635166666667,833.3333333333334,0.0,4950.000000000006,5700.000000000006
23:30-23:40,904.9487166666668,333.3333333333333,0.0,5700.000000000006,6000.000000000006
23:40-23:50,573.1768333333333,0.0,0.0,6000.000000000006,6000.000000000006
23:50-24:00,574.1209833333334,0.0,0.0,6000.000000000006,6000.000000000006
