date,planned_cost,increase_cost,reduction_net_cost,emergency_cost,total_cost,emergency_energy,spill_energy,projection_count,ending_inventory,planned_energy,adjusted_energy
2025-02-01,24719.059512919437,0.0,0.0,4.121105945387172e-11,24719.059512919477,1.1155520951433573e-11,6548.58502268523,0.0,8968.710863751909,47876.81613235903,47876.81613235903
2025-02-02,57257.91817013052,0.0,0.0,4.2083257767444586e-11,57257.918170130564,1.2789769243681803e-11,7308.163997917243,0.0,8822.459881756487,89915.09541307382,89915.09541307382
2025-02-03,56025.30456404343,0.0,0.0,5.690945314995588e-11,56025.30456404349,1.5297985100914957e-11,3803.9217518242576,0.0,8553.915947359197,88212.9807246436,88212.9807246436
2025-02-04,55851.803056817975,0.0,0.0,6.426563459172029e-11,55851.80305681804,1.7564616427989677e-11,2282.9456526884305,0.0,8455.49797927594,87917.97262917449,87917.97262917449
2025-02-05,55099.24171474762,0.0,0.0,6.841955313419134e-11,55099.24171474769,1.7016832387639624e-11,2050.9332252327367,0.0,8248.054743116398,87108.62267925462,87108.62267925462
2025-02-06,57089.223074382746,0.0,0.0,73.98324168239702,57163.206316065145,12.665110276884107,4525.941614554824,0.0,8665.84392527049,89675.96087610524,89675.96087610524
2025-02-07,22281.824182459466,0.0,0.0,2.908565477355296e-11,22281.824182459495,8.881784197001252e-12,7840.343849738085,0.0,8107.956992814152,42832.64483662006,42832.64483662006
2025-02-08,20369.713502557614,0.0,0.0,4.8839602584394016e-11,20369.71350255766,1.6790124846011167e-11,3659.2284227864347,0.0,8419.32501043369,39268.562655877264,39268.562655877264
2025-02-09,52165.018972548,0.0,0.0,3319.5406151502116,55484.55958769821,972.5158003136652,112.82615521706688,0.0,7785.960931167717,82581.29495961245,82581.29495961245
2025-02-10,54105.51664430567,0.0,0.0,3.536254666869354e-11,54105.51664430571,1.1368683772161603e-11,6868.773492266291,0.0,7812.584824030495,85670.65809216502,85670.65809216502
2025-02-11,52648.78528262099,0.0,0.0,583.4483966279777,53232.23367924897,109.05335118563649,4282.953427964021,0.0,8027.6306450123275,84166.59917441626,84166.59917441626
2025-02-12,52711.32753286444,0.0,0.0,5.993857143948844e-11,52711.327532864496,1.602984411874786e-11,4341.057096081073,0.0,8155.1921519962425,84144.70915947048,84144.70915947048
2025-02-13,51400.680826991105,0.0,0.0,6.842486754976563e-11,51400.68082699117,2.1884716261411086e-11,6178.568507855367,0.0,8047.63733807532,81575.74928578286,81575.74928578286
2025-02-14,18959.408955717958,0.0,0.0,6.607065472508112e-11,18959.408955718023,1.9525714378687553e-11,3268.7763464275276,0.0,7499.377235882832,36190.719437945336,36190.719437945336
2025-02-15,19152.298893244624,0.0,0.0,4.651209195571937e-11,19152.29889324467,1.3088197192701045e-11,3533.0067589326245,0.0,7848.50396806682,36812.38071681061,36812.38071681061
2025-02-16,50067.209602407056,0.0,0.0,361.80405055949996,50429.013652966554,92.1018383595364,752.5375360925416,0.0,7907.8712965755285,80546.54569563955,80546.54569563955
2025-02-17,50008.943606649715,0.0,0.0,7.935256007840508e-11,50008.943606649795,2.191313797084149e-11,4812.140743567246,0.0,8121.727916621064,80396.66613315087,80396.66613315087
2025-02-18,48607.51978599122,0.0,0.0,37.52579250007551,48645.0455784913,8.248333333355202,1501.0627665878067,0.0,8310.339597191773,77953.83932070786,77953.83932070786
2025-02-19,48225.00696386659,0.0,0.0,89.5306037188083,48314.537567585394,20.443110793203218,500.63620085712637,0.0,7669.231915291317,77086.02241465221,77086.02241465221
2025-02-20,48555.68753619253,0.0,0.0,71.29222441794253,48626.97976061047,15.220372420572815,3306.64633876421,0.0,7062.3025980529,77965.05639355298,77965.05639355298
2025-02-21,18085.19846776564,0.0,0.0,3.185198238497833e-11,18085.198467765673,9.379164112033322e-12,6010.039630550162,0.0,6850.024450478582,34840.27426392722,34840.27426392722
2025-02-22,19070.198847308908,0.0,0.0,4.693021082857741e-11,19070.198847308955,1.2846612662542611e-11,3717.8544892386712,0.0,8402.561467206924,36748.311539223825,36748.311539223825
2025-02-23,47206.53153837533,0.0,0.0,36.31713749530716,47242.84867587064,7.753445238113425,574.3880033174028,0.0,8022.656545790305,75996.19582434896,75996.19582434896
2025-02-24,47890.02342478275,0.0,0.0,226.15106836334812,48116.17449314609,49.98722504555232,4806.410123747712,0.0,8281.549669739983,77258.21636562808,77258.21636562808
2025-02-25,46892.82512113755,0.0,0.0,13.390104122849033,46906.21522526039,3.0574504219355916,6256.223930373547,0.0,8054.348353958707,75927.55977700462,75927.55977700462
2025-02-26,46980.99599641765,0.0,0.0,5.853699303060011e-11,46980.99599641771,1.7200463275912625e-11,2465.7451126804453,0.0,8697.325781687254,76053.29480423155,76053.29480423155
2025-02-27,44012.8059495574,0.0,0.0,8.479853619292043e-11,44012.805949557485,2.184208369726548e-11,1593.582709970293,0.0,6500.462623749327,70516.70581397259,70516.70581397259
2025-02-28,17392.76825292081,0.0,0.0,108.96373874170168,17501.731991662513,18.653383333341274,7250.987914143777,0.0,6219.488603298442,33611.63785755008,33611.63785755008
2025-03-01,18446.84426871966,0.0,0.0,85.17646666670981,18532.02073538637,16.443333333345006,6838.565870380513,0.0,8079.180320362847,35997.26993262978,35997.26993262978
2025-03-02,45214.1468494163,0.0,0.0,15460.348299057227,60674.49514847352,4172.078904473771,1000.4574277727037,0.0,7942.947699486872,73513.1016678614,73513.1016678614
2025-03-03,45707.39721441272,0.0,0.0,10154.101326805365,55861.49854121808,2873.774043070175,322.52209409522914,0.0,7914.729693706901,73948.96781306241,73948.96781306241
2025-03-04,46159.90630114569,0.0,0.0,5.1030265679763426e-11,46159.90630114574,1.605937605120289e-11,1132.2168953373016,0.0,8095.334222532046,74813.4554937958,74813.4554937958
2025-03-05,47637.23019302441,0.0,0.0,6.061321045081058e-11,47637.230193024465,1.7053025658242404e-11,6558.270316939145,0.0,8018.059626079948,76787.4068697152,76787.4068697152
2025-03-06,46365.3890176805,0.0,0.0,40.76272175464604,46406.15173943515,8.736116964137253,6306.272593154422,0.0,5881.748692890742,74116.74907246724,74116.74907246724
2025-03-07,16786.10024909365,0.0,0.0,4.604021341947373e-11,16786.1002490937,1.2299494756007334e-11,8802.501007676341,0.0,5054.956522351809,32236.88383363684,32236.88383363684
2025-03-08,18146.456995610963,0.0,0.0,40.543992322771075,18187.000987933734,11.753585250839961,9255.869626856353,0.0,8557.974766720368,35273.04647260647,35273.04647260647
2025-03-09,44909.64680571539,0.0,0.0,4.13788923125935e-11,44909.646805715434,1.1482370609883219e-11,5587.251183963336,0.0,8018.069492797302,72507.49525253511,72507.49525253511
2025-03-10,44915.579873508555,0.0,0.0,952.403622656289,45867.983496164845,426.605817476488,1025.656990652164,0.0,8258.596419140427,73047.53478785609,73047.53478785609
2025-03-11,43342.496469947444,0.0,0.0,337.1388025502549,43679.6352724977,54.0288001063328,3032.2846286435456,0.0,8274.922144518225,70872.09897969684,70872.09897969684
2025-03-12,43286.46476273548,0.0,0.0,4.9381539746207183e-11,43286.46476273553,1.4647394408484615e-11,4507.784855307748,0.0,7886.209560557276,70452.23598346478,70452.23598346478
2025-03-13,41229.084608139776,0.0,0.0,7190.317802345682,48419.40241048546,1997.6429177599775,586.2063665493018,0.0,4400.535861473438,66421.51490439565,66421.51490439565
2025-03-14,15816.384109590976,0.0,0.0,3.6991409047004705e-11,15816.384109591012,1.057287590811029e-11,11028.057849486282,0.0,4671.168330238222,30400.743402298358,30400.743402298358
2025-03-15,17607.078748778862,0.0,0.0,7.906618148975826,17614.98536692784,1.6074307186148644,7224.035178390333,0.0,7811.019180732065,34697.675238055745,34697.675238055745
2025-03-16,42510.32245854981,0.0,0.0,7.461180000080714,42517.78363854989,1.640000000021482,1453.9218174755474,0.0,8433.591395259658,69414.76703376957,69414.76703376957
2025-03-17,43112.27227060581,0.0,0.0,6.054609968941804e-11,43112.27227060587,1.411137873219559e-11,8925.308138455795,0.0,8653.356972839025,70888.45500877372,70888.45500877372
2025-03-18,40761.55780547197,0.0,0.0,875.4375422957506,41636.995347767726,181.10530721218615,2342.1905767031503,0.0,7947.8936883914,66762.79351894365,66762.79351894365
2025-03-19,40942.38953247234,0.0,0.0,4.405756088947388e-11,40942.389532472385,1.2485814465668099e-11,3376.4898620539043,0.0,8459.800624491692,67504.51270372333,67504.51270372333
2025-03-20,39375.07599950687,0.0,0.0,1404.6672115104423,40779.74321101732,316.0205992081771,1509.085019883396,0.0,4441.132069226051,62914.057015229526,62914.057015229526
2025-03-21,15302.04906037203,0.0,0.0,539.8611917625566,15841.910252134587,142.68418557348045,14985.19054126008,0.0,4077.313372468509,29440.093222190517,29440.093222190517
2025-03-22,17888.654497786047,0.0,0.0,2.4521852992620554e-11,17888.654497786072,8.01492205937393e-12,11133.166343360532,0.0,8834.811945458037,35138.44091696759,35138.44091696759
2025-03-23,40138.512669811855,0.0,0.0,411.6951270753631,40550.20779688722,68.88735370820723,3820.9671900544868,0.0,8129.33491661324,65802.55219906481,65802.55219906481
2025-03-24,39482.72147737133,0.0,0.0,8.485086411269548e-11,39482.721477371415,2.2446045022661565e-11,3094.3202977001492,0.0,7949.682424725769,64816.06405042136,64816.06405042136
2025-03-25,39410.34577347776,0.0,0.0,557.6974999435076,39968.043273421266,196.4288157373236,134.61692048464442,0.0,8018.380607737226,65065.14985792707,65065.14985792707
2025-03-26,39690.787258559736,0.0,0.0,5.5823662137299834e-11,39690.787258559794,1.696065510259359e-11,6092.915998372908,0.0,8019.4337607982025,65524.44239129272,65524.44239129272
2025-03-27,37929.000568749514,0.0,0.0,5.689245963225176e-11,37929.00056874957,1.6969536886790593e-11,2996.1888978349734,0.0,3968.903043967897,61213.92227502026,61213.92227502026
2025-03-28,14860.72830845582,0.0,0.0,259.4485983333537,15120.176906789175,60.336883333339266,15308.210748367888,0.0,4052.110652073172,29032.823397800355,29032.823397800355
2025-03-29,16512.885667673065,0.0,0.0,224.30631786330994,16737.191985536374,48.28277941553009,18352.843447542124,0.0,8043.998250758182,33353.81652343256,33353.81652343256
2025-03-30,38685.97978610222,0.0,0.0,6.830996213125217e-11,38685.97978610229,1.893951662168547e-11,4289.774944637154,0.0,8468.045076332119,63895.35022603736,63895.35022603736
2025-03-31,37738.525248395345,0.0,0.0,6.215728731717717e-11,37738.52524839541,1.8950174762721872e-11,1989.287862314523,0.0,8180.077762364776,62414.38226261004,62414.38226261004
2025-04-01,38483.78582970042,0.0,0.0,3093.5911917269495,41577.37702142737,994.1126574202605,458.9355575866113,0.0,8378.05099449047,63660.55015051273,63660.55015051273
2025-04-02,37974.13688612217,0.0,0.0,9029.625270027822,47003.76215614999,2401.4694236315454,1248.0946294630435,0.0,8131.828857768526,63018.063049360135,63018.063049360135
2025-04-03,35891.00667782061,0.0,0.0,949.0432162606259,36840.04989408123,190.96003609651177,3334.080879153867,0.0,3783.9006464524246,58265.7127173772,58265.7127173772
2025-04-04,14448.815752868313,0.0,0.0,2.3450610342479192e-11,14448.815752868337,5.9401372709544376e-12,18944.565445466164,0.0,4199.524990014907,28618.32364015098,28618.32364015098
2025-04-05,16757.187360393575,0.0,0.0,3.000229753524764e-11,16757.187360393604,8.419931418757187e-12,14126.322968080569,0.0,8427.428479328017,33720.477508625525,33720.477508625525
2025-04-06,36565.06010830909,0.0,0.0,4.1825774843573525e-11,36565.06010830913,1.3553602684623911e-11,2868.9802012315054,0.0,8212.273729294306,61078.77508410819,61078.77508410819
2025-04-07,38125.678442803815,0.0,0.0,5.894975174669526e-11,38125.67844280387,1.688249540165998e-11,6242.146226271567,0.0,8285.359346316423,63547.258616997045,63547.258616997045
2025-04-08,38203.100669702166,0.0,0.0,371.900615584152,38575.001285286315,79.31538501937432,6133.7272490921,0.0,7975.906265353731,64203.247887763944,64203.247887763944
2025-04-09,38254.14468949063,0.0,0.0,1665.363048178577,39919.50773766921,457.47271400621605,899.4213257791091,0.0,8286.575603756335,63732.84387233109,63732.84387233109
2025-04-10,33983.779263560566,0.0,0.0,6.627194792940827e-11,33983.77926356063,1.9461765532469144e-11,1444.0873511620964,0.0,3461.99312689778,54553.165686451015,54553.165686451015
2025-04-11,13625.721805853282,0.0,0.0,2.6648820039554268e-11,13625.721805853309,6.707523425575346e-12,19527.508348905,0.0,3070.6569502185735,27176.403542097723,27176.403542097723
2025-04-12,16646.43077495767,0.0,0.0,2.3968198092916283e-11,16646.430774957695,5.9685589803848416e-12,15984.759337255471,0.0,8667.530319600446,33932.87601734181,33932.87601734181
2025-04-13,36530.62233812022,0.0,0.0,308.6570038219777,36839.2793419422,49.29835550583403,3321.284563602331,0.0,8365.591469494297,61056.31938721766,61056.31938721766
2025-04-14,35655.91076835089,0.0,0.0,374.1619704193496,36030.07273877024,61.205636171854685,3971.2707659179173,0.0,8209.801180442933,60167.8650446764,60167.8650446764
2025-04-15,36216.07570187502,0.0,0.0,5.0823310004943784e-11,36216.075701875074,1.3216094885137863e-11,6080.0082952302,0.0,8550.0,60313.63378209549,60313.63378209549
2025-04-16,37088.74831801442,0.0,0.0,3.5299518530429455e-11,37088.748318014455,1.0749900969386772e-11,2817.4764488534365,0.0,8379.55598315364,62200.33414118118,62200.33414118118
2025-04-17,33457.91804998452,0.0,0.0,7.460588363761289e-11,33457.91804998459,2.3061663689816214e-11,3062.014960155596,0.0,3375.520398750737,54133.62294183197,54133.62294183197
2025-04-18,13377.3766483959,0.0,0.0,3.376504764673882e-11,13377.376648395935,8.355982572538778e-12,17819.37506919459,0.0,3385.6462357024943,26882.98441162945,26882.98441162945
2025-04-19,15793.384073425974,0.0,0.0,1.803879001727182e-11,15793.384073425992,5.4853899200679734e-12,17322.88773746054,0.0,8603.568921981978,32531.127690951696,32531.127690951696
2025-04-20,35876.745750584,0.0,0.0,5.295749860856347e-11,35876.74575058405,1.6650236744908398e-11,4046.446468717291,0.0,8653.185219884603,59978.184491812666,59978.184491812666
2025-04-21,35677.68902229395,0.0,0.0,4.5475374577108603e-11,35677.68902229399,1.4978240869822912e-11,8194.47499957177,0.0,8169.885891948476,59723.66466415178,59723.66466415178
2025-04-22,34867.096488941344,0.0,0.0,7.661092826793947e-11,34867.096488941424,2.26929586233382e-11,2284.6573699061128,0.0,8289.423387359202,58217.65427218254,58217.65427218254
2025-04-23,35269.79249434196,0.0,0.0,7.250222644472615e-11,35269.79249434203,1.9197976541818207e-11,3849.306640835444,0.0,8700.0,59229.892513126346,59229.892513126346
2025-04-24,31920.57060229988,0.0,0.0,5.647379452966561e-11,31920.570602299937,1.546140993013978e-11,7438.138852309128,0.0,2632.5812191033524,51381.28457208119,51381.28457208119
2025-04-25,12559.14109773684,0.0,0.0,2.1491530333150875e-11,12559.141097736861,5.286437954055145e-12,21383.735541297112,0.0,2287.067219434433,25619.224682014912,25619.224682014912
2025-04-26,15287.616187811254,0.0,0.0,3118.056431378041,18405.672619189296,551.9802059915264,23987.21647985075,0.0,7985.235146287856,32328.201823477088,32328.201823477088
2025-04-27,33305.95475685483,0.0,0.0,4088.056567870115,37394.01132472495,760.3644382939259,4975.132898372807,0.0,8051.647262431499,56608.762723731095,56608.762723731095
2025-04-28,33001.864321654735,0.0,0.0,17472.10148185667,50473.965803511404,6066.927635465839,236.61382499745176,0.0,8255.048675364511,54899.74067998038,54899.74067998038
2025-04-29,34051.76656819211,0.0,0.0,586.4646262653749,34638.23119445749,85.16242974380901,6094.187806322302,0.0,8226.707878551502,57003.64324761855,57003.64324761855
2025-04-30,35404.84494593329,0.0,0.0,23.928842419466804,35428.77378835276,5.1069987022703245,8472.606440625132,0.0,8002.838717374197,59994.72998427592,59994.72998427592
2025-05-01,31266.051879511375,0.0,0.0,9822.366334433887,41088.41821394526,1627.886288089749,4467.249508285862,0.0,1294.419760517527,50303.27157864213,50303.27157864213
2025-05-02,13151.877340297966,0.0,0.0,13262.004676320288,26413.882016618256,2633.9214201699274,12115.419466666677,0.0,1761.517267355534,26767.200197999715,26767.200197999715
2025-05-03,16564.73453819935,0.0,0.0,5576.813814765452,22141.548352964805,1050.9061246713616,16893.20938758214,0.0,7829.822661565621,34046.247642523784,34046.247642523784
2025-05-04,37042.78145853011,0.0,0.0,6502.788239527966,43545.569698058076,1098.5781748871896,8187.433326713167,0.0,7410.599342726173,61989.46074403036,61989.46074403036
2025-05-05,36068.50231456067,0.0,0.0,7664.449190925187,43732.95150548586,1227.6000599781116,3206.3214189491814,0.0,7260.080944549899,60811.067506651416,60811.067506651416
2025-05-06,34212.14677044902,0.0,0.0,7426.375495866694,41638.52226631572,1241.1380262652845,1738.6519885536252,0.0,7080.158260357374,57139.58505792591,57139.58505792591
2025-05-07,35836.96732349745,0.0,0.0,11444.896904915166,47281.86422841261,1916.1027393602,3173.8370103692887,0.0,7586.960807348319,60604.039660102375,60604.039660102375
2025-05-08,37915.974426250716,0.0,0.0,190.44920609343947,38106.42363234416,28.18755362887592,4253.945127472504,0.0,3360.0,58916.50467444565,58916.50467444565
2025-05-09,16505.94648460808,0.0,0.0,2.233244345006824e-11,16505.946484608103,5.4143356464919634e-12,18538.96057564477,0.0,3480.0,29751.129014967442,29751.129014967442
2025-05-10,17937.011739206035,0.0,0.0,45.71717000003275,17982.728909206067,10.63190000000816,13768.249964858687,0.0,8717.09058451469,34214.928506299824,34214.928506299824
2025-05-11,37526.545734262094,0.0,0.0,277.36103945840057,37803.9067737205,41.18071666668577,2479.8181827799426,0.0,8324.04537196023,61001.22984791721,61001.22984791721
2025-05-12,40580.96360674883,0.0,0.0,5.3399304533741085e-11,40580.96360674888,1.602984411874786e-11,9139.507442843405,0.0,8850.0,65377.472287939556,65377.472287939556
2025-05-13,41928.10729023884,0.0,0.0,3.8622992803993835e-11,41928.10729023888,9.848122317634989e-12,11350.625617601332,0.0,8880.0,68196.76490891425,68196.76490891425
2025-05-14,39972.042819411865,0.0,0.0,4.240358464357997e-11,39972.04281941191,1.3599787962448318e-11,6868.50580068152,0.0,9496.032918309473,63783.88312135122,63783.88312135122
2025-05-15,34296.99290932731,0.0,0.0,5.712593509343832e-11,34296.99290932737,1.5228707184178347e-11,4735.3037007491985,0.0,3000.0,53805.0471720653,53805.0471720653
2025-05-16,16345.353280913112,0.0,0.0,2.2851907033327737e-11,16345.353280913136,5.8548721426632255e-12,23185.811723244788,0.0,3884.079123075359,29254.556879187097,29254.556879187097
2025-05-17,18922.317903903386,0.0,0.0,3.013903437931731e-11,18922.317903903415,6.94910795573378e-12,16624.183014231126,0.0,8970.0,35273.59750678071,35273.59750678071
2025-05-18,39598.555786375546,0.0,0.0,3.1551169676902193e-11,39598.555786375575,9.871214956547192e-12,6456.400156960898,0.0,8940.0,63495.51449656257,63495.51449656257
2025-05-19,36899.2364649157,0.0,0.0,451.90398166670406,37351.14044658241,67.0033333333459,9657.593624120313,0.0,8344.334686193712,59829.62177944124,59829.62177944124
2025-05-20,35848.015563046334,0.0,0.0,2784.705773404347,38632.72133645068,655.7140298549114,2271.311747247932,0.0,7826.5885987193005,59026.096858934616,59026.096858934616
2025-05-21,38980.659862183995,0.0,0.0,5.933192426255117e-11,38980.65986218405,1.6399326341343112e-11,7310.737094463733,0.0,8880.0,63000.26960754824,63000.26960754824
2025-05-22,35929.855698980944,0.0,0.0,3.888453647959978e-11,35929.85569898098,1.3386625141720288e-11,7710.792678825783,0.0,3510.0,55792.812241928856,55792.812241928856
2025-05-23,13989.383460636853,0.0,0.0,3.525949132665573e-11,13989.383460636887,8.132161610774347e-12,18038.138185356736,0.0,2520.0,25874.782119693555,25874.782119693555
2025-05-24,17608.84552496746,0.0,0.0,2.3658991210595558e-11,17608.845524967484,5.329070518200751e-12,21060.701660203456,0.0,8849.721000000001,34120.07919278385,34120.07919278385
2025-05-25,36534.06441913709,0.0,0.0,4.3839353480734646e-11,36534.06441913713,1.397637561240117e-11,8587.075219100028,0.0,8395.59178163448,60056.03790002162,60056.03790002162
2025-05-26,36760.11056119535,0.0,0.0,5433.767822153787,42193.87838334914,2346.344182103276,2000.5572835805806,0.0,8790.0,58105.81361606912,58105.81361606912
2025-05-27,40411.1997257927,0.0,0.0,3.893548949918113e-11,40411.199725792736,1.3351098004932282e-11,11552.886549131463,0.0,9690.0,65188.38306944205,65188.38306944205
2025-05-28,36473.06530343789,0.0,0.0,7.133306922924022e-11,36473.065303437965,1.7699619547784096e-11,4045.8743366810013,0.0,8686.984089343849,58715.22757819336,58715.22757819336
2025-05-29,32077.867320652967,0.0,0.0,1815.7419858626133,33893.60930651558,358.9479639367949,131.73264430612312,0.0,2141.375259754584,50410.95035204118,50410.95035204118
2025-05-30,16082.306933800537,0.0,0.0,4.527423591582647e-11,16082.306933800583,1.0015099860538612e-11,19657.6019899801,0.0,2640.0,29225.120255387912,29225.120255387912
2025-05-31,18661.695382772195,0.0,0.0,1.8463794049239363e-11,18661.695382772214,4.263256414560601e-12,18019.342917414997,0.0,8953.775925925926,35839.829725508636,35839.829725508636
2025-06-01,38234.83111769218,0.0,0.0,43111.42249068299,81346.25360837518,12065.03478173989,1.220179512984032e-11,0.0,7077.674525954754,61100.24118376762,61100.24118376762
2025-06-02,38638.137971667784,0.0,0.0,39459.52967283991,78097.66764450769,8426.759468777522,378.2462278175307,0.0,6486.798789976398,63945.04464996536,63945.04464996536
2025-06-03,41603.17253105097,0.0,0.0,24947.141872946493,66550.31440399747,5109.860967352422,0.28583673440990154,0.0,7465.265895003479,67995.49056302689,67995.49056302689
2025-06-04,42896.71949423176,0.0,0.0,19350.142637115576,62246.862131347334,3771.747454445557,11.802942492231955,0.0,7569.327466727079,69767.04195993752,69767.04195993752
2025-06-05,40911.02816992393,0.0,0.0,20001.510230035565,60912.53839995949,4230.088182075576,1.8843815396962782e-11,0.0,1347.8087302693502,64091.6848011794,64091.6848011794
2025-06-06,16410.888359185956,0.0,0.0,25219.094697474688,41629.98305666064,5283.231571442164,2630.108750000008,0.0,1200.0,30603.737019935426,30603.737019935426
2025-06-07,19248.3252644561,0.0,0.0,19807.739061275213,39056.06432573131,3848.1399474418777,1406.6749750000126,0.0,7259.008137564234,37898.987127187655,37898.987127187655
2025-06-08,59299.2005047868,0.0,0.0,2.815679067680321e-11,59299.20050478683,6.714628852932947e-12,19916.82639745256,0.0,9900.0,92130.77190261595,92130.77190261595
2025-06-09,55879.437499598265,0.0,0.0,3.899842404564424e-11,55879.4374995983,9.867662242868391e-12,11124.911995685276,0.0,9870.0,86030.37211670176,86030.37211670176
2025-06-10,50800.415744937854,0.0,0.0,246.12869580009772,51046.544440737955,36.46610773345759,5479.986532389859,0.0,8640.0,79732.5748351732,79732.5748351732
2025-06-11,51093.35805531705,0.0,0.0,4059.8766058433007,55153.23466116035,831.9923284908596,1545.600096147351,0.0,8386.261590807428,81038.07966884912,81038.07966884912
2025-06-12,54864.46429047881,0.0,0.0,4.791416685634431e-11,54864.46429047886,1.0373923942097463e-11,9542.228195206097,0.0,6198.771035441227,83472.75856671139,83472.75856671139
2025-06-13,26418.892579138897,0.0,0.0,1.873255328632695e-11,26418.892579138916,5.5351279115711804e-12,12991.211688141488,0.0,5304.375834932061,42891.39578137203,42891.39578137203
2025-06-14,27830.609183281547,0.0,0.0,1.7701580645734792e-11,27830.609183281565,5.286437954055145e-12,12374.921110132087,0.0,10560.0,47151.475416124464,47151.475416124464
2025-06-15,51799.45781947358,0.0,0.0,4.704927647480872e-11,51799.457819473624,1.1340262062731199e-11,7657.7489462556805,0.0,9120.0,80691.15290283671,80691.15290283671
2025-06-16,56676.21497684313,0.0,0.0,3.0603573009102545e-11,56676.21497684316,8.128608897095546e-12,10201.932298757452,0.0,9840.0,87703.51995193513,87703.51995193513
2025-06-17,59053.1357768798,0.0,0.0,3.34146648128808e-11,59053.13577687983,7.787548383930698e-12,12090.425613805222,0.0,9330.0,90530.44599137187,90530.44599137187
2025-06-18,58528.297665004684,0.0,0.0,1.7989691514230796e-11,58528.2976650047,4.376943252282217e-12,12933.239323141664,0.0,10680.0,89512.0450466513,89512.0450466513
2025-06-19,48619.080506061175,0.0,0.0,304.9429718571957,48924.023477918374,45.36154285715864,9238.217039016052,0.0,3063.8415535002205,73282.14998924476,73282.14998924476
2025-06-20,21363.091581456938,0.0,0.0,3.041289176053396e-11,21363.091581456967,7.226219622680219e-12,10988.83464750262,0.0,3414.632290227445,36129.898873091035,36129.898873091035
2025-06-21,28888.19887032944,0.0,0.0,1.497025436947297e-11,28888.198870329456,4.888534022029489e-12,21045.489002309485,0.0,10200.0,50429.12439391315,50429.12439391315
2025-06-22,56363.18083540267,0.0,0.0,3.843121021418483e-11,56363.18083540271,1.0658141036401503e-11,14576.770086694389,0.0,10380.0,86398.51652668143,86398.51652668143
2025-06-23,49088.853016095876,0.0,0.0,61.654239075352756,49150.50725517123,8.838050326173686,7874.4688637605395,0.0,8591.224878442852,77031.25236754754,77031.25236754754
2025-06-24,51236.43080138767,0.0,0.0,5764.6568870934825,57001.08768848116,1442.4561668432136,1007.0833448379581,0.0,8940.0,80537.46526913856,80537.46526913856
2025-06-25,48259.625730152584,0.0,0.0,132.22546082928253,48391.85119098187,64.29635829285331,2552.15214163956,0.0,8716.791600471013,76781.6046184251,76781.6046184251
2025-06-26,55742.83371863133,0.0,0.0,3.8908765986889197e-11,55742.833718631366,9.492850949754938e-12,15943.392659016137,0.0,5200.04115188279,83536.48160374425,83536.48160374425
2025-06-27,22860.137182879487,0.0,0.0,2.6587656520860034e-11,22860.137182879513,7.901235221652314e-12,15045.190085663282,0.0,5463.8164280984265,37606.21820231737,37606.21820231737
2025-06-28,21385.218568079457,0.0,0.0,3.069840204261709e-11,21385.218568079486,9.308109838457312e-12,9885.511075230219,0.0,8839.529256855147,38270.20914855362,38270.20914855362
2025-06-29,48602.60866868276,0.0,0.0,5.625685162158333e-11,48602.60866868282,1.3958612044007168e-11,4003.0491176932424,0.0,8754.850175775788,77430.13946258606,77430.13946258606
2025-06-30,54243.07979060176,0.0,0.0,2.6100699768161207e-11,54243.07979060179,6.925404694158033e-12,9541.776515451484,0.0,9588.147439290478,84466.75617666279,84466.75617666279
2025-07-01,59006.64899323658,0.0,0.0,938.2973903719524,59944.946383608534,139.2299409295822,8863.13691857866,0.0,7786.620396953003,89943.3451798908,89943.3451798908
2025-07-02,55099.67918844175,0.0,0.0,2679.44156054779,57779.12074898954,615.5281453253967,9055.20275635437,0.0,7695.5650436404085,85541.63658238109,85541.63658238109
2025-07-03,47691.0929769592,0.0,0.0,20939.438204792983,68630.53118175219,4135.596145223948,1.483257960899209e-11,0.0,1945.9841095921681,73158.88267705991,73158.88267705991
2025-07-04,22077.57799484919,0.0,0.0,12464.386831709817,34541.96482655901,3077.4171675684956,9681.761670833339,0.0,1801.9725717294355,38082.9512668478,38082.9512668478
2025-07-05,25473.95344727866,0.0,0.0,11091.67537501758,36565.62882229624,2636.4827139435965,10245.634371592358,0.0,7503.970768086336,45480.809600763445,45480.809600763445
2025-07-06,50849.83559429222,0.0,0.0,19900.215145879658,70750.05074017188,3664.5748325823643,89.68096983165424,0.0,7232.069342683951,80099.00011866521,80099.00011866521
2025-07-07,44474.00612369977,0.0,0.0,22812.738921834338,67286.7450455341,5106.290074045734,0.6791719388773938,0.0,6809.633627881329,71698.20805179176,71698.20805179176
2025-07-08,58440.044427507084,0.0,0.0,5.90897606400631e-11,58440.04442750714,1.4139800441625994e-11,7845.035391643307,0.0,10800.0,91608.76895589824,91608.76895589824
2025-07-09,56974.15635031527,0.0,0.0,2.6773008698910413e-11,56974.1563503153,5.6274984672199935e-12,11182.349094932571,0.0,9750.0,87687.21642779477,87687.21642779477
2025-07-10,52263.32115069544,0.0,0.0,35.2119959396933,52298.533146635134,5.207719579934377,8619.186166667754,0.0,3488.370214208149,78577.86452168037,78577.86452168037
2025-07-11,26424.549154091845,0.0,0.0,111.0740099833674,26535.623164075212,29.435033333341988,8450.098654317906,0.0,3514.3852981508244,43743.010719606886,43743.010719606886
2025-07-12,32742.62204779823,0.0,0.0,112.66682160834699,32855.28886940658,32.661783333336516,14429.398136705782,0.0,10110.0,55405.05662621779,55405.05662621779
2025-07-13,57823.46271237621,0.0,0.0,3.029037287660685e-11,57823.46271237624,5.8548721426632255e-12,15214.878915598209,0.0,10800.0,88803.85930053392,88803.85930053392
2025-07-14,57943.60076157017,0.0,0.0,1.596547605231535e-11,57943.60076157018,3.090860900556436e-12,13684.949411720694,0.0,10650.0,89117.07215514475,89117.07215514475
2025-07-15,52020.256218672796,0.0,0.0,5.612012721201154e-11,52020.256218672854,1.554312234475219e-11,5114.115336974632,0.0,9447.811391211626,80102.78432041543,80102.78432041543
2025-07-16,55519.11327400255,0.0,0.0,2.9047576788343577e-11,55519.11327400258,7.116085498637403e-12,9168.05539579719,0.0,10350.0,85905.81779783493,85905.81779783493
2025-07-17,52803.387220690485,0.0,0.0,5.5666442122515034e-11,52803.38722069054,1.3979928326079971e-11,7380.643197598067,0.0,6270.0,79241.52783551949,79241.52783551949
2025-07-18,28698.656416636622,0.0,0.0,1.5453167634404964e-11,28698.656416636637,4.092726157978177e-12,13153.04699368813,0.0,5160.0,46222.252534657426,46222.252534657426
2025-07-19,28218.695846988787,0.0,0.0,2.585358060969156e-11,28218.695846988812,6.59383658785373e-12,13837.022596659903,0.0,8771.552511850366,47891.347024541814,47891.347024541814
2025-07-20,51656.8531548113,0.0,0.0,4.973639189387314e-11,51656.85315481135,1.4166001705007147e-11,4444.223743286821,0.0,9045.459074599936,80554.52221512346,80554.52221512346
2025-07-21,56106.35184362292,0.0,0.0,4.677883769232949e-11,56106.351843622964,1.2684964190157189e-11,7041.988645545341,0.0,10800.0,86502.163945232,86502.163945232
2025-07-22,55107.74626213615,0.0,0.0,4.279075227486829e-11,55107.74626213619,8.842704346534447e-12,8252.389022723288,0.0,10020.0,84897.64371325966,84897.64371325966
2025-07-23,53293.94513742121,0.0,0.0,282.1869804903264,53576.13211791153,41.859718311472456,5862.383901675606,0.0,8773.342378194413,82644.12067768682,82644.12067768682
2025-07-24,49718.87421671924,0.0,0.0,7.076410923900767e-11,49718.87421671931,1.8909318555415666e-11,3547.6857884711903,0.0,3866.16818268871,75442.72753195398,75442.72753195398
2025-07-25,25292.91209141891,0.0,0.0,2.8436318189051235e-11,25292.91209141894,7.73070496506989e-12,13162.48124488974,0.0,3482.8615475914385,42081.624391475736,42081.624391475736
2025-07-26,32177.79987942459,0.0,0.0,1.577026864651998e-11,32177.799879424605,3.353761712787673e-12,16633.079758828753,0.0,9720.0,54586.00406357227,54586.00406357227
2025-07-27,55339.665206004196,0.0,0.0,1551.6354035226534,56891.30060952685,310.5086238095314,7743.095174479464,0.0,10140.0,85555.5577727136,85555.5577727136
2025-07-28,51072.48854128094,0.0,0.0,3020.837653683691,54093.326194964626,975.687158734228,499.56884691108195,0.0,7934.046058668314,79141.61102881063,79141.61102881063
2025-07-29,53907.70529287188,0.0,0.0,16.430990382414443,53924.136283254295,2.3602433671959435,3109.9837831889763,0.0,9082.147436466596,84223.16650157153,84223.16650157153
2025-07-30,57452.055193730506,0.0,0.0,3.1750248652429035e-11,57452.055193730535,7.688072400924284e-12,9253.930897523753,0.0,10800.0,88912.76846658908,88912.76846658908
2025-07-31,54860.01523276133,0.0,0.0,3.9527296991082045e-11,54860.01523276137,8.597567102697212e-12,9247.137243926478,0.0,6180.0,82442.46770044026,82442.46770044026
2025-08-01,28303.94739579635,0.0,0.0,1.7641184513195187e-11,28303.947395796367,4.547473508864641e-12,21715.66910977456,0.0,5655.546566488913,45640.31174633927,45640.31174633927
2025-08-02,27359.509525229376,0.0,0.0,1.9558825670173973e-11,27359.509525229394,5.115907697472721e-12,18311.024695494852,0.0,9162.30498405505,46293.143321750555,46293.143321750555
2025-08-03,50568.54199019345,0.0,0.0,624.6517851002528,51193.1937752937,92.60455316762966,13274.933411813141,0.0,8184.422539711409,78861.34977497402,78861.34977497402
2025-08-04,51425.86166753767,0.0,0.0,5.736961128377516e-11,51425.86166753773,1.8351542507843988e-11,11275.202347423223,0.0,8658.628370731863,80867.41897437135,80867.41897437135
2025-08-05,49938.720232760475,0.0,0.0,3.420115390895262e-11,49938.72023276051,1.0736300737335114e-11,9466.849486852112,0.0,8790.0,78262.96935024028,78262.96935024028
2025-08-06,47638.2970880596,0.0,0.0,1002.8291080239546,48641.126196083555,198.64527574095973,4552.991037411681,0.0,7462.418222547065,74770.84627826838,74770.84627826838
2025-08-07,45222.22149036219,0.0,0.0,4.752120474904586e-11,45222.221490362244,1.3990586467116373e-11,7100.174013225957,0.0,2643.2843933885074,68970.06136079162,68970.06136079162
2025-08-08,24129.416594634495,0.0,0.0,292.02119390002923,24421.437788534524,72.64581666667235,21952.40899513459,0.0,2936.729438972379,40605.47732363991,40605.47732363991
2025-08-09,25292.65071347872,0.0,0.0,3.5268719500436414e-11,25292.650713478757,8.540723683836404e-12,17776.795890231777,0.0,7799.178228480284,44844.31927099012,44844.31927099012
2025-08-10,46519.1821572911,0.0,0.0,6.544004804709401e-11,46519.182157291165,1.8431478565617e-11,2385.434096582482,0.0,9012.038733122625,72521.3864162603,72521.3864162603
2025-08-11,46497.60279747944,0.0,0.0,297.1662752808293,46794.76907276027,44.05552541569047,5023.968326519459,0.0,8389.78446615201,72712.03415815502,72712.03415815502
2025-08-12,46250.098570375674,0.0,0.0,2837.4806478571045,49087.57921823278,457.0451065118987,2230.9332322016617,0.0,8158.982156128558,72873.31131160093,72873.31131160093
2025-08-13,46454.732194583354,0.0,0.0,83.46533922371219,46538.19753380706,12.380826110476704,2613.107067820985,0.0,8658.940128051117,72888.417194677,72888.417194677
2025-08-14,43296.54223807868,0.0,0.0,435.94791635847747,43732.49015443715,63.194116775299946,2332.461878128895,0.0,2726.3783993949496,65559.19685112315,65559.19685112315
2025-08-15,22974.242396252674,0.0,0.0,453.93784033869974,23428.18023659137,112.86757818554099,19502.214847580763,0.0,2418.829772884079,38891.458950715794,38891.458950715794
2025-08-16,26163.208980870248,0.0,0.0,3.314100105455964e-11,26163.20898087028,8.622436098448816e-12,19991.36314617067,0.0,8356.414211386927,46348.17043503046,46348.17043503046
2025-08-17,46588.62258892451,0.0,0.0,531.2426091368144,47119.86519806133,78.89361639596233,6320.421317405118,0.0,8469.68540691544,73204.49604996646,73204.49604996646
2025-08-18,45668.36484699198,0.0,0.0,38.44908606797604,45706.81393305995,5.684538926782734,3595.171139104372,0.0,8128.371906255458,71435.02273317066,71435.02273317066
2025-08-19,45996.075765592796,0.0,0.0,143.6600805143351,46139.73584610713,21.26249989112666,3821.1202112378123,0.0,8131.253341179166,71666.58962877214,71666.58962877214
2025-08-20,45733.178247199416,0.0,0.0,10389.960993051001,56123.13924025041,3364.0712310128306,488.6158413286472,0.0,7702.069752240196,71515.51490634297,71515.51490634297
2025-08-21,44829.24332541981,0.0,0.0,6.207446467954013e-11,44829.24332541988,2.0612844764400506e-11,3452.1424534541457,0.0,3559.96272436418,68305.97917988515,68305.97917988515
2025-08-22,23463.210859581846,0.0,0.0,2520.133112356428,25983.343971938273,399.5746676208119,16853.028461363272,0.0,3041.788330465749,40000.34895336529,40000.34895336529
2025-08-23,25986.363411381994,0.0,0.0,66.8488203194683,26053.212231701462,13.698528753990558,14711.729260725839,0.0,8133.5716853368685,45630.89475822815,45630.89475822815
2025-08-24,46493.734702808164,0.0,0.0,7.01801532443369e-11,46493.73470280824,1.893951662168547e-11,5445.46644759445,0.0,7893.620435784968,72761.84115924414,72761.84115924414
2025-08-25,47805.9527410239,0.0,0.0,2547.160132066051,50353.11287308995,576.8868373212692,522.8754007364184,0.0,8295.3170001202,75028.4614037505,75028.4614037505
2025-08-26,47665.96777074779,0.0,0.0,6.099963911765371e-11,47665.96777074785,1.5361933947133366e-11,4779.794389907685,0.0,8806.5551665311,74745.8924938858,74745.8924938858
2025-08-27,49182.43439768195,0.0,0.0,5.119862578339962e-11,49182.434397682,1.304556462855544e-11,5399.431577637366,0.0,8270.447223699915,76720.96039689331,76720.96039689331
2025-08-28,44831.97135182389,0.0,0.0,7542.227074458072,52374.19842628197,2569.845889174241,944.4081308646089,0.0,3493.5839678489992,67916.96230586537,67916.96230586537
2025-08-29,25006.26750247685,0.0,0.0,911.8406626750203,25918.108165151873,236.97680000000474,16084.07567110187,0.0,3746.792698626736,41474.67997068562,41474.67997068562
2025-08-30,26471.855707353512,0.0,0.0,5.363850164030737e-11,26471.855707353567,1.247713043994736e-11,19762.1966359119,0.0,8104.907223381224,46155.884844074724,46155.884844074724
2025-08-31,49061.62636140066,0.0,0.0,19.128313541710295,49080.75467494237,2.8454166666798812,5039.379939985216,0.0,8881.268239866418,76265.36810793715,76265.36810793715
2025-09-01,48964.54267933013,0.0,0.0,1.683247319306247e-11,48964.542679330145,3.552713678800501e-12,18302.130553877956,0.0,9360.0,76131.32918283297,76131.32918283297
2025-09-02,47015.555091354814,0.0,0.0,2.4714754687238383e-11,47015.555091354836,6.270539643082884e-12,14187.118703378841,0.0,10050.0,72688.66109398725,72688.66109398725
2025-09-03,46427.979492946666,0.0,0.0,1.295507701115639e-11,46427.97949294668,3.282707439211663e-12,12213.457211514822,0.0,10620.0,71842.20906201722,71842.20906201722
2025-09-04,46360.62698051787,0.0,0.0,2.1112889214691677e-11,46360.62698051789,3.907985046680551e-12,16709.016387327472,0.0,6840.0,69953.06789709188,69953.06789709188
2025-09-05,22306.72120594483,0.0,0.0,1.0489060287000029e-11,22306.72120594484,2.7284841053187847e-12,27974.454014368006,0.0,6060.0,36911.26169756597,36911.26169756597
2025-09-06,26124.39400301135,0.0,0.0,136.9828930750199,26261.37689608637,36.09343333333788,28381.38740176649,0.0,10800.0,44129.4629793892,44129.4629793892
2025-09-07,46144.73832744457,0.0,0.0,2.2016223510945564e-11,46144.73832744459,3.652189661806915e-12,12438.552079180969,0.0,10693.960334632928,70677.91675595606,70677.91675595606
2025-09-08,37689.952633630455,0.0,0.0,6160.579012560353,43850.53164619081,954.5806799966056,239.62433110580986,0.0,7618.897567241695,59211.18443404367,59211.18443404367
2025-09-09,40207.6071960814,0.0,0.0,182.01820338515057,40389.62539946655,38.6897608019416,7463.411464267045,0.0,7699.052084093921,64469.87683180951,64469.87683180951
2025-09-10,40222.72967206944,0.0,0.0,8985.659580877591,49208.38925294703,2683.984581362313,124.42690159892715,0.0,8620.146227964899,63802.417746920124,63802.417746920124
2025-09-11,37058.962054884374,0.0,0.0,4.880963899722701e-11,37058.962054884425,1.5347723092418164e-11,4811.356207376125,0.0,3908.6443154775816,56890.05606311105,56890.05606311105
2025-09-12,17838.911105890165,0.0,0.0,403.5058958416963,18242.41700173186,111.2209000000077,17227.497789172347,0.0,4318.153006683591,31808.303137102543,31808.303137102543
2025-09-13,19718.698100634316,0.0,0.0,3.495725309221598e-11,19718.698100634352,9.208633855450898e-12,21308.286026221955,0.0,8191.183479061293,36548.76283532728,36548.76283532728
2025-09-14,40801.054492407995,0.0,0.0,7.591020967367968e-11,40801.05449240807,2.0186519122944446e-11,1324.7546695098918,0.0,8025.837265371594,65077.47719530425,65077.47719530425
2025-09-15,40584.02773032598,0.0,0.0,7.8936061500452634,40591.92133647602,1.1717666666795594,5405.822876641198,0.0,8289.471054140122,64856.27975818835,64856.27975818835
2025-09-16,40589.628635335066,0.0,0.0,55.381747666746655,40645.01038300181,8.238266666689203,409.69087931110334,0.0,8356.017694535047,63752.41315815691,63752.41315815691
2025-09-17,41950.49859397816,0.0,0.0,7.516528555129297e-11,41950.498593978235,2.1474377831509628e-11,2853.3958066354908,0.0,8332.21792706737,66520.75016575216,66520.75016575216
2025-09-18,39542.28281796296,0.0,0.0,6.92401180557578e-11,39542.28281796303,1.992658815730408e-11,2650.6825807969376,0.0,4319.915979167342,61010.10129199847,61010.10129199847
2025-09-19,18315.82656314681,0.0,0.0,3.136295845251879e-11,18315.826563146842,9.15179043659009e-12,13917.861676203305,0.0,4245.815654425857,32919.05223857832,32919.05223857832
2025-09-20,20236.370476422842,0.0,0.0,984.8899269469807,21221.260403369823,262.19041433274293,14078.970159338633,0.0,8592.167146031024,37170.26288861038,37170.26288861038
2025-09-21,43520.111080976305,0.0,0.0,4.850695489722056e-11,43520.111080976356,1.2512657576735364e-11,6690.516238261206,0.0,8786.16130642546,68785.8141873641,68785.8141873641
2025-09-22,41734.47225639293,0.0,0.0,6.327939061634424e-11,41734.472256393,1.9245049998062314e-11,1958.8548874839753,0.0,8014.376513455742,65420.51614230701,65420.51614230701
2025-09-23,44591.625525055744,0.0,0.0,6.062129331851906e-11,44591.6255250558,1.5405454689698672e-11,4104.362759552502,0.0,8767.975088926996,71072.70548305537,71072.70548305537
2025-09-24,41600.39871542152,0.0,0.0,1353.9265157560237,42954.32523117754,272.3268088938068,1442.6352707534622,0.0,8476.685356372202,65872.59720824528,65872.59720824528
2025-09-25,42346.52151161628,0.0,0.0,4.9969415272244076e-11,42346.52151161633,1.6363799204555107e-11,4880.45172250326,0.0,5179.059769389101,65254.227719863,65254.227719863
2025-09-26,18641.623392732647,0.0,0.0,3.986292540503199e-11,18641.623392732687,9.833911462919787e-12,12644.58182133761,0.0,5151.450545069883,33382.74972947167,33382.74972947167
2025-09-27,20502.526612364534,0.0,0.0,6482.072205149481,26984.598817514016,1026.3651171355928,14834.497069731246,0.0,7845.55840942179,37640.57191406199,37640.57191406199
2025-09-28,43972.61810219819,0.0,0.0,6.422917747661572e-11,43972.618102198256,1.8556600700492254e-11,1648.352656956688,0.0,8601.337043668345,69953.18809746907,69953.18809746907
2025-09-29,44204.191958495656,0.0,0.0,85.11009079053457,44289.30204928619,15.420190476207281,3287.9785741921,0.0,8480.17105523452,69893.9347470174,69893.9347470174
2025-09-30,45697.48426966187,0.0,0.0,7.543136337773149e-11,45697.484269661945,2.3705482021796342e-11,1684.0062440061033,0.0,8973.740088488003,71623.60603953434,71623.60603953434
2025-10-01,44664.28970811647,0.0,0.0,3.7731346935743205e-11,44664.28970811651,1.0082601420435822e-11,14928.31975907269,0.0,10548.205613617398,70199.52995110936,70199.52995110936
2025-10-02,40767.44562898336,0.0,0.0,4.038483325530251e-11,40767.445628983405,1.3102408047416247e-11,10579.646744129961,0.0,7429.858148470843,62510.95769011441,62510.95769011441
2025-10-03,17237.674083015976,0.0,0.0,2.8612248570425438e-11,17237.674083016005,7.247535904753022e-12,20017.029751092756,0.0,6887.783146738967,30420.62773785607,30420.62773785607
2025-10-04,20463.775736222673,0.0,0.0,2.1665872651510653e-11,20463.775736222695,5.336175945558352e-12,17696.56113241308,0.0,9480.0,36605.60522793064,36605.60522793064
2025-10-05,43032.999263551465,0.0,0.0,2.7568177074499546e-11,43032.999263551494,8.427036846114788e-12,8724.014482412265,0.0,9930.0,67484.8148408411,67484.8148408411
2025-10-06,41245.89156046522,0.0,0.0,5.4963987139444716e-11,41245.89156046528,1.6626700016786344e-11,3626.394273696905,0.0,9450.0,64567.59990644755,64567.59990644755
2025-10-07,42611.17212049829,0.0,0.0,3.7091904658836936e-11,42611.172120498326,1.2843059948863811e-11,5595.549842790591,0.0,9328.1145,67009.86448702755,67009.86448702755
2025-10-08,37929.824319054256,0.0,0.0,1330.7762383368797,39260.60055739114,258.8385169422022,1908.8649855970675,0.0,8484.090654297466,61231.81557250179,61231.81557250179
2025-10-09,38556.75538795732,0.0,0.0,4.38544507375127e-11,38556.75538795736,1.3085532657441945e-11,5763.6032840407215,0.0,4960.7401278884045,61591.73803761728,61591.73803761728
2025-10-10,16405.69442233161,0.0,0.0,4.176024148705437e-11,16405.69442233165,1.1318945780658396e-11,18744.560921798766,0.0,5451.54583780678,31731.973905843173,31731.973905843173
2025-10-11,18041.21934585896,0.0,0.0,4.3174395614187235e-11,18041.219345859005,1.2533973858808167e-11,14736.134365406822,0.0,8462.432342464796,35479.273100710074,35479.273100710074
2025-10-12,39760.639399404696,0.0,0.0,21.398764781006847,39782.0381641857,4.568480952397717,1920.6471946655813,0.0,8355.855052708452,64249.093839797206,64249.093839797206
2025-10-13,40790.31198253234,0.0,0.0,5.57902524178644e-11,40790.311982532396,1.5766943306516623e-11,4502.229678972641,0.0,8602.276114923981,65722.00207273357,65722.00207273357
2025-10-14,39627.3835626125,0.0,0.0,1669.7175937250258,41297.10115633753,283.9421225798227,501.87952926068544,0.0,7918.194001917409,64356.70209989251,64356.70209989251
2025-10-15,40976.15383287858,0.0,0.0,33.75483851704966,41009.908671395635,6.839193296944962,261.0592930945313,0.0,8133.277558839879,66376.8109629454,66376.8109629454
2025-10-16,39946.08758216859,0.0,0.0,5637.562369080832,45583.64995124942,1179.020518781684,669.8558322884469,0.0,5179.016499777474,63141.31848732701,63141.31848732701
2025-10-17,17392.08501061033,0.0,0.0,2.8747564329023587e-11,17392.08501061036,8.86757334228605e-12,13353.43669436672,0.0,5550.128436487718,32927.27730671011,32927.27730671011
2025-10-18,18444.33153746844,0.0,0.0,4.609816528500232e-11,18444.331537468486,1.1937117960769683e-11,12859.198589811405,0.0,8573.67870699713,35403.20125454575,35403.20125454575
2025-10-19,42601.243204331564,0.0,0.0,3947.271332623505,46548.51453695507,715.2351609610514,1789.2646921487883,0.0,8293.1693810566,68666.71758460163,68666.71758460163
2025-10-20,42885.410738048064,0.0,0.0,2633.535852191442,45518.9465902395,548.1332665704058,833.937486271451,0.0,8341.645177342403,68905.17777115083,68905.17777115083
2025-10-21,44455.50671544195,0.0,0.0,232.99976377204794,44688.506479214,113.29918004960876,312.924683810804,0.0,8811.419068985026,71345.75508242485,71345.75508242485
2025-10-22,44826.67149544193,0.0,0.0,2429.2939336126105,47255.96542905454,501.76506361444103,2923.8808184119675,0.0,8427.83572301005,71969.75423295464,71969.75423295464
2025-10-23,43875.94993695585,0.0,0.0,6.732818469412649e-11,43875.94993695591,1.698352569690087e-11,4628.308082881273,0.0,6307.391180516181,69866.22410187163,69866.22410187163
2025-10-24,17077.431620432886,0.0,0.0,3.880459420457782e-11,17077.431620432926,1.0380141191035364e-11,11163.859873794307,0.0,5772.7731904146685,32328.033658679065,32328.033658679065
2025-10-25,18666.02069733305,0.0,0.0,652.3624841148696,19318.38318144792,123.13999101366738,10909.1030256419,0.0,8158.900222218769,36200.95580560515,36200.95580560515
2025-10-26,46673.24025627029,0.0,0.0,6.036490773908554e-11,46673.24025627035,1.7195134205394424e-11,4991.7501897749435,0.0,8999.300305099501,74525.11206593088,74525.11206593088
2025-10-27,45704.91398265468,0.0,0.0,4.434568127553844,45709.34855078223,0.946748105804275,5628.762634255416,0.0,8657.488151321364,72885.360046393,72885.360046393
2025-10-28,44681.48112903944,0.0,0.0,7.860184991770325e-11,44681.48112903952,2.1189716647995738e-11,2015.82068788091,0.0,8372.550007438724,72025.32037031962,72025.32037031962
2025-10-29,46004.52453783125,0.0,0.0,1715.803842198787,47720.328380030034,652.074424129053,271.80970829917277,0.0,8270.847636138667,73197.37169344464,73197.37169344464
2025-10-30,44258.44341136825,0.0,0.0,8.95278315471599,44267.39619452297,1.9113542174921037,3205.0440973852637,0.0,6350.2101478918585,70180.4700295743,70180.4700295743
2025-10-31,18164.982938759695,0.0,0.0,3.849730489946523e-11,18164.982938759735,1.1326051208015997e-11,6721.839778641732,0.0,6344.677379731338,33940.87033330112,33940.87033330112
2025-11-01,19107.49324268991,0.0,0.0,5.0027303188926444e-11,19107.49324268996,1.1496581464598421e-11,7408.572834747583,0.0,9109.148833338464,36300.08209250976,36300.08209250976
2025-11-02,46512.3869934594,0.0,0.0,264.4847179958845,46776.87171145528,45.929422244741176,2168.90761853282,0.0,8256.1748698086,74302.55358512372,74302.55358512372
2025-11-03,47243.26697256081,0.0,0.0,5.853703655134268e-11,47243.266972560865,1.765343426995969e-11,1165.2822162012694,0.0,8686.492696236362,75237.88799475748,75237.88799475748
2025-11-04,47453.341770571365,0.0,0.0,238.18995668576656,47691.531727257134,51.838397599203944,4593.837932573874,0.0,8212.59686962273,75854.29252316142,75854.29252316142
2025-11-05,48885.36787775996,0.0,0.0,8.306014365189185e-11,48885.36787776004,2.4069635173873394e-11,3416.418845760972,0.0,8736.824593431485,77753.23477548115,77753.23477548115
2025-11-06,46165.59255566775,0.0,0.0,4986.598975349241,51152.191531016986,1195.5612572191133,735.0023950555666,0.0,6690.816240203914,72946.37716348853,72946.37716348853
2025-11-07,18616.74374922529,0.0,0.0,746.5238535583702,19363.26760278366,138.12486666667644,8144.133478296299,0.0,6963.310214139871,35079.59044659111,35079.59044659111
2025-11-08,19361.08950766544,0.0,0.0,2.813891342157149e-11,19361.08950766547,7.901235221652314e-12,8090.982696519669,0.0,8311.703697054241,36951.585430922205,36951.585430922205
2025-11-09,49867.678902795036,0.0,0.0,6.946295627585641e-11,49867.67890279511,1.963940121640917e-11,2953.435559140743,0.0,8816.416258796799,78910.94866836847,78910.94866836847
2025-11-10,48694.163776061905,0.0,0.0,1382.264332059053,50076.428108120956,237.6825946427361,364.18197457214035,0.0,8191.254089051477,77706.94553426857,77706.94553426857
2025-11-11,49334.87785856372,0.0,0.0,4.395541708390738e-11,49334.87785856376,1.3109513474773848e-11,2153.4525832979534,0.0,8394.664997685482,78141.82836809961,78141.82836809961
2025-11-12,49666.07015503007,0.0,0.0,4.9934715140587116e-11,49666.070155030124,1.3949508215205242e-11,3816.3727444364254,0.0,8138.23557872894,78783.66016097328,78783.66016097328
2025-11-13,50998.49622946114,0.0,0.0,9.417338133410457,51007.91356759455,2.010533333353866,3936.6716844407993,0.0,8076.854597045928,80440.63906465267,80440.63906465267
2025-11-14,19039.88766495412,0.0,0.0,6.18854443246164e-11,19039.88766495418,1.674038685450796e-11,4954.591597327872,0.0,7507.117356693769,35632.15561066395,35632.15561066395
2025-11-15,19152.746079746696,0.0,0.0,3.934586789711148e-11,19152.746079746736,1.127098414599459e-11,3538.413607702568,0.0,8252.98405792731,36116.36723822147,36116.36723822147
2025-11-16,50631.027226288774,0.0,0.0,4.620874038963052e-11,50631.02722628882,1.3385736963300587e-11,1556.8181522052116,0.0,8036.752978859665,80321.84382402238,80321.84382402238
2025-11-17,52613.44906876375,0.0,0.0,6.230175486621192e-11,52613.44906876382,1.6893153542696382e-11,4966.492793684829,0.0,8711.144933824118,82738.025974838,82738.025974838
2025-11-18,51929.88380898911,0.0,0.0,8.298433229469992e-11,51929.88380898919,2.637889906509372e-11,2870.9881421490127,0.0,8390.175808622156,81711.1417885145,81711.1417885145
2025-11-19,50550.468192575194,0.0,0.0,222.95064450472572,50773.41883707992,106.06083757550437,54.29163348918545,0.0,8279.27238916503,79644.14226740188,79644.14226740188
2025-11-20,52102.21125254764,0.0,0.0,6.711141509185837e-11,52102.211252547706,1.8403056856186595e-11,3434.0807121803628,0.0,7747.231154144106,82005.48948323051,82005.48948323051
2025-11-21,20115.841495976547,0.0,0.0,3.199721732016769e-11,20115.84149597658,9.038103598868474e-12,4520.9654554226,0.0,8405.06964759597,37500.26352097749,37500.26352097749
2025-11-22,19913.461293791486,0.0,0.0,4.7318233775683894e-11,19913.461293791534,1.5423218258092675e-11,3485.4381901938614,0.0,8479.618729344395,37418.000582861736,37418.000582861736
2025-11-23,52818.6786472604,0.0,0.0,7.081360564598072e-11,52818.67864726047,2.2073010086387512e-11,3295.006333592817,0.0,8399.889658942548,83146.17778408199,83146.17778408199
2025-11-24,51643.68437780415,0.0,0.0,105.41508654804312,51749.09946435219,22.519496902714664,3653.5993565792305,0.0,7868.245166364559,81542.23319997037,81542.23319997037
2025-11-25,53322.2517742533,0.0,0.0,6.70729729534969e-11,53322.25177425337,1.836397700571979e-11,3110.014861980287,0.0,8060.773512916757,84147.6850258265,84147.6850258265
2025-11-26,53214.11073126144,0.0,0.0,51.817478320777695,53265.92820958222,11.06265549120538,1900.0250580933443,0.0,8701.622125107246,83778.88203038197,83778.88203038197
2025-11-27,52933.936155309006,0.0,0.0,5.651468626410861e-11,52933.936155309064,1.823252659960417e-11,3191.128387339874,0.0,8031.290593915879,82489.05342557207,82489.05342557207
2025-11-28,19560.691300458602,0.0,0.0,323.1666355371211,19883.857935995722,54.55704513805169,2276.172793082525,0.0,7963.040916280741,36751.4546063001,36751.4546063001
2025-11-29,20771.922431750725,0.0,0.0,948.6916992109263,21720.61413096165,282.67066858924187,2.0044410575792426e-11,0.0,8640.78217694153,38936.82566118543,38936.82566118543
2025-11-30,53942.812288569345,0.0,0.0,718.4616473218512,54661.27393589119,184.82341066891675,368.26215898803173,0.0,8119.870314358686,84547.42134714524,84547.42134714524
2025-12-01,54976.872937327,0.0,0.0,19927.377580243254,74904.25051757025,5179.275597652357,144.14665056129283,0.0,8423.887273659639,86267.0245710715,86267.0245710715
2025-12-02,54215.30562092722,0.0,0.0,30404.263189858524,84619.56881078574,7547.012784368896,84.12607223295257,0.0,8150.923636204187,85523.4619524879,85523.4619524879
2025-12-03,55829.9993469388,0.0,0.0,15512.917975349797,71342.9173222886,4476.171899996572,98.81789326619428,0.0,8006.261824121859,87267.22660629073,87267.22660629073
2025-12-04,56585.15109932567,0.0,0.0,14060.608810528236,70645.7599098539,3442.6096537457433,572.0237876987577,0.0,7848.682742181693,88348.33166333368,88348.33166333368
2025-12-05,23884.805582793328,0.0,0.0,5269.745952253971,29154.5515350473,1212.1114496190683,671.65455939529,0.0,8321.165581897807,45200.17479476261,45200.17479476261
2025-12-06,23719.57580722412,0.0,0.0,7923.09536361941,31642.67117084353,2145.661340134367,119.23882357750483,0.0,8064.147489554816,45312.2085765227,45312.2085765227
2025-12-07,57103.8380663327,0.0,0.0,11175.24115961819,68279.07922595089,3254.9746186744696,1.1900951316039734,0.0,8066.969107266578,89141.48761352646,89141.48761352646
2025-12-08,65468.43083375334,0.0,0.0,4.235775463712344e-11,65468.43083375338,1.1993961379630491e-11,8157.699755726765,0.0,8372.086982621095,100897.10307164055,100897.10307164055
2025-12-09,65290.815891578604,0.0,0.0,2.8606649493667645e-11,65290.81589157863,6.679101716144942e-12,8072.60882421801,0.0,8713.64064479027,100511.05027170005,100511.05027170005
2025-12-10,62253.379786259015,0.0,0.0,89.22439504476866,62342.60418130378,19.048760684198868,4263.070242544296,0.0,8175.35976028138,96725.34096984178,96725.34096984178
2025-12-11,62974.88190006718,0.0,0.0,4.947673915012274e-11,62974.88190006723,1.1937117960769683e-11,6379.441963950223,0.0,8470.329976828907,97324.39503013267,97324.39503013267
2025-12-12,28713.89215456991,0.0,0.0,3.0851250887309334e-11,28713.892154569938,1.0119016735643527e-11,5843.9669093772845,0.0,8431.184042434446,53428.81638579145,53428.81638579145
2025-12-13,29934.800954175862,0.0,0.0,3.831519990171728e-11,29934.800954175902,1.262634441445698e-11,7701.11688156555,0.0,8609.756982559678,55637.13418771211,55637.13418771211
2025-12-14,65477.28483487152,0.0,0.0,4.129694275434304e-11,65477.28483487156,1.1624479157035239e-11,7518.6985083145155,0.0,8687.558659794371,101091.73283885681,101091.73283885681
2025-12-15,62457.6100457111,0.0,0.0,7.198196527724576e-11,62457.610045711175,1.8971491044794675e-11,2696.6940918518867,0.0,8328.082191410844,96541.56415809551,96541.56415809551
2025-12-16,65315.69941657203,0.0,0.0,5.0658911732170965e-11,65315.69941657208,1.5091927707544528e-11,6403.451873662901,0.0,8219.202492295215,100374.16832182914,100374.16832182914
2025-12-17,66081.92414421181,0.0,0.0,3.401891035537119e-11,66081.92414421184,8.526512829121202e-12,9179.928584813246,0.0,8376.12947121896,102205.13474725126,102205.13474725126
2025-12-18,64321.37751246273,0.0,0.0,3.864815312226711e-11,64321.377512462765,9.919176591210999e-12,7272.882879228971,0.0,8466.632374420058,99391.97940127249,99391.97940127249
2025-12-19,27233.04261671798,0.0,0.0,4.603356229537781e-11,27233.042616718027,1.4221956945448255e-11,5275.097924294534,0.0,7969.281652815501,51507.993662406225,51507.993662406225
2025-12-20,27370.619386450253,0.0,0.0,4.2731205240897905e-11,27370.619386450297,1.3791634501103545e-11,4720.140567591641,0.0,8282.596789066663,51862.96518231205,51862.96518231205
2025-12-21,65624.7493672256,0.0,0.0,2.6358861759945287e-11,65624.74936722562,6.764366844436154e-12,7055.456496154933,0.0,8496.108360823866,100928.12680236355,100928.12680236355
2025-12-22,64567.741111597396,0.0,0.0,3.3268008792219913e-11,64567.74111159743,1.0459189070388675e-11,6504.602343381305,0.0,8190.779931007482,99828.17265744554,99828.17265744554
2025-12-23,62857.99504355177,0.0,0.0,5.10221127569821e-11,62857.99504355182,1.3017142919125035e-11,5156.705827791857,0.0,8534.803542420084,97363.49735684923,97363.49735684923
2025-12-24,62134.46557946855,0.0,0.0,7.195819762273459e-11,62134.465579468626,2.0548895918182097e-11,4108.525866641924,0.0,8177.796563127107,96365.48248310783,96365.48248310783
2025-12-25,62585.15297054187,0.0,0.0,950.7695347868281,63535.9225053287,142.86492596401766,4599.929979275692,0.0,8217.510276378483,96983.00946360454,96983.00946360454
2025-12-26,29419.464467087204,0.0,0.0,4.4726920833682016e-11,29419.464467087248,1.3500311979441904e-11,7062.135931821174,0.0,8916.007743656815,54581.81954298736,54581.81954298736
2025-12-27,28758.225048525732,0.0,0.0,3.651123847703275e-11,28758.22504852577,8.44124770082999e-12,6594.28690016087,0.0,8714.947510402566,53590.16437509935,53590.16437509935
2025-12-28,63119.01329991572,0.0,0.0,71.23488788168008,63190.2481877974,12.194622593807026,6543.803176369299,0.0,8225.508240174428,97432.48987049007,97432.48987049007
2025-12-29,62675.54820193279,0.0,0.0,5.7500216144035225e-11,62675.54820193285,1.602984411874786e-11,4737.55772763998,0.0,8298.325062349932,97008.70408178345,97008.70408178345
2025-12-30,64725.04396706563,0.0,0.0,2.974752533191349e-11,64725.043967065656,9.890754881780595e-12,8909.200762801975,0.0,8221.374128213878,99733.67697170927,99733.67697170927
2025-12-31,63437.993973903576,0.0,0.0,93.53393666670247,63531.52791057028,43.748333333342686,6702.747745245969,0.0,6000.0,97588.38311369429,97588.38311369429
