kind,date,emergency,kwh,cost_yuan
q2,2025-02-01,False,1.1155520951433573e-11,4.121105945387172e-11
q2,2025-02-02,False,1.2789769243681803e-11,4.2083257767444586e-11
q2,2025-02-03,False,1.5297985100914957e-11,5.690945314995588e-11
q2,2025-02-04,False,1.7564616427989677e-11,6.426563459172029e-11
q2,2025-02-05,False,1.7016832387639624e-11,6.841955313419134e-11
q2,2025-02-06,True,12.665110276884107,73.98324168239702
q2,2025-02-07,False,8.881784197001252e-12,2.908565477355296e-11
q2,2025-02-08,False,1.6790124846011167e-11,4.8839602584394016e-11
q2,2025-02-09,True,972.5158003136652,3319.5406151502116
q2,2025-02-10,False,1.1368683772161603e-11,3.536254666869354e-11
q2,2025-02-11,True,109.05335118563649,583.4483966279777
q2,2025-02-12,False,1.602984411874786e-11,5.993857143948844e-11
q2,2025-02-13,False,2.1884716261411086e-11,6.842486754976563e-11
q2,2025-02-14,False,1.9525714378687553e-11,6.607065472508112e-11
q2,2025-02-15,False,1.3088197192701045e-11,4.651209195571937e-11
q2,2025-02-16,True,92.1018383595364,361.8040505595
q2,2025-02-17,False,2.191313797084149e-11,7.935256007840507e-11
q2,2025-02-18,True,8.248333333355202,37.52579250007551
q2,2025-02-19,True,20.443110793203218,89.5306037188083
q2,2025-02-20,True,15.220372420572815,71.29222441794252
q2,2025-02-21,False,9.379164112033322e-12,3.185198238497833e-11
q2,2025-02-22,False,1.2846612662542611e-11,4.6930210828577396e-11
q2,2025-02-23,True,7.753445238113425,36.31713749530716
q2,2025-02-24,True,49.98722504555232,226.15106836334806
q2,2025-02-25,True,3.0574504219355916,13.390104122849033
q2,2025-02-26,False,1.7200463275912625e-11,5.853699303060011e-11
q2,2025-02-27,False,2.184208369726548e-11,8.479853619292043e-11
q2,2025-02-28,True,18.653383333341274,108.96373874170168
q2,2025-03-01,True,16.443333333345006,85.17646666670983
q2,2025-03-02,True,4172.078904473771,15460.348299057223
q2,2025-03-03,True,2873.774043070175,10154.101326805365
q2,2025-03-04,False,1.605937605120289e-11,5.1030265679763426e-11
q2,2025-03-05,False,1.7053025658242404e-11,6.061321045081058e-11
q2,2025-03-06,True,8.736116964137253,40.76272175464603
q2,2025-03-07,False,1.2299494756007334e-11,4.604021341947373e-11
q2,2025-03-08,True,11.753585250839961,40.543992322771075
q2,2025-03-09,False,1.1482370609883219e-11,4.13788923125935e-11
q2,2025-03-10,True,426.605817476488,952.403622656289
q2,2025-03-11,True,54.0288001063328,337.1388025502549
q2,2025-03-12,False,1.4647394408484615e-11,4.9381539746207183e-11
q2,2025-03-13,True,1997.6429177599775,7190.317802345682
q2,2025-03-14,False,1.057287590811029e-11,3.6991409047004705e-11
q2,2025-03-15,True,1.6074307186148644,7.9066181489758245
q2,2025-03-16,True,1.640000000021482,7.461180000080714
q2,2025-03-17,False,1.411137873219559e-11,6.054609968941804e-11
q2,2025-03-18,True,181.10530721218615,875.4375422957507
q2,2025-03-19,False,1.2485814465668099e-11,4.405756088947388e-11
q2,2025-03-20,True,316.0205992081771,1404.6672115104423
q2,2025-03-21,True,142.68418557348045,539.8611917625566
q2,2025-03-22,False,8.01492205937393e-12,2.4521852992620554e-11
q2,2025-03-23,True,68.88735370820723,411.6951270753631
q2,2025-03-24,False,2.2446045022661565e-11,8.485086411269549e-11
q2,2025-03-25,True,196.4288157373236,557.6974999435078
q2,2025-03-26,False,1.696065510259359e-11,5.5823662137299834e-11
q2,2025-03-27,False,1.6969536886790593e-11,5.6892459632251754e-11
q2,2025-03-28,True,60.336883333339266,259.4485983333537
q2,2025-03-29,True,48.28277941553009,224.3063178633099
q2,2025-03-30,False,1.893951662168547e-11,6.830996213125217e-11
q2,2025-03-31,False,1.8950174762721872e-11,6.215728731717717e-11
q2,2025-04-01,True,994.1126574202605,3093.5911917269495
q2,2025-04-02,True,2401.4694236315454,9029.625270027822
q2,2025-04-03,True,190.96003609651177,949.0432162606259
q2,2025-04-04,False,5.9401372709544376e-12,2.3450610342479195e-11
q2,2025-04-05,False,8.419931418757187e-12,3.000229753524764e-11
q2,2025-04-06,False,1.3553602684623911e-11,4.1825774843573525e-11
q2,2025-04-07,False,1.688249540165998e-11,5.894975174669526e-11
q2,2025-04-08,True,79.31538501937432,371.900615584152
q2,2025-04-09,True,457.47271400621605,1665.363048178577
q2,2025-04-10,False,1.9461765532469144e-11,6.627194792940827e-11
q2,2025-04-11,False,6.707523425575346e-12,2.6648820039554268e-11
q2,2025-04-12,False,5.9685589803848416e-12,2.3968198092916283e-11
q2,2025-04-13,True,49.29835550583403,308.6570038219777
q2,2025-04-14,True,61.205636171854685,374.1619704193496
q2,2025-04-15,False,1.3216094885137863e-11,5.082331000494377e-11
q2,2025-04-16,False,1.0749900969386772e-11,3.5299518530429455e-11
q2,2025-04-17,False,2.3061663689816214e-11,7.460588363761289e-11
q2,2025-04-18,False,8.355982572538778e-12,3.376504764673882e-11
q2,2025-04-19,False,5.4853899200679734e-12,1.803879001727182e-11
q2,2025-04-20,False,1.6650236744908398e-11,5.295749860856347e-11
q2,2025-04-21,False,1.4978240869822912e-11,4.5475374577108603e-11
q2,2025-04-22,False,2.26929586233382e-11,7.661092826793947e-11
q2,2025-04-23,False,1.9197976541818207e-11,7.250222644472615e-11
q2,2025-04-24,False,1.546140993013978e-11,5.647379452966561e-11
q2,2025-04-25,False,5.286437954055145e-12,2.1491530333150875e-11
q2,2025-04-26,True,551.9802059915264,3118.056431378041
q2,2025-04-27,True,760.3644382939259,4088.056567870115
q2,2025-04-28,True,6066.927635465839,17472.101481856673
q2,2025-04-29,True,85.16242974380901,586.4646262653749
q2,2025-04-30,True,5.1069987022703245,23.928842419466804
q2,2025-05-01,True,1627.886288089749,9822.366334433887
q2,2025-05-02,True,2633.9214201699274,13262.00467632029
q2,2025-05-03,True,1050.9061246713616,5576.813814765452
q2,2025-05-04,True,1098.5781748871896,6502.788239527966
q2,2025-05-05,True,1227.6000599781116,7664.449190925187
q2,2025-05-06,True,1241.1380262652845,7426.375495866694
q2,2025-05-07,True,1916.1027393602,11444.896904915166
q2,2025-05-08,True,28.18755362887592,190.44920609343947
q2,2025-05-09,False,5.4143356464919634e-12,2.233244345006824e-11
q2,2025-05-10,True,10.63190000000816,45.71717000003275
q2,2025-05-11,True,41.18071666668577,277.36103945840057
q2,2025-05-12,False,1.602984411874786e-11,5.3399304533741085e-11
q2,2025-05-13,False,9.848122317634989e-12,3.8622992803993835e-11
q2,2025-05-14,False,1.3599787962448318e-11,4.240358464357997e-11
q2,2025-05-15,False,1.5228707184178347e-11,5.712593509343832e-11
q2,2025-05-16,False,5.8548721426632255e-12,2.2851907033327733e-11
q2,2025-05-17,False,6.94910795573378e-12,3.013903437931731e-11
q2,2025-05-18,False,9.871214956547192e-12,3.1551169676902193e-11
q2,2025-05-19,True,67.0033333333459,451.903981666704
q2,2025-05-20,True,655.7140298549114,2784.705773404347
q2,2025-05-21,False,1.6399326341343112e-11,5.933192426255117e-11
q2,2025-05-22,False,1.3386625141720288e-11,3.888453647959978e-11
q2,2025-05-23,False,8.132161610774347e-12,3.525949132665573e-11
q2,2025-05-24,False,5.329070518200751e-12,2.3658991210595558e-11
q2,2025-05-25,False,1.397637561240117e-11,4.3839353480734646e-11
q2,2025-05-26,True,2346.344182103276,5433.767822153787
q2,2025-05-27,False,1.3351098004932282e-11,3.893548949918113e-11
q2,2025-05-28,False,1.7699619547784096e-11,7.133306922924022e-11
q2,2025-05-29,True,358.9479639367949,1815.741985862613
q2,2025-05-30,False,1.0015099860538612e-11,4.527423591582646e-11
q2,2025-05-31,False,4.263256414560601e-12,1.8463794049239367e-11
q2,2025-06-01,True,12065.03478173989,43111.42249068299
q2,2025-06-02,True,8426.759468777522,39459.52967283991
q2,2025-06-03,True,5109.860967352422,24947.141872946493
q2,2025-06-04,True,3771.747454445557,19350.142637115576
q2,2025-06-05,True,4230.088182075576,20001.510230035565
q2,2025-06-06,True,5283.231571442164,25219.094697474688
q2,2025-06-07,True,3848.1399474418777,19807.739061275217
q2,2025-06-08,False,6.714628852932947e-12,2.815679067680321e-11
q2,2025-06-09,False,9.867662242868391e-12,3.899842404564424e-11
q2,2025-06-10,True,36.46610773345759,246.12869580009772
q2,2025-06-11,True,831.9923284908596,4059.8766058433007
q2,2025-06-12,False,1.0373923942097463e-11,4.7914166856344306e-11
q2,2025-06-13,False,5.5351279115711804e-12,1.873255328632695e-11
q2,2025-06-14,False,5.286437954055145e-12,1.7701580645734792e-11
q2,2025-06-15,False,1.1340262062731199e-11,4.704927647480872e-11
q2,2025-06-16,False,8.128608897095546e-12,3.0603573009102545e-11
q2,2025-06-17,False,7.787548383930698e-12,3.34146648128808e-11
q2,2025-06-18,False,4.376943252282217e-12,1.79896915142308e-11
q2,2025-06-19,True,45.36154285715864,304.9429718571957
q2,2025-06-20,False,7.226219622680219e-12,3.041289176053396e-11
q2,2025-06-21,False,4.888534022029489e-12,1.497025436947297e-11
q2,2025-06-22,False,1.0658141036401503e-11,3.8431210214184827e-11
q2,2025-06-23,True,8.838050326173686,61.654239075352756
q2,2025-06-24,True,1442.4561668432136,5764.6568870934825
q2,2025-06-25,True,64.29635829285331,132.22546082928253
q2,2025-06-26,False,9.492850949754938e-12,3.8908765986889197e-11
q2,2025-06-27,False,7.901235221652314e-12,2.6587656520860034e-11
q2,2025-06-28,False,9.308109838457312e-12,3.069840204261709e-11
q2,2025-06-29,False,1.3958612044007168e-11,5.625685162158333e-11
q2,2025-06-30,False,6.925404694158033e-12,2.6100699768161207e-11
q2,2025-07-01,True,139.2299409295822,938.2973903719524
q2,2025-07-02,True,615.5281453253967,2679.44156054779
q2,2025-07-03,True,4135.596145223948,20939.438204792983
q2,2025-07-04,True,3077.4171675684956,12464.386831709817
q2,2025-07-05,True,2636.4827139435965,11091.675375017581
q2,2025-07-06,True,3664.5748325823643,19900.215145879658
q2,2025-07-07,True,5106.290074045734,22812.738921834338
q2,2025-07-08,False,1.4139800441625994e-11,5.90897606400631e-11
q2,2025-07-09,False,5.6274984672199935e-12,2.6773008698910416e-11
q2,2025-07-10,True,5.207719579934377,35.21199593969331
q2,2025-07-11,True,29.435033333341988,111.0740099833674
q2,2025-07-12,True,32.661783333336516,112.666821608347
q2,2025-07-13,False,5.8548721426632255e-12,3.029037287660685e-11
q2,2025-07-14,False,3.090860900556436e-12,1.596547605231535e-11
q2,2025-07-15,False,1.554312234475219e-11,5.612012721201154e-11
q2,2025-07-16,False,7.116085498637403e-12,2.9047576788343577e-11
q2,2025-07-17,False,1.3979928326079971e-11,5.5666442122515034e-11
q2,2025-07-18,False,4.092726157978177e-12,1.5453167634404964e-11
q2,2025-07-19,False,6.59383658785373e-12,2.585358060969156e-11
q2,2025-07-20,False,1.4166001705007147e-11,4.973639189387314e-11
q2,2025-07-21,False,1.2684964190157189e-11,4.677883769232949e-11
q2,2025-07-22,False,8.842704346534447e-12,4.279075227486829e-11
q2,2025-07-23,True,41.859718311472456,282.18698049032633
q2,2025-07-24,False,1.8909318555415666e-11,7.076410923900767e-11
q2,2025-07-25,False,7.73070496506989e-12,2.8436318189051235e-11
q2,2025-07-26,False,3.353761712787673e-12,1.577026864651998e-11
q2,2025-07-27,True,310.5086238095314,1551.6354035226534
q2,2025-07-28,True,975.687158734228,3020.837653683691
q2,2025-07-29,True,2.3602433671959435,16.430990382414443
q2,2025-07-30,False,7.688072400924284e-12,3.1750248652429035e-11
q2,2025-07-31,False,8.597567102697212e-12,3.9527296991082045e-11
q2,2025-08-01,False,4.547473508864641e-12,1.7641184513195187e-11
q2,2025-08-02,False,5.115907697472721e-12,1.9558825670173973e-11
q2,2025-08-03,True,92.60455316762966,624.6517851002528
q2,2025-08-04,False,1.8351542507843988e-11,5.736961128377516e-11
q2,2025-08-05,False,1.0736300737335114e-11,3.420115390895262e-11
q2,2025-08-06,True,198.64527574095973,1002.8291080239545
q2,2025-08-07,False,1.3990586467116373e-11,4.752120474904586e-11
q2,2025-08-08,True,72.64581666667235,292.02119390002923
q2,2025-08-09,False,8.540723683836404e-12,3.5268719500436414e-11
q2,2025-08-10,False,1.8431478565617e-11,6.544004804709401e-11
q2,2025-08-11,True,44.05552541569047,297.1662752808293
q2,2025-08-12,True,457.0451065118987,2837.4806478571045
q2,2025-08-13,True,12.380826110476704,83.46533922371219
q2,2025-08-14,True,63.194116775299946,435.94791635847747
q2,2025-08-15,True,112.86757818554099,453.93784033869974
q2,2025-08-16,False,8.622436098448816e-12,3.3141001054559635e-11
q2,2025-08-17,True,78.89361639596233,531.2426091368144
q2,2025-08-18,True,5.684538926782734,38.44908606797604
q2,2025-08-19,True,21.26249989112666,143.6600805143351
q2,2025-08-20,True,3364.0712310128306,10389.960993051
q2,2025-08-21,False,2.0612844764400506e-11,6.207446467954013e-11
q2,2025-08-22,True,399.5746676208119,2520.133112356428
q2,2025-08-23,True,13.698528753990558,66.8488203194683
q2,2025-08-24,False,1.893951662168547e-11,7.01801532443369e-11
q2,2025-08-25,True,576.8868373212692,2547.160132066051
q2,2025-08-26,False,1.5361933947133366e-11,6.099963911765371e-11
q2,2025-08-27,False,1.304556462855544e-11,5.119862578339962e-11
q2,2025-08-28,True,2569.845889174241,7542.227074458072
q2,2025-08-29,True,236.97680000000474,911.8406626750203
q2,2025-08-30,False,1.247713043994736e-11,5.363850164030737e-11
q2,2025-08-31,True,2.8454166666798812,19.128313541710295
q2,2025-09-01,False,3.552713678800501e-12,1.683247319306247e-11
q2,2025-09-02,False,6.270539643082884e-12,2.4714754687238383e-11
q2,2025-09-03,False,3.282707439211663e-12,1.295507701115639e-11
q2,2025-09-04,False,3.907985046680551e-12,2.1112889214691677e-11
q2,2025-09-05,False,2.7284841053187847e-12,1.0489060287000029e-11
q2,2025-09-06,True,36.09343333333788,136.9828930750199
q2,2025-09-07,False,3.652189661806915e-12,2.2016223510945564e-11
q2,2025-09-08,True,954.5806799966056,6160.579012560353
q2,2025-09-09,True,38.6897608019416,182.01820338515057
q2,2025-09-10,True,2683.984581362313,8985.659580877591
q2,2025-09-11,False,1.5347723092418164e-11,4.880963899722701e-11
q2,2025-09-12,True,111.2209000000077,403.5058958416963
q2,2025-09-13,False,9.208633855450898e-12,3.495725309221598e-11
q2,2025-09-14,False,2.0186519122944446e-11,7.591020967367968e-11
q2,2025-09-15,True,1.1717666666795594,7.8936061500452634
q2,2025-09-16,True,8.238266666689203,55.381747666746655
q2,2025-09-17,False,2.1474377831509628e-11,7.516528555129297e-11
q2,2025-09-18,False,1.992658815730408e-11,6.92401180557578e-11
q2,2025-09-19,False,9.15179043659009e-12,3.136295845251879e-11
q2,2025-09-20,True,262.19041433274293,984.8899269469807
q2,2025-09-21,False,1.2512657576735364e-11,4.850695489722056e-11
q2,2025-09-22,False,1.9245049998062314e-11,6.327939061634424e-11
q2,2025-09-23,False,1.5405454689698672e-11,6.062129331851906e-11
q2,2025-09-24,True,272.3268088938068,1353.9265157560235
q2,2025-09-25,False,1.6363799204555107e-11,4.9969415272244076e-11
q2,2025-09-26,False,9.833911462919787e-12,3.9862925405032005e-11
q2,2025-09-27,True,1026.3651171355928,6482.07220514948
q2,2025-09-28,False,1.8556600700492254e-11,6.422917747661572e-11
q2,2025-09-29,True,15.420190476207281,85.11009079053457
q2,2025-09-30,False,2.3705482021796342e-11,7.543136337773149e-11
q2,2025-10-01,False,1.0082601420435822e-11,3.7731346935743205e-11
q2,2025-10-02,False,1.3102408047416247e-11,4.038483325530251e-11
q2,2025-10-03,False,7.247535904753022e-12,2.8612248570425435e-11
q2,2025-10-04,False,5.336175945558352e-12,2.1665872651510653e-11
q2,2025-10-05,False,8.427036846114788e-12,2.7568177074499546e-11
q2,2025-10-06,False,1.6626700016786344e-11,5.496398713944473e-11
q2,2025-10-07,False,1.2843059948863811e-11,3.7091904658836936e-11
q2,2025-10-08,True,258.8385169422022,1330.77623833688
q2,2025-10-09,False,1.3085532657441945e-11,4.38544507375127e-11
q2,2025-10-10,False,1.1318945780658396e-11,4.176024148705437e-11
q2,2025-10-11,False,1.2533973858808167e-11,4.3174395614187235e-11
q2,2025-10-12,True,4.568480952397717,21.398764781006843
q2,2025-10-13,False,1.5766943306516623e-11,5.57902524178644e-11
q2,2025-10-14,True,283.9421225798227,1669.7175937250258
q2,2025-10-15,True,6.839193296944962,33.75483851704966
q2,2025-10-16,True,1179.020518781684,5637.562369080832
q2,2025-10-17,False,8.86757334228605e-12,2.8747564329023587e-11
q2,2025-10-18,False,1.1937117960769683e-11,4.609816528500232e-11
q2,2025-10-19,True,715.2351609610514,3947.271332623505
q2,2025-10-20,True,548.1332665704058,2633.535852191442
q2,2025-10-21,True,113.29918004960876,232.999763772048
q2,2025-10-22,True,501.76506361444103,2429.2939336126105
q2,2025-10-23,False,1.698352569690087e-11,6.732818469412649e-11
q2,2025-10-24,False,1.0380141191035364e-11,3.880459420457782e-11
q2,2025-10-25,True,123.13999101366738,652.3624841148696
q2,2025-10-26,False,1.7195134205394424e-11,6.036490773908554e-11
q2,2025-10-27,True,0.946748105804275,4.434568127553844
q2,2025-10-28,False,2.1189716647995738e-11,7.860184991770325e-11
q2,2025-10-29,True,652.074424129053,1715.803842198787
q2,2025-10-30,True,1.9113542174921037,8.95278315471599
q2,2025-10-31,False,1.1326051208015997e-11,3.849730489946523e-11
q2,2025-11-01,False,1.1496581464598421e-11,5.002730318892646e-11
q2,2025-11-02,True,45.929422244741176,264.4847179958845
q2,2025-11-03,False,1.765343426995969e-11,5.853703655134268e-11
q2,2025-11-04,True,51.838397599203944,238.1899566857665
q2,2025-11-05,False,2.4069635173873394e-11,8.306014365189185e-11
q2,2025-11-06,True,1195.5612572191133,4986.598975349241
q2,2025-11-07,True,138.12486666667644,746.5238535583702
q2,2025-11-08,False,7.901235221652314e-12,2.8138913421571486e-11
q2,2025-11-09,False,1.963940121640917e-11,6.946295627585641e-11
q2,2025-11-10,True,237.6825946427361,1382.264332059053
q2,2025-11-11,False,1.3109513474773848e-11,4.395541708390738e-11
q2,2025-11-12,False,1.3949508215205242e-11,4.9934715140587116e-11
q2,2025-11-13,True,2.010533333353866,9.417338133410457
q2,2025-11-14,False,1.674038685450796e-11,6.18854443246164e-11
q2,2025-11-15,False,1.127098414599459e-11,3.934586789711148e-11
q2,2025-11-16,False,1.3385736963300587e-11,4.620874038963052e-11
q2,2025-11-17,False,1.6893153542696382e-11,6.230175486621192e-11
q2,2025-11-18,False,2.637889906509372e-11,8.298433229469992e-11
q2,2025-11-19,True,106.06083757550437,222.95064450472574
q2,2025-11-20,False,1.8403056856186595e-11,6.711141509185837e-11
q2,2025-11-21,False,9.038103598868474e-12,3.199721732016769e-11
q2,2025-11-22,False,1.5423218258092675e-11,4.7318233775683894e-11
q2,2025-11-23,False,2.2073010086387512e-11,7.081360564598072e-11
q2,2025-11-24,True,22.519496902714664,105.41508654804312
q2,2025-11-25,False,1.836397700571979e-11,6.70729729534969e-11
q2,2025-11-26,True,11.06265549120538,51.81747832077769
q2,2025-11-27,False,1.823252659960417e-11,5.651468626410861e-11
q2,2025-11-28,True,54.55704513805169,323.1666355371211
q2,2025-11-29,True,282.67066858924187,948.6916992109265
q2,2025-11-30,True,184.82341066891675,718.4616473218513
q2,2025-12-01,True,5179.275597652357,19927.377580243254
q2,2025-12-02,True,7547.012784368896,30404.263189858524
q2,2025-12-03,True,4476.171899996572,15512.917975349797
q2,2025-12-04,True,3442.6096537457433,14060.608810528236
q2,2025-12-05,True,1212.1114496190683,5269.745952253972
q2,2025-12-06,True,2145.661340134367,7923.09536361941
q2,2025-12-07,True,3254.9746186744696,11175.241159618192
q2,2025-12-08,False,1.1993961379630491e-11,4.235775463712343e-11
q2,2025-12-09,False,6.679101716144942e-12,2.8606649493667645e-11
q2,2025-12-10,True,19.048760684198868,89.22439504476866
q2,2025-12-11,False,1.1937117960769683e-11,4.947673915012274e-11
q2,2025-12-12,False,1.0119016735643527e-11,3.0851250887309334e-11
q2,2025-12-13,False,1.262634441445698e-11,3.831519990171728e-11
q2,2025-12-14,False,1.1624479157035239e-11,4.129694275434304e-11
q2,2025-12-15,False,1.8971491044794675e-11,7.198196527724576e-11
q2,2025-12-16,False,1.5091927707544528e-11,5.0658911732170965e-11
q2,2025-12-17,False,8.526512829121202e-12,3.401891035537119e-11
q2,2025-12-18,False,9.919176591210999e-12,3.86481531222671e-11
q2,2025-12-19,False,1.4221956945448255e-11,4.603356229537781e-11
q2,2025-12-20,False,1.3791634501103545e-11,4.273120524089791e-11
q2,2025-12-21,False,6.764366844436154e-12,2.6358861759945287e-11
q2,2025-12-22,False,1.0459189070388675e-11,3.3268008792219913e-11
q2,2025-12-23,False,1.3017142919125035e-11,5.10221127569821e-11
q2,2025-12-24,False,2.0548895918182097e-11,7.195819762273459e-11
q2,2025-12-25,True,142.86492596401766,950.7695347868281
q2,2025-12-26,False,1.3500311979441904e-11,4.472692083368201e-11
q2,2025-12-27,False,8.44124770082999e-12,3.651123847703275e-11
q2,2025-12-28,True,12.194622593807026,71.23488788168008
q2,2025-12-29,False,1.602984411874786e-11,5.750021614403522e-11
q2,2025-12-30,False,9.890754881780595e-12,2.974752533191349e-11
q2,2025-12-31,True,43.748333333342686,93.53393666670247
q3,2025-02-01,False,9.467981954003335e-12,3.4056132136583985e-11
q3,2025-02-02,False,1.4143353155304794e-11,4.189737978776975e-11
q3,2025-02-03,False,2.134470378223341e-11,7.962712089693014e-11
q3,2025-02-04,False,1.482192146795569e-11,5.886639797836323e-11
q3,2025-02-05,False,2.3848922836577913e-11,8.913992055603615e-11
q3,2025-02-06,True,6.968953697102819,40.7091430215899
q3,2025-02-07,False,8.640199666842818e-12,2.75136358141026e-11
q3,2025-02-08,False,1.7131185359176015e-11,5.833966554291692e-11
q3,2025-02-09,False,1.922728642966831e-11,6.647886863220264e-11
q3,2025-02-10,False,1.9689583297122226e-11,6.229294036153021e-11
q3,2025-02-11,True,203.21954636308513,976.451305450342
q3,2025-02-12,True,31.739700803122453,139.00401966725107
q3,2025-02-13,True,30.41361927249679,137.75721891316033
q3,2025-02-14,False,1.404032445861958e-11,4.9971109916668866e-11
q3,2025-02-15,False,9.86233317235019e-12,3.7280031506270464e-11
q3,2025-02-16,True,49.73997630183367,241.56745419455467
q3,2025-02-17,True,82.5785940997572,550.76193618572
q3,2025-02-18,True,8.248333333364709,37.52579250010845
q3,2025-02-19,True,46.99928988829049,205.83339006575417
q3,2025-02-20,True,33.09849407409459,155.0333462430339
q3,2025-02-21,False,9.038103598868474e-12,3.453720864854404e-11
q3,2025-02-22,False,1.0402345651527867e-11,3.760089839488501e-11
q3,2025-02-23,True,16.92155707396041,78.31593110741714
q3,2025-02-24,True,55.26621666668639,250.87786511673357
q3,2025-02-25,True,31.095000000014423,136.18055250004758
q3,2025-02-26,False,1.4349410548675223e-11,5.119250623408788e-11
q3,2025-02-27,False,2.2708945834892802e-11,8.240743198939525e-11
q3,2025-02-28,False,9.72022462519817e-12,3.804478865276906e-11
q3,2025-03-01,False,1.1581846592889633e-11,3.557444472335191e-11
q3,2025-03-02,False,1.6129320101754274e-11,6.144358621895662e-11
q3,2025-03-03,False,2.509636942704674e-11,9.047370141956889e-11
q3,2025-03-04,True,51.26467301714816,252.60863695645457
q3,2025-03-05,True,232.82575793459728,1058.6380141187244
q3,2025-03-06,False,1.8125945189240156e-11,6.185872791775183e-11
q3,2025-03-07,False,9.36717370336737e-12,3.178973306816602e-11
q3,2025-03-08,False,1.0516032489249483e-11,3.6516695445243386e-11
q3,2025-03-09,False,1.240785252321075e-11,4.2399117106128867e-11
q3,2025-03-10,False,2.0189627747413397e-11,7.376083321908311e-11
q3,2025-03-11,False,1.944400196407514e-11,6.841684907499257e-11
q3,2025-03-12,False,1.3908874052503961e-11,4.7031971206479285e-11
q3,2025-03-13,True,99.85558594555773,665.1247642685017
q3,2025-03-14,True,0.7818500000077613,3.361955000028258
q3,2025-03-15,True,13.155165293659387,61.63852698343519
q3,2025-03-16,True,1.6400000000156059,7.4611800000608115
q3,2025-03-17,False,2.1437074337882223e-11,8.195630130103382e-11
q3,2025-03-18,False,2.0339285811132868e-11,7.668952051176348e-11
q3,2025-03-19,False,1.7829095838584053e-11,6.49580617750195e-11
q3,2025-03-20,True,129.91646423642655,628.6365059133072
q3,2025-03-21,False,8.043343768804334e-12,2.7808823688246776e-11
q3,2025-03-22,False,1.0231815394945443e-11,3.5480894666761743e-11
q3,2025-03-23,True,77.77951078070049,534.684891278251
q3,2025-03-24,False,1.3812950783176348e-11,4.781483653459873e-11
q3,2025-03-25,False,1.5994316981959855e-11,5.363492405763282e-11
q3,2025-03-26,False,2.518163455533795e-11,8.037094545443325e-11
q3,2025-03-27,False,1.9539925233402755e-11,6.698885357536711e-11
q3,2025-03-28,False,6.0822458181064576e-12,1.657770098972833e-11
q3,2025-03-29,False,9.762857189343777e-12,3.664425918259439e-11
q3,2025-03-30,False,1.4701129202876473e-11,5.405599523555793e-11
q3,2025-03-31,False,2.0975221559638157e-11,6.958394749290164e-11
q3,2025-04-01,False,1.6186163520615082e-11,5.892747623192918e-11
q3,2025-04-02,False,1.8253842881676974e-11,5.776121270173462e-11
q3,2025-04-03,False,1.574562702444382e-11,4.486585680751887e-11
q3,2025-04-04,False,9.521272659185342e-12,3.457486741353932e-11
q3,2025-04-05,False,1.2946088645549025e-11,4.841590950377395e-11
q3,2025-04-06,True,93.55108330202586,436.36344494330757
q3,2025-04-07,False,1.878674993349705e-11,6.393493379164284e-11
q3,2025-04-08,True,21.55403900750632,100.99144976964801
q3,2025-04-09,False,1.7195134205394424e-11,5.874329644939279e-11
q3,2025-04-10,False,1.6923351608966186e-11,5.849108397626424e-11
q3,2025-04-11,False,8.37019342725398e-12,3.485942912107021e-11
q3,2025-04-12,False,7.952749569994921e-12,3.186634156548962e-11
q3,2025-04-13,False,2.1147528173059982e-11,8.5053408760416e-11
q3,2025-04-14,True,139.34633704806825,848.5861255039752
q3,2025-04-15,False,1.709743457922741e-11,6.592867940469205e-11
q3,2025-04-16,False,1.8452184225026258e-11,6.362669735526794e-11
q3,2025-04-17,False,2.422784195488248e-11,8.43477096501566e-11
q3,2025-04-18,False,9.411138535142527e-12,3.780858115476349e-11
q3,2025-04-19,False,6.195932655828074e-12,2.1023652152507565e-11
q3,2025-04-20,False,1.836264473809024e-11,5.922562951177212e-11
q3,2025-04-21,False,1.3301360013429075e-11,4.5214164856588465e-11
q3,2025-04-22,False,2.2742696614841407e-11,7.785648836744486e-11
q3,2025-04-23,False,2.2465584947894968e-11,8.020505237738007e-11
q3,2025-04-24,False,1.5660361896152608e-11,5.034848982177209e-11
q3,2025-04-25,False,5.3717030823463574e-12,2.2427158796745062e-11
q3,2025-04-26,False,7.30437932361383e-12,2.872675963772054e-11
q3,2025-04-27,True,224.47873829794327,1062.893269764791
q3,2025-04-28,False,2.1302071218087804e-11,7.047678707294835e-11
q3,2025-04-29,False,1.91562321560923e-11,6.291665499702503e-11
q3,2025-04-30,False,2.1103119252074976e-11,7.386401534859033e-11
q3,2025-05-01,True,1162.0411286576827,7068.638544497869
q3,2025-05-02,True,1108.787809289208,6257.971425066449
q3,2025-05-03,True,1073.502860541281,5582.878963626496
q3,2025-05-04,True,859.8062683861014,4993.605988576906
q3,2025-05-05,True,703.6039778141649,4549.488710197319
q3,2025-05-06,True,873.2576865207255,5114.271669431014
q3,2025-05-07,True,911.897077810646,5571.30962311234
q3,2025-05-08,True,6.284290117102168,42.45980617613784
q3,2025-05-09,False,5.8264504332328215e-12,2.7767669052991552e-11
q3,2025-05-10,False,7.204903340607416e-12,2.6117085383248194e-11
q3,2025-05-11,True,3.803747063237468,25.64296082675122
q3,2025-05-12,False,1.5283774246199755e-11,5.859075358216615e-11
q3,2025-05-13,False,1.4789947044846485e-11,5.543732939372603e-11
q3,2025-05-14,False,1.9451107391432743e-11,7.15268573259209e-11
q3,2025-05-15,False,1.858246889696602e-11,7.14924981437548e-11
q3,2025-05-16,True,41.706266666670345,170.26744910001034
q3,2025-05-17,False,6.3806737671257e-12,3.122441682990029e-11
q3,2025-05-18,False,1.7715606759338698e-11,5.5846700597328434e-11
q3,2025-05-19,True,45.47865549367823,306.73079197705476
q3,2025-05-20,False,2.4703794565539283e-11,9.280505075537349e-11
q3,2025-05-21,False,1.666933258093195e-11,5.961376814411778e-11
q3,2025-05-22,False,1.8388846001471393e-11,5.858326801444492e-11
q3,2025-05-23,False,5.144329406903125e-12,2.3091430989552463e-11
q3,2025-05-24,False,5.8975047068088315e-12,2.369898055576413e-11
q3,2025-05-25,False,1.2818190953112207e-11,4.8869637225834594e-11
q3,2025-05-26,False,1.808686533877335e-11,7.166916482503893e-11
q3,2025-05-27,False,1.6217249765304587e-11,4.602071967951815e-11
q3,2025-05-28,False,1.7124079931818414e-11,6.560729559623723e-11
q3,2025-05-29,False,2.1808332917316875e-11,6.868139657001393e-11
q3,2025-05-30,False,7.190692485892214e-12,3.0182413013335466e-11
q3,2025-05-31,False,5.5138116294983774e-12,2.428143375254876e-11
q3,2025-06-01,True,1503.61096865752,7150.5702887690095
q3,2025-06-02,True,1294.5434586182546,6109.698661240566
q3,2025-06-03,True,612.5315367402229,3023.9564035979733
q3,2025-06-04,True,466.031386695361,2120.410846942107
q3,2025-06-05,True,732.5538045235329,3734.4128567127045
q3,2025-06-06,True,967.5362649488391,4678.390931768863
q3,2025-06-07,True,479.73375773530415,2833.963155056737
q3,2025-06-08,False,1.5567991340503795e-11,6.901221283328597e-11
q3,2025-06-09,True,4.571145669665196,30.77752379381797
q3,2025-06-10,True,19.65172298486646,132.77686634718896
q3,2025-06-11,False,1.943423200145844e-11,7.080490949107344e-11
q3,2025-06-12,False,1.2597922705026576e-11,4.900438455024414e-11
q3,2025-06-13,True,13.859816666671557,80.96211905835291
q3,2025-06-14,False,5.8548721426632255e-12,2.1469958255693198e-11
q3,2025-06-15,False,1.6366463739814208e-11,6.311638944822561e-11
q3,2025-06-16,False,1.6196821661651484e-11,5.499746791315374e-11
q3,2025-06-17,False,1.4945378268294007e-11,5.532527413976141e-11
q3,2025-06-18,True,27.916254601661183,188.2217335630824
q3,2025-06-19,True,32.118701919186144,215.91797365168324
q3,2025-06-20,False,5.4853899200679734e-12,1.9255296024311974e-11
q3,2025-06-21,False,3.979039320256561e-12,1.5153176491367048e-11
q3,2025-06-22,False,1.765698698363849e-11,6.253020146118616e-11
q3,2025-06-23,False,1.6548540315852733e-11,6.307264399652013e-11
q3,2025-06-24,False,1.679723027336877e-11,6.353447545848213e-11
q3,2025-06-25,False,2.114486363780088e-11,7.703210513909653e-11
q3,2025-06-26,False,1.404298899387868e-11,5.92685216460609e-11
q3,2025-06-27,False,5.286437954055145e-12,2.7996179596811996e-11
q3,2025-06-28,False,7.58859641791787e-12,2.863806969344296e-11
q3,2025-06-29,False,1.8368195853213365e-11,6.898025139978614e-11
q3,2025-06-30,True,14.782124380856716,99.52804345628411
q3,2025-07-01,True,2005.8393955593822,8143.874140644044
q3,2025-07-02,True,613.1137572662387,3188.723705540315
q3,2025-07-03,True,1278.7005757042218,4362.640721711659
q3,2025-07-04,True,1879.1050090270294,6008.467283308923
q3,2025-07-05,True,2072.3779740277523,6736.94817007064
q3,2025-07-06,True,520.3029839496199,3326.8783613688593
q3,2025-07-07,True,1101.5212258734102,5834.372008925834
q3,2025-07-08,True,8.63734984973594,58.859649694470676
q3,2025-07-09,True,39.26502837118955,264.84261636364283
q3,2025-07-10,False,1.440270125385723e-11,5.09394588732448e-11
q3,2025-07-11,True,29.435033333341647,111.07400998336321
q3,2025-07-12,True,32.66178333333843,112.6668216083543
q3,2025-07-13,False,1.2523315717771766e-11,4.879170134586275e-11
q3,2025-07-14,False,1.1445067116255814e-11,4.3925611592499085e-11
q3,2025-07-15,False,1.886135692075186e-11,6.922129536235389e-11
q3,2025-07-16,True,38.89326581792271,262.7823504987498
q3,2025-07-17,False,1.6608936448392342e-11,6.375902650290755e-11
q3,2025-07-18,False,4.177991286269389e-12,1.9227698544455055e-11
q3,2025-07-19,False,7.673861546209082e-12,3.123744818367413e-11
q3,2025-07-20,False,1.5906831407619393e-11,5.297395500036827e-11
q3,2025-07-21,False,1.4738432696503878e-11,5.3373050867833175e-11
q3,2025-07-22,False,1.6218137943724287e-11,6.333555369053557e-11
q3,2025-07-23,True,51.67747648813791,348.3696984108667
q3,2025-07-24,False,1.6207479802687885e-11,5.512985268296688e-11
q3,2025-07-25,False,5.5990767577895895e-12,2.03711216784086e-11
q3,2025-07-26,False,6.650680006714538e-12,2.1776287439934093e-11
q3,2025-07-27,False,1.7902124227475724e-11,7.019925618578781e-11
q3,2025-07-28,False,1.738076349511175e-11,6.260789708889547e-11
q3,2025-07-29,True,4.9517915594203865,33.48153862895354
q3,2025-07-30,False,1.0305534203780553e-11,4.123756491836161e-11
q3,2025-07-31,False,1.3301360013429075e-11,5.900106003764449e-11
q3,2025-08-01,False,4.1873171596762404e-12,1.760838319597724e-11
q3,2025-08-02,False,7.275957614183426e-12,3.088752009716699e-11
q3,2025-08-03,True,42.93096149469306,289.53711684695645
q3,2025-08-04,False,1.7926993223227328e-11,6.149787523668237e-11
q3,2025-08-05,False,1.9046098032049485e-11,6.077398317927419e-11
q3,2025-08-06,False,1.56035184772918e-11,5.789389234678311e-11
q3,2025-08-07,False,1.4928502878319705e-11,4.8846807487734624e-11
q3,2025-08-08,False,6.480149750132114e-12,3.2116219017552795e-11
q3,2025-08-09,False,6.30961949354969e-12,2.3906579826871164e-11
q3,2025-08-10,False,1.7124079931818414e-11,5.6060358133436244e-11
q3,2025-08-11,True,163.69056009367904,1123.928299974308
q3,2025-08-12,True,165.34583846793603,1017.3605061876225
q3,2025-08-13,True,15.42443494038022,103.98382815049916
q3,2025-08-14,True,65.59998034583357,452.766542250088
q3,2025-08-15,True,82.9557537332008,156.36423522248185
q3,2025-08-16,True,108.01281608991734,742.8930929090792
q3,2025-08-17,True,102.73371119004182,696.6722378011183
q3,2025-08-18,True,18.96496705993148,129.1460841149788
q3,2025-08-19,True,28.39418111627289,191.84528471202862
q3,2025-08-20,True,53.03068197912879,357.5784667205775
q3,2025-08-21,False,2.042455093942408e-11,7.41270120840909e-11
q3,2025-08-22,True,31.663913562127107,197.63305272594408
q3,2025-08-23,False,8.734346579331032e-12,3.008216520328233e-11
q3,2025-08-24,False,1.724487219689763e-11,5.963291016541917e-11
q3,2025-08-25,True,86.83719907557746,585.545353111357
q3,2025-08-26,False,2.5053736862901133e-11,8.567526776914747e-11
q3,2025-08-27,False,1.8772539078781847e-11,7.01968119187768e-11
q3,2025-08-28,True,61.09898659753355,411.5174332628484
q3,2025-08-29,False,4.561684363579843e-12,1.577282660036872e-11
q3,2025-08-30,False,7.844391802791506e-12,3.126876890746644e-11
q3,2025-08-31,True,6.546438547002033,44.00843313214947
q3,2025-09-01,False,9.258371846954105e-12,3.9345934510492955e-11
q3,2025-09-02,False,8.942180329540861e-12,3.6646486734071e-11
q3,2025-09-03,False,1.0174971976084635e-11,4.16446539475146e-11
q3,2025-09-04,False,8.203215884350357e-12,3.3962912482365934e-11
q3,2025-09-05,False,1.4779288903810084e-12,7.1631518494541526e-12
q3,2025-09-06,False,3.865352482534945e-12,1.9616635427155414e-11
q3,2025-09-07,False,9.686473845249566e-12,3.303969897672232e-11
q3,2025-09-08,False,2.5194069053213752e-11,8.864151546106314e-11
q3,2025-09-09,False,2.2247093056648737e-11,7.629294174194001e-11
q3,2025-09-10,False,2.113509367518418e-11,7.598296747346467e-11
q3,2025-09-11,False,1.4352963262354024e-11,5.315814632922411e-11
q3,2025-09-12,True,113.42727462574015,411.93865966124685
q3,2025-09-13,False,1.1713296999005252e-11,4.8557678766769643e-11
q3,2025-09-14,False,2.142996891052462e-11,8.601857359735732e-11
q3,2025-09-15,False,1.5717205315013416e-11,4.720989466022729e-11
q3,2025-09-16,False,2.2815527245256817e-11,8.033858023281938e-11
q3,2025-09-17,False,2.3792523506926955e-11,9.077860241291091e-11
q3,2025-09-18,False,2.248887187583648e-11,8.001838355808921e-11
q3,2025-09-19,False,8.697043085703626e-12,3.2543425732001196e-11
q3,2025-09-20,False,1.1540990385583427e-11,4.1764876890226784e-11
q3,2025-09-21,False,1.9337420553711127e-11,5.841015848773168e-11
q3,2025-09-22,False,2.9597657658086973e-11,1.1127336563276912e-10
q3,2025-09-23,False,1.8263168755083825e-11,7.31436473611069e-11
q3,2025-09-24,False,2.5305091355676268e-11,9.5417410861387e-11
q3,2025-09-25,False,1.901057089526148e-11,6.282819953185026e-11
q3,2025-09-26,False,9.976020010071807e-12,3.802004755470989e-11
q3,2025-09-27,True,136.18404087793814,645.283761833366
q3,2025-09-28,False,2.4041990620560227e-11,8.20280598445855e-11
q3,2025-09-29,True,15.776535000018228,86.77920854006169
q3,2025-09-30,False,1.7189805134876224e-11,6.655109263675741e-11
q3,2025-10-01,False,1.0098144542780574e-11,3.3610257688110323e-11
q3,2025-10-02,False,1.3642420526593924e-11,4.607144887813774e-11
q3,2025-10-03,False,1.1340262062731199e-11,4.010325937997549e-11
q3,2025-10-04,False,8.854250665990548e-12,3.562483641417202e-11
q3,2025-10-05,False,1.3855583347321954e-11,4.7565357874646e-11
q3,2025-10-06,False,2.041744551206648e-11,7.247222555406551e-11
q3,2025-10-07,False,1.0526690630285884e-11,3.804762016557106e-11
q3,2025-10-08,True,136.05136279045183,694.1446011545031
q3,2025-10-09,True,224.67431047407436,1199.5638481039068
q3,2025-10-10,False,9.130474154517287e-12,3.0983354548652644e-11
q3,2025-10-11,False,7.901235221652314e-12,3.022745431735529e-11
q3,2025-10-12,True,242.0938636691369,1602.5420082342355
q3,2025-10-13,False,2.3916868485684972e-11,8.504009940679679e-11
q3,2025-10-14,False,1.4424017535930034e-11,5.170142003407818e-11
q3,2025-10-15,False,1.837369145718526e-11,6.795596479980402e-11
q3,2025-10-16,False,1.7990942069445737e-11,6.41962358827186e-11
q3,2025-10-17,False,9.549694368615746e-12,3.658772129710997e-11
q3,2025-10-18,False,1.2448708730516955e-11,4.57471287518274e-11
q3,2025-10-19,False,1.8690826664169435e-11,6.497305449215674e-11
q3,2025-10-20,False,1.8097523479809752e-11,5.961527094200391e-11
q3,2025-10-21,False,1.98641103565933e-11,6.96510094044811e-11
q3,2025-10-22,False,1.9834800468743197e-11,7.062239149036032e-11
q3,2025-10-23,False,1.7882362257637396e-11,6.249861506102406e-11
q3,2025-10-24,False,1.1602274696542736e-11,4.575805068185446e-11
q3,2025-10-25,True,120.08097152938873,638.9302060543954
q3,2025-10-26,False,1.865174681370263e-11,6.637529992303826e-11
q3,2025-10-27,False,2.5714541607158026e-11,8.60194830920591e-11
q3,2025-10-28,False,1.987815467785481e-11,7.729851528304188e-11
q3,2025-10-29,False,1.8172130467064562e-11,6.625895210277122e-11
q3,2025-10-30,False,1.871214294624224e-11,7.281810532333566e-11
q3,2025-10-31,False,6.920686246303376e-12,2.358872563945624e-11
q3,2025-11-01,False,6.480149750132114e-12,2.3211185862237473e-11
q3,2025-11-02,True,138.19584009289753,897.0711987837147
q3,2025-11-03,False,1.8989254613188677e-11,7.326638140625618e-11
q3,2025-11-04,True,18.314665000016813,85.78589086006023
q3,2025-11-05,True,37.6744625701531,184.71945379998485
q3,2025-11-06,False,1.9610979506978765e-11,6.840377864136825e-11
q3,2025-11-07,False,1.1311840353300795e-11,4.554564725367527e-11
q3,2025-11-08,False,1.0516032489249483e-11,3.34166259108315e-11
q3,2025-11-09,False,1.852207276442641e-11,6.971442712000453e-11
q3,2025-11-10,True,85.03033484520057,361.9547032321892
q3,2025-11-11,False,1.5209167258944944e-11,5.804437996914658e-11
q3,2025-11-12,False,1.7328138923744518e-11,6.056645596164146e-11
q3,2025-11-13,True,247.4104381991268,969.8432668187675
q3,2025-11-14,False,1.6399326341343112e-11,6.711027822348114e-11
q3,2025-11-15,False,1.836042429204099e-11,6.209731395756535e-11
q3,2025-11-16,False,1.859046250274332e-11,7.353764930329021e-11
q3,2025-11-17,False,1.9682033780554775e-11,7.050673289654697e-11
q3,2025-11-18,False,2.3302249019252486e-11,7.818422886884945e-11
q3,2025-11-19,True,1.3850000000217007,6.301057500085977
q3,2025-11-20,False,1.7756462966644904e-11,6.190349921553207e-11
q3,2025-11-21,False,1.6694201576683554e-11,5.668592883978363e-11
q3,2025-11-22,False,1.3433698597964394e-11,4.3043296038547396e-11
q3,2025-11-23,False,1.9897417047332056e-11,6.193651791441823e-11
q3,2025-11-24,True,12.62082173041447,59.11592898522822
q3,2025-11-25,False,2.1756818568974268e-11,8.409876528503446e-11
q3,2025-11-26,True,1.2156160515570988,5.6939455854767385
q3,2025-11-27,False,1.9944046414366312e-11,6.531355767336322e-11
q3,2025-11-28,False,1.7054802015081805e-11,5.93901381407136e-11
q3,2025-11-29,False,1.4252821145532835e-11,5.0932242312562435e-11
q3,2025-11-30,False,2.4241941787295218e-11,8.17472196601443e-11
q3,2025-12-01,True,2694.5758378477776,10470.941409339011
q3,2025-12-02,True,2632.679450051481,10284.315761753058
q3,2025-12-03,True,588.7708464916534,1625.022792788781
q3,2025-12-04,True,2199.648204901961,8426.054589783278
q3,2025-12-05,True,583.1539553712051,2903.80634234871
q3,2025-12-06,False,1.573674524024682e-11,5.53772885325543e-11
q3,2025-12-07,True,1854.8484349323114,6986.6129585387225
q3,2025-12-08,False,1.3812950783176348e-11,5.2473410505626814e-11
q3,2025-12-09,False,1.4644285784015665e-11,5.850055728728875e-11
q3,2025-12-10,False,1.8744117369351443e-11,6.334001056984562e-11
q3,2025-12-11,False,2.120259523508139e-11,7.975740601295911e-11
q3,2025-12-12,False,1.312105979422995e-11,4.702833544811824e-11
q3,2025-12-13,False,1.2926548720315623e-11,4.149551546817065e-11
q3,2025-12-14,False,1.425348727934761e-11,4.569984923818993e-11
q3,2025-12-15,False,2.354738626308972e-11,8.864382294859752e-11
q3,2025-12-16,False,1.91420213013771e-11,6.641420924324847e-11
q3,2025-12-17,False,2.2566837287740782e-11,9.205031403780595e-11
q3,2025-12-18,False,2.0321522242738865e-11,7.644685240393302e-11
q3,2025-12-19,False,1.815436689867056e-11,6.410227015862802e-11
q3,2025-12-20,False,1.963584850273037e-11,6.610522262917584e-11
q3,2025-12-21,True,16.11087988386994,98.48580873006587
q3,2025-12-22,True,114.73617734255937,538.7506774444748
q3,2025-12-23,False,2.8322233447397593e-11,9.998259997701099e-11
q3,2025-12-24,True,59.90936143530641,395.44223934156804
q3,2025-12-25,True,147.87725526397273,983.8179141638542
q3,2025-12-26,False,1.77333703277327e-11,6.68254838132043e-11
q3,2025-12-27,False,2.1175061704070686e-11,8.080043389924185e-11
q3,2025-12-28,False,2.2097879082139116e-11,8.415027252794971e-11
q3,2025-12-29,False,1.6427748050773516e-11,5.7287110166726055e-11
q3,2025-12-30,True,3.612766587874475,21.103976023035777
q3,2025-12-31,True,43.74833333334982,93.5339366667377
q4_2,2025-02-01,False,6.252776074688882e-12,2.4889658334359413e-11
q4_2,2025-02-02,False,1.043076736095827e-11,4.0281761926053153e-11
q4_2,2025-02-03,False,1.461586407458526e-11,6.024280807537253e-11
q4_2,2025-02-04,False,1.2292389328649733e-11,5.436231020894411e-11
q4_2,2025-02-05,False,1.2264633753034104e-11,5.4849561892389433e-11
q4_2,2025-02-06,True,10.33713715796074,74.78918733782079
q4_2,2025-02-07,False,5.215383680479135e-12,1.7924016049164494e-11
q4_2,2025-02-08,False,1.4864554032101296e-11,3.8718667383363934e-11
q4_2,2025-02-09,True,853.2281337022052,3429.568938810799
q4_2,2025-02-10,False,1.057287590811029e-11,3.5669472708832474e-11
q4_2,2025-02-11,True,57.55417684119918,269.6023467426228
q4_2,2025-02-12,False,1.2860823517257813e-11,5.6191858277543363e-11
q4_2,2025-02-13,False,1.361399881716352e-11,4.903606054540432e-11
q4_2,2025-02-14,False,1.949729266925715e-11,5.7722843394003576e-11
q4_2,2025-02-15,False,1.3415046851150692e-11,3.8785941569585705e-11
q4_2,2025-02-16,True,35.63052036644028,230.13569538996757
q4_2,2025-02-17,False,1.5660361896152608e-11,5.804569980227825e-11
q4_2,2025-02-18,False,1.6651569012537948e-11,6.363597648828544e-11
q4_2,2025-02-19,True,176.889655851079,886.8638549439625
q4_2,2025-02-20,True,16.556753789516264,92.89166713606107
q4_2,2025-02-21,False,1.1311840353300795e-11,3.0044361665204636e-11
q4_2,2025-02-22,False,1.1766587704187259e-11,3.743022602975543e-11
q4_2,2025-02-23,True,7.753445238120722,40.0853118810462
q4_2,2025-02-24,True,24.23309928291522,123.81902078603959
q4_2,2025-02-25,True,4.01891984323683,20.62509663548094
q4_2,2025-02-26,False,1.3589129821411916e-11,5.3622631668304166e-11
q4_2,2025-02-27,True,6.28828707067332,31.595498386579376
q4_2,2025-02-28,True,18.653383333344173,90.45958247503482
q4_2,2025-03-01,True,16.44333333334399,78.36070500002847
q4_2,2025-03-02,True,3662.4219519517524,18443.671038225497
q4_2,2025-03-03,True,2741.6787838904825,12061.937247194828
q4_2,2025-03-04,False,1.6433077121291717e-11,6.444814548700605e-11
q4_2,2025-03-05,False,1.2875034371973015e-11,5.4713567010367115e-11
q4_2,2025-03-06,False,1.4487966382148443e-11,6.176432165716506e-11
q4_2,2025-03-07,False,1.2612133559741778e-11,3.5702598211173605e-11
q4_2,2025-03-08,False,9.393374966748524e-12,3.170804774299541e-11
q4_2,2025-03-09,False,1.6541434888495132e-11,5.839143302210914e-11
q4_2,2025-03-10,True,255.15473545692714,784.3223846250754
q4_2,2025-03-11,True,43.48213940686018,272.8369192760406
q4_2,2025-03-12,False,1.6693757487473704e-11,5.824270421506128e-11
q4_2,2025-03-13,True,1865.2110071548973,6929.308035990159
q4_2,2025-03-14,False,8.043343768804334e-12,2.6077557890857862e-11
q4_2,2025-03-15,True,30.469557281520224,126.70933030614619
q4_2,2025-03-16,True,1.6400000000191515,8.081100000073741
q4_2,2025-03-17,False,1.362110424452112e-11,4.889770366389712e-11
q4_2,2025-03-18,True,286.9032972545025,1047.1796807992434
q4_2,2025-03-19,False,9.814173779210122e-12,4.023116157055029e-11
q4_2,2025-03-20,True,222.76905780407776,1003.9834275447525
q4_2,2025-03-21,True,79.1014282045759,218.12988955611902
q4_2,2025-03-22,False,5.6274984672199935e-12,1.608259481145069e-11
q4_2,2025-03-23,False,1.3670842236024328e-11,4.3394777549110585e-11
q4_2,2025-03-24,False,1.6221690657403087e-11,6.441704769599709e-11
q4_2,2025-03-25,True,146.85256063107187,343.8560991620796
q4_2,2025-03-26,False,1.531219595563016e-11,5.358127097565557e-11
q4_2,2025-03-27,False,1.6363799204555107e-11,6.740941671523614e-11
q4_2,2025-03-28,True,60.336883333341426,217.75581195001746
q4_2,2025-03-29,False,1.3656631381309126e-11,4.184443014310091e-11
q4_2,2025-03-30,False,1.7859491663330118e-11,6.089421766830582e-11
q4_2,2025-03-31,False,1.4573231510439655e-11,5.596407959274074e-11
q4_2,2025-04-01,True,932.9997916342006,3329.558657556913
q4_2,2025-04-02,True,2247.4689265341226,8730.34492136625
q4_2,2025-04-03,False,1.1005418798504252e-11,4.23734562993161e-11
q4_2,2025-04-04,True,28.20725000000573,31.958814250021835
q4_2,2025-04-05,False,9.78417347141658e-12,2.7631440246977943e-11
q4_2,2025-04-06,False,1.4917844737283303e-11,5.019412974149873e-11
q4_2,2025-04-07,False,1.6427748050773516e-11,5.5237364904314744e-11
q4_2,2025-04-08,True,10.555107447795057,47.793526523599866
q4_2,2025-04-09,True,379.0300884554989,1486.1587170747557
q4_2,2025-04-10,False,1.8687273950490635e-11,6.60193606449866e-11
q4_2,2025-04-11,False,4.263256414560601e-12,1.0720299314925797e-11
q4_2,2025-04-12,False,6.991740519879386e-12,1.9753088054130785e-11
q4_2,2025-04-13,False,1.4873435816298297e-11,5.7563735111898496e-11
q4_2,2025-04-14,True,23.50865823619916,142.38018860750256
q4_2,2025-04-15,False,1.2853718089900212e-11,5.493540911061245e-11
q4_2,2025-04-16,False,1.4757361999073737e-11,5.135904074249353e-11
q4_2,2025-04-17,False,1.5124901331375895e-11,5.6617144306159164e-11
q4_2,2025-04-18,False,8.924416761146858e-12,2.830381617968669e-11
q4_2,2025-04-19,False,8.668621376273222e-12,2.0488087670855748e-11
q4_2,2025-04-20,False,1.446887054612489e-11,4.550266408109849e-11
q4_2,2025-04-21,False,1.1510792319313623e-11,3.8866105001034155e-11
q4_2,2025-04-22,False,1.9097612380392093e-11,7.140430380303542e-11
q4_2,2025-04-23,False,1.851585551548851e-11,6.530832408202514e-11
q4_2,2025-04-24,False,1.1965539670200087e-11,4.8854275291887466e-11
q4_2,2025-04-25,False,5.7411853049416095e-12,2.145512212337053e-11
q4_2,2025-04-26,True,561.5457597199761,2696.454165025176
q4_2,2025-04-27,True,707.1713971687587,3707.2860817761393
q4_2,2025-04-28,True,5851.822517290168,17606.65189408144
q4_2,2025-04-29,True,90.20352364489462,581.7909356024544
q4_2,2025-04-30,False,1.127631321651279e-11,4.100442652088532e-11
q4_2,2025-05-01,True,2325.2712475945777,11337.47163920978
q4_2,2025-05-02,True,2589.731334759232,10282.043595700465
q4_2,2025-05-03,True,893.9873167642065,4218.342305185638
q4_2,2025-05-04,True,1085.9303717951123,6304.796777664822
q4_2,2025-05-05,True,1352.4607454578074,7674.653207236057
q4_2,2025-05-06,True,2165.886733989727,11968.092225316885
q4_2,2025-05-07,True,1891.9359672331889,11654.217838122027
q4_2,2025-05-08,False,1.4157564010019996e-11,4.4630828810454664e-11
q4_2,2025-05-09,False,4.320099833421409e-12,1.815521954995347e-11
q4_2,2025-05-10,True,10.631900000008494,32.6984084500245
q4_2,2025-05-11,True,41.180716666683225,272.2482771667212
q4_2,2025-05-12,False,1.56035184772918e-11,5.163430216725829e-11
q4_2,2025-05-13,False,6.764366844436154e-12,2.6556776333563904e-11
q4_2,2025-05-14,False,7.94386778579792e-12,2.5686880178454885e-11
q4_2,2025-05-15,False,1.5278445175681554e-11,5.639440914251282e-11
q4_2,2025-05-16,False,7.105427357601002e-12,2.619836436679179e-11
q4_2,2025-05-17,False,9.72022462519817e-12,2.956787170660391e-11
q4_2,2025-05-18,False,1.77227121866963e-11,5.954792481333015e-11
q4_2,2025-05-19,False,9.589662397502252e-12,3.7608272940303776e-11
q4_2,2025-05-20,True,660.9343727486026,2751.8417878869554
q4_2,2025-05-21,False,1.4068746168049984e-11,4.8786994000238335e-11
q4_2,2025-05-22,False,5.9969806898152456e-12,2.2995322979113553e-11
q4_2,2025-05-23,False,6.107114813858061e-12,2.3257708647861363e-11
q4_2,2025-05-24,False,5.8975047068088315e-12,2.219468342445907e-11
q4_2,2025-05-25,False,1.3983481039758772e-11,4.9988983619186915e-11
q4_2,2025-05-26,True,1478.2752361596329,3912.4399774682797
q4_2,2025-05-27,False,1.127631321651279e-11,4.180336432568766e-11
q4_2,2025-05-28,False,1.7390533457728452e-11,6.79837555139784e-11
q4_2,2025-05-29,True,252.588188207019,962.7520689141163
q4_2,2025-05-30,False,8.352429858859978e-12,2.834545931307275e-11
q4_2,2025-05-31,False,3.183231456205249e-12,8.490303571306867e-12
q4_2,2025-06-01,True,12198.322823574152,51236.28099441784
q4_2,2025-06-02,True,9070.400368563429,44009.44096932634
q4_2,2025-06-03,True,1974.899094301588,12046.810295138914
q4_2,2025-06-04,True,2125.9500805122443,12443.126629381606
q4_2,2025-06-05,True,3956.141092028418,19374.21661246626
q4_2,2025-06-06,True,5952.300637895463,22880.7842499349
q4_2,2025-06-07,True,3534.530639678363,15960.598729441466
q4_2,2025-06-08,False,8.15703060652595e-12,3.63595660246574e-11
q4_2,2025-06-09,False,1.0038192499450815e-11,4.6023876265621765e-11
q4_2,2025-06-10,False,9.748646334628575e-12,4.341812598340766e-11
q4_2,2025-06-11,True,562.2039065400237,2725.69860973367
q4_2,2025-06-12,False,1.0857093002414331e-11,4.9917101563323743e-11
q4_2,2025-06-13,False,4.82103246213228e-12,1.7558837051012687e-11
q4_2,2025-06-14,False,2.2453150450019166e-12,8.732840228731222e-12
q4_2,2025-06-15,False,1.1439738045737613e-11,4.659071350943122e-11
q4_2,2025-06-16,False,8.640199666842818e-12,3.9651510519433946e-11
q4_2,2025-06-17,False,4.206412995699793e-12,2.0322289628893484e-11
q4_2,2025-06-18,False,7.275957614183426e-12,3.434763584664324e-11
q4_2,2025-06-19,True,45.36154285715483,318.66483857147205
q4_2,2025-06-20,False,6.338041202980094e-12,2.280100375173788e-11
q4_2,2025-06-21,False,4.156675004196586e-12,1.984427200341088e-11
q4_2,2025-06-22,False,8.895995051716454e-12,3.699614126162487e-11
q4_2,2025-06-23,True,10.841977958161152,76.01852845360945
q4_2,2025-06-24,True,861.8081638355069,3095.9163666814657
q4_2,2025-06-25,False,1.467181931502637e-11,5.96179074996428e-11
q4_2,2025-06-26,False,8.01492205937393e-12,3.7409563446999527e-11
q4_2,2025-06-27,False,4.405364961712621e-12,1.6261381574622645e-11
q4_2,2025-06-28,True,22.908833333340866,65.15985294169707
q4_2,2025-06-29,False,1.2617462630259979e-11,5.1711756654526655e-11
q4_2,2025-06-30,False,6.939615548873235e-12,3.5703550255172796e-11
q4_2,2025-07-01,True,31.658995699820267,258.8551912881164
q4_2,2025-07-02,True,173.64452282502208,1200.9200287762942
q4_2,2025-07-03,True,3638.0039617208427,22825.33081133114
q4_2,2025-07-04,True,2800.0840973180757,11147.782878726832
q4_2,2025-07-05,True,2526.5759172751427,10848.427263035825
q4_2,2025-07-06,True,3254.3294106944873,23906.9462539826
q4_2,2025-07-07,True,5317.898580060144,28841.801526256277
q4_2,2025-07-08,False,1.06439301816863e-11,5.660696444920177e-11
q4_2,2025-07-09,False,8.000711204658728e-12,4.065528713681488e-11
q4_2,2025-07-10,False,8.313350008393172e-12,3.673874005016842e-11
q4_2,2025-07-11,True,29.435033333340282,92.74538535002667
q4_2,2025-07-12,True,32.66178333333754,95.43773090001926
q4_2,2025-07-13,False,6.551204023708124e-12,2.4846201540640322e-11
q4_2,2025-07-14,False,7.013056801952189e-12,4.093170247188027e-11
q4_2,2025-07-15,False,1.3802292642139946e-11,6.020989218313844e-11
q4_2,2025-07-16,False,6.650680006714538e-12,3.1667951816416465e-11
q4_2,2025-07-17,False,9.14823772291129e-12,4.806710585114615e-11
q4_2,2025-07-18,False,2.5011104298755527e-12,1.109202685256605e-11
q4_2,2025-07-19,False,4.547473508864641e-12,1.9537992557161488e-11
q4_2,2025-07-20,False,1.1977530078866039e-11,5.740355368821781e-11
q4_2,2025-07-21,False,1.333155807969888e-11,6.29201517554634e-11
q4_2,2025-07-22,False,9.652723065300961e-12,5.115425594226508e-11
q4_2,2025-07-23,True,40.74603735908984,349.41911236708097
q4_2,2025-07-24,False,1.5200285474747943e-11,7.233858134725323e-11
q4_2,2025-07-25,False,4.718003765447065e-12,1.6847423012222864e-11
q4_2,2025-07-26,False,3.126388037344441e-12,1.4493934941128825e-11
q4_2,2025-07-27,False,6.0467186813184526e-12,3.336858434010992e-11
q4_2,2025-07-28,True,335.24839413400605,1757.2920263343742
q4_2,2025-07-29,True,3.8228704319464777,32.79199371105065
q4_2,2025-07-30,False,1.1020517831639154e-11,5.2978979425688527e-11
q4_2,2025-07-31,False,1.013944483929663e-11,5.62457138642003e-11
q4_2,2025-08-01,False,3.865352482534945e-12,1.8591663319966758e-11
q4_2,2025-08-02,False,6.252776074688882e-12,2.5601309516787298e-11
q4_2,2025-08-03,True,88.71574851832514,736.9000444118419
q4_2,2025-08-04,False,7.190692485892214e-12,3.100299750258273e-11
q4_2,2025-08-05,False,9.137579581874888e-12,4.204612480407377e-11
q4_2,2025-08-06,True,178.38068656088592,1083.6872608250949
q4_2,2025-08-07,False,9.443112958251731e-12,4.076417781107012e-11
q4_2,2025-08-08,True,72.64581666667434,204.8568668917048
q4_2,2025-08-09,True,74.13036404788906,273.8078307776531
q4_2,2025-08-10,False,1.7109869077103212e-11,6.481876368980011e-11
q4_2,2025-08-11,True,12.94703555935395,107.81490796436914
q4_2,2025-08-12,True,422.7558578991185,3081.0150144248373
q4_2,2025-08-13,True,11.708333333345507,96.27177083338906
q4_2,2025-08-14,True,63.083469314276655,540.1583323468121
q4_2,2025-08-15,True,113.79105138192384,311.58175459235315
q4_2,2025-08-16,False,9.07718344933528e-12,3.209220800215462e-11
q4_2,2025-08-17,True,78.79098784890162,657.4052636475523
q4_2,2025-08-18,True,11.28332753930634,95.46616259045204
q4_2,2025-08-19,True,21.10973022527287,177.5011665991561
q4_2,2025-08-20,True,2984.101457884861,10396.550174416981
q4_2,2025-08-21,False,1.4559020655724453e-11,6.201294056040752e-11
q4_2,2025-08-22,True,396.48774760425664,2178.7997376966487
q4_2,2025-08-23,True,77.74178960005239,285.7554281671302
q4_2,2025-08-24,False,1.680788841440517e-11,7.399522239381894e-11
q4_2,2025-08-25,True,517.4605787116573,2629.103074019223
q4_2,2025-08-26,True,23.31033444679194,165.74813308389113
q4_2,2025-08-27,False,9.421796676178928e-12,4.404883569009144e-11
q4_2,2025-08-28,True,2136.133822037545,5883.5022007171665
q4_2,2025-08-29,True,236.97680000000463,719.6235544000195
q4_2,2025-08-30,True,50.922370386841195,106.32590936775622
q4_2,2025-08-31,False,1.1176837233506376e-11,3.7456487689269126e-11
q4_2,2025-09-01,False,2.0463630789890885e-12,8.03562727469398e-12
q4_2,2025-09-02,False,5.929479129918036e-12,2.659606046506724e-11
q4_2,2025-09-03,False,5.314859663485549e-12,2.299414347817219e-11
q4_2,2025-09-04,False,5.7553961596568115e-12,2.7327615725880605e-11
q4_2,2025-09-05,False,1.7621459846850485e-12,6.962125098652904e-12
q4_2,2025-09-06,True,36.0934333333364,101.97267780001134
q4_2,2025-09-07,False,2.5579538487363607e-12,9.637659559302848e-12
q4_2,2025-09-08,True,795.4564450009525,5117.968310041825
q4_2,2025-09-09,True,89.38872705554054,554.2755581533609
q4_2,2025-09-10,True,2440.41255825892,9598.788850933684
q4_2,2025-09-11,False,1.5234036254696548e-11,5.054793916769995e-11
q4_2,2025-09-12,True,111.22090000000773,321.21387831668835
q4_2,2025-09-13,False,1.0800249583553523e-11,3.3253627407248127e-11
q4_2,2025-09-14,False,2.119548980772379e-11,7.317051853306111e-11
q4_2,2025-09-15,True,1.171766666675353,7.876615533364554
q4_2,2025-09-16,False,2.255617914670438e-11,7.947844515854286e-11
q4_2,2025-09-17,False,1.3232082096692466e-11,4.828791944078148e-11
q4_2,2025-09-18,False,1.495278900698338e-11,5.492697657816236e-11
q4_2,2025-09-19,False,8.753886504564434e-12,2.681727551134827e-11
q4_2,2025-09-20,True,248.18629285504437,734.7286724933891
q4_2,2025-09-21,True,8.44500000001657,58.02559500004994
q4_2,2025-09-22,False,2.0509816067715292e-11,7.637187415809876e-11
q4_2,2025-09-23,False,1.190958442975898e-11,4.421254118369688e-11
q4_2,2025-09-24,True,159.42577638616442,791.9224882263214
q4_2,2025-09-25,False,1.482902689531329e-11,5.183018814136631e-11
q4_2,2025-09-26,False,9.094947017729282e-12,2.974570634250995e-11
q4_2,2025-09-27,True,1008.8361891314696,5163.017217401572
q4_2,2025-09-28,False,1.584232744988867e-11,5.716287310164603e-11
q4_2,2025-09-29,True,16.105114476909748,91.67569350764902
q4_2,2025-09-30,False,1.5662138252992008e-11,5.332122565704367e-11
q4_2,2025-10-01,False,1.539746108392137e-11,5.414895554167743e-11
q4_2,2025-10-02,False,9.634959496906959e-12,3.6257148394724935e-11
q4_2,2025-10-03,False,7.617018127348274e-12,2.5009512683027423e-11
q4_2,2025-10-04,False,6.245670647331281e-12,1.8066007356765112e-11
q4_2,2025-10-05,False,1.581668129801983e-11,6.115511297366538e-11
q4_2,2025-10-06,False,1.3955059330328368e-11,5.528004543009501e-11
q4_2,2025-10-07,False,9.162448577626492e-12,3.8859644391209264e-11
q4_2,2025-10-08,True,402.76817929564277,1762.5732914378066
q4_2,2025-10-09,False,1.1749712314212957e-11,4.528865904518397e-11
q4_2,2025-10-10,False,8.732570222491631e-12,2.5237870460159683e-11
q4_2,2025-10-11,False,1.1368683772161603e-11,3.289832761765865e-11
q4_2,2025-10-12,True,13.292912856910188,66.7636548237984
q4_2,2025-10-13,False,1.5482726212212583e-11,5.758770171837569e-11
q4_2,2025-10-14,True,318.2708104885586,1782.0503653516307
q4_2,2025-10-15,True,3.815872612530689,17.892626680138356
q4_2,2025-10-16,True,1151.2437618645602,5951.935741043167
q4_2,2025-10-17,False,6.764366844436154e-12,1.93228117950639e-11
q4_2,2025-10-18,False,1.1766587704187259e-11,3.487403432700376e-11
q4_2,2025-10-19,True,680.3435494567656,3949.4463245306533
q4_2,2025-10-20,True,562.868947930434,2990.518529772618
q4_2,2025-10-21,False,2.036237845004507e-11,7.884140362790503e-11
q4_2,2025-10-22,True,480.37284905416186,2499.7409601578474
q4_2,2025-10-23,False,1.2931877790833823e-11,5.183109408335441e-11
q4_2,2025-10-24,False,1.0152767515592132e-11,3.165812900718379e-11
q4_2,2025-10-25,True,89.04260480020929,355.5397255727602
q4_2,2025-10-26,False,1.4146905868983595e-11,4.932777386557063e-11
q4_2,2025-10-27,True,0.108854761924988,0.5714875000828346
q4_2,2025-10-28,False,2.1076029810274122e-11,8.388480576826395e-11
q4_2,2025-10-29,True,725.6291787662886,2214.8808846472775
q4_2,2025-10-30,False,1.1610268302320037e-11,4.2265064337243526e-11
q4_2,2025-10-31,False,7.688072400924284e-12,2.4502107009993777e-11
q4_2,2025-11-01,False,1.5305090528272558e-11,5.0414456609360063e-11
q4_2,2025-11-02,False,1.2114753644709708e-11,4.408477849437986e-11
q4_2,2025-11-03,False,1.5628387473043404e-11,5.166013217206e-11
q4_2,2025-11-04,True,42.27177943608792,199.84519695479128
q4_2,2025-11-05,False,1.645261704652512e-11,5.906773026254086e-11
q4_2,2025-11-06,True,1255.5320104096347,5956.019583980866
q4_2,2025-11-07,True,138.1248666666773,681.5447493333654
q4_2,2025-11-08,False,9.322320693172514e-12,2.4869706294339266e-11
q4_2,2025-11-09,False,1.900701818158268e-11,7.781707367371383e-11
q4_2,2025-11-10,True,241.6378411061506,1353.1942853290673
q4_2,2025-11-11,False,1.4054535313334782e-11,5.811157599566741e-11
q4_2,2025-11-12,True,8.029082862217859,41.31364586753004
q4_2,2025-11-13,True,2.010533333346668,10.126051133391535
q4_2,2025-11-14,False,1.2164491636212915e-11,4.123648977838456e-11
q4_2,2025-11-15,False,7.689848757763684e-12,2.6568283573169534e-11
q4_2,2025-11-16,False,1.8526513656524912e-11,8.593775557841356e-11
q4_2,2025-11-17,False,1.539746108392137e-11,6.016807319042528e-11
q4_2,2025-11-18,False,2.1159962670935784e-11,8.789582750523551e-11
q4_2,2025-11-19,True,97.57134730714097,229.9232795308704
q4_2,2025-11-20,False,1.8459900275047403e-11,7.684186442702411e-11
q4_2,2025-11-21,False,1.1652900866465643e-11,3.3241860819543946e-11
q4_2,2025-11-22,False,1.2960299500264227e-11,3.637754275587213e-11
q4_2,2025-11-23,False,1.532463045350596e-11,6.171074851124559e-11
q4_2,2025-11-24,False,9.451994742448733e-12,3.67824712910192e-11
q4_2,2025-11-25,False,1.6136425529111875e-11,6.609883484998135e-11
q4_2,2025-11-26,False,1.461586407458526e-11,6.619460535262078e-11
q4_2,2025-11-27,False,1.716671249596402e-11,7.446186600645888e-11
q4_2,2025-11-28,True,27.41184808790324,124.75495160914076
q4_2,2025-11-29,True,121.91349532790248,387.8228803758518
q4_2,2025-11-30,True,124.9199155038465,682.1585144278379
q4_2,2025-12-01,True,5090.270145680981,25836.187169626268
q4_2,2025-12-02,True,7351.032857250499,38976.84739005916
q4_2,2025-12-03,True,4390.471567274153,19635.582475150528
q4_2,2025-12-04,True,3226.16979417961,17106.667598990058
q4_2,2025-12-05,True,1194.369685365805,5519.946782465981
q4_2,2025-12-06,True,1616.353215242957,7037.205832933558
q4_2,2025-12-07,True,3279.4816069040844,13984.430891545797
q4_2,2025-12-08,False,9.549694368615746e-12,3.316421270938008e-11
q4_2,2025-12-09,False,1.028865881380625e-11,4.862894797952321e-11
q4_2,2025-12-10,False,1.1169731806148775e-11,4.6905029194022065e-11
q4_2,2025-12-11,False,1.4154011296341196e-11,6.451381295846659e-11
q4_2,2025-12-12,False,6.139977415386966e-12,2.0089184094018718e-11
q4_2,2025-12-13,False,8.419931418757187e-12,2.788862119018631e-11
q4_2,2025-12-14,False,6.792788553866558e-12,3.481292765172839e-11
q4_2,2025-12-15,False,1.899991275422508e-11,8.692752828665106e-11
q4_2,2025-12-16,False,8.611777957412414e-12,3.93327042047531e-11
q4_2,2025-12-17,False,4.774847184307873e-12,2.4504515749868007e-11
q4_2,2025-12-18,False,5.6843418860808015e-12,3.0172287779350884e-11
q4_2,2025-12-19,False,1.0857093002414331e-11,3.257984815263626e-11
q4_2,2025-12-20,False,1.2050804798491299e-11,4.0658932221049326e-11
q4_2,2025-12-21,False,5.002220859751105e-12,2.148539124391391e-11
q4_2,2025-12-22,False,1.0118128557223827e-11,3.613786248024553e-11
q4_2,2025-12-23,False,1.233502189279534e-11,5.846541739629174e-11
q4_2,2025-12-24,False,1.3244516594568267e-11,5.4022251561036684e-11
q4_2,2025-12-25,True,113.17092183640091,868.9887024902381
q4_2,2025-12-26,False,6.444622613344109e-12,2.5625588762068217e-11
q4_2,2025-12-27,False,7.30437932361383e-12,3.1910332154438944e-11
q4_2,2025-12-28,True,11.84082693440945,89.36272087393901
q4_2,2025-12-29,False,9.237055564881302e-12,4.143591070260299e-11
q4_2,2025-12-30,False,8.86757334228605e-12,2.917613528552465e-11
q4_2,2025-12-31,True,37.415000000005705,86.42865000002779
q4_3,2025-02-01,False,7.691625114603085e-12,2.705911406053474e-11
q4_3,2025-02-02,False,1.1105782959930366e-11,4.190064117892689e-11
q4_3,2025-02-03,False,1.758593271006248e-11,7.972836257863492e-11
q4_3,2025-02-04,False,1.375610736431554e-11,6.392637885710428e-11
q4_3,2025-02-05,False,1.9974688569845966e-11,1.015470068033153e-10
q4_3,2025-02-06,True,6.968953697104036,50.420379998491484
q4_3,2025-02-07,True,82.41569127925078,317.8938902896183
q4_3,2025-02-08,False,1.525535253676935e-11,3.980654739166312e-11
q4_3,2025-02-09,False,1.737987531669205e-11,6.818342512815434e-11
q4_3,2025-02-10,False,1.3943068921662416e-11,4.438625356151249e-11
q4_3,2025-02-11,True,457.8429983253967,2421.658195757228
q4_3,2025-02-12,False,1.6633805444143945e-11,7.79115119087237e-11
q4_3,2025-02-13,True,27.16382616242167,126.2746827851205
q4_3,2025-02-14,False,1.4210854715202004e-11,3.823117822321364e-11
q4_3,2025-02-15,False,1.5504042494285386e-11,4.494707894764361e-11
q4_3,2025-02-16,True,12.854282298834041,69.87824742137514
q4_3,2025-02-17,True,26.61401640921389,163.72530836562544
q4_3,2025-02-18,False,2.0978774273316958e-11,7.610479002551074e-11
q4_3,2025-02-19,True,46.881219867858874,254.28373656323
q4_3,2025-02-20,True,33.09849407409,185.69910100265778
q4_3,2025-02-21,False,1.2676082405960187e-11,3.6535311664920306e-11
q4_3,2025-02-22,False,1.1425527191022411e-11,3.4737368537207654e-11
q4_3,2025-02-23,True,17.001005164025447,87.7773479714755
q4_3,2025-02-24,True,29.072466666682132,148.54576843338933
q4_3,2025-02-25,True,31.0950000000161,159.5795400000608
q4_3,2025-02-26,False,1.7342571823064645e-11,7.504146459780259e-11
q4_3,2025-02-27,False,1.658584380948014e-11,6.98874256244153e-11
q4_3,2025-02-28,False,1.1539214028744027e-11,3.6842521922153536e-11
q4_3,2025-03-01,False,1.0011547146859812e-11,2.522811115568402e-11
q4_3,2025-03-02,False,1.7847057165454316e-11,6.844268707340006e-11
q4_3,2025-03-03,False,1.4146905868983595e-11,5.72221630079639e-11
q4_3,2025-03-04,False,2.2726709403286804e-11,8.688581942806194e-11
q4_3,2025-03-05,True,167.00703623957486,785.4426075367019
q4_3,2025-03-06,False,1.6477486042276723e-11,6.250422757148044e-11
q4_3,2025-03-07,False,1.0167866548727034e-11,2.737913007422321e-11
q4_3,2025-03-08,False,7.844391802791506e-12,2.881176897062687e-11
q4_3,2025-03-09,False,2.205702287483291e-11,7.234911247877562e-11
q4_3,2025-03-10,False,2.049560521300009e-11,7.202421947738458e-11
q4_3,2025-03-11,False,2.2144064359963522e-11,7.96766901345336e-11
q4_3,2025-03-12,False,1.6086687537608668e-11,5.581613038430078e-11
q4_3,2025-03-13,True,64.81296656148267,399.73454597874616
q4_3,2025-03-14,True,0.7818500000066528,2.760321425020156
q4_3,2025-03-15,True,37.73540850199436,158.598843678257
q4_3,2025-03-16,True,1.6400000000151698,8.08110000004926
q4_3,2025-03-17,False,1.91491267287347e-11,7.452017314335535e-11
q4_3,2025-03-18,False,1.4789947044846485e-11,5.7833313249489035e-11
q4_3,2025-03-19,False,1.0524716514970223e-11,3.9777210027527875e-11
q4_3,2025-03-20,False,1.48929757415317e-11,5.426641536132593e-11
q4_3,2025-03-21,False,9.265477274311706e-12,2.4192274850065585e-11
q4_3,2025-03-22,False,7.16227077646181e-12,2.2172059743752467e-11
q4_3,2025-03-23,True,25.74205838939858,128.44205922703023
q4_3,2025-03-24,False,1.4559020655724453e-11,4.725704982888601e-11
q4_3,2025-03-25,False,1.8982149185831076e-11,6.102287208875622e-11
q4_3,2025-03-26,False,2.0037305148434825e-11,7.222194753353505e-11
q4_3,2025-03-27,False,2.0591528482327703e-11,8.191327793838355e-11
q4_3,2025-03-28,False,7.048583938740194e-12,1.520751879979798e-11
q4_3,2025-03-29,True,13.790370487184347,52.82287349199012
q4_3,2025-03-30,False,1.9703350062627578e-11,6.623708515007821e-11
q4_3,2025-03-31,False,1.8342660723646986e-11,6.357230830644768e-11
q4_3,2025-04-01,False,1.1162626378791174e-11,4.30378541693699e-11
q4_3,2025-04-02,False,1.4184209362611e-11,4.9026342985314384e-11
q4_3,2025-04-03,False,1.2050804798491299e-11,3.700407091855595e-11
q4_3,2025-04-04,False,7.247535904753022e-12,2.422028444470925e-11
q4_3,2025-04-05,False,1.4246381851990009e-11,4.287549870696239e-11
q4_3,2025-04-06,True,96.15910564421308,461.8494713260559
q4_3,2025-04-07,False,2.0833113012486137e-11,6.510930461445241e-11
q4_3,2025-04-08,False,1.5846601808533478e-11,6.776690089638215e-11
q4_3,2025-04-09,False,1.5234036254696548e-11,5.554223037051997e-11
q4_3,2025-04-10,False,1.1153744594594173e-11,3.996075115253461e-11
q4_3,2025-04-11,False,1.1240786079724785e-11,3.182497465559209e-11
q4_3,2025-04-12,False,9.258371846954105e-12,2.5839916872882895e-11
q4_3,2025-04-13,False,1.886668599127006e-11,6.29205665347854e-11
q4_3,2025-04-14,True,108.58115235069377,680.9658766799719
q4_3,2025-04-15,False,1.3629986028718122e-11,5.839698768994595e-11
q4_3,2025-04-16,False,1.3961554135022425e-11,5.0369382609272154e-11
q4_3,2025-04-17,False,1.9168777676270565e-11,6.908398919591719e-11
q4_3,2025-04-18,False,8.327560863108374e-12,2.393242937159812e-11
q4_3,2025-04-19,False,8.071765478234738e-12,1.957769768523576e-11
q4_3,2025-04-20,False,1.49000811688893e-11,5.460583807348485e-11
q4_3,2025-04-21,False,1.432454155292362e-11,4.7976769224078453e-11
q4_3,2025-04-22,False,1.5758061522319622e-11,5.618501131010589e-11
q4_3,2025-04-23,False,1.8991030970028078e-11,7.019319792078704e-11
q4_3,2025-04-24,False,1.2590817277668975e-11,3.938680492865387e-11
q4_3,2025-04-25,False,5.258016244624741e-12,1.7390078710377563e-11
q4_3,2025-04-26,False,6.821210263296962e-12,2.1934511096333152e-11
q4_3,2025-04-27,True,204.53321875734844,999.7667408831066
q4_3,2025-04-28,False,1.666933258093195e-11,5.695101634728416e-11
q4_3,2025-04-29,False,1.0686562745831907e-11,3.7417663634187194e-11
q4_3,2025-04-30,False,1.743671873555286e-11,5.924317036942739e-11
q4_3,2025-05-01,True,1814.1122949398468,8335.189340959843
q4_3,2025-05-02,True,1087.0234086530895,5303.291452456852
q4_3,2025-05-03,True,1057.3442449202316,4354.829754569965
q4_3,2025-05-04,True,940.7254911781539,5510.659945769719
q4_3,2025-05-05,True,710.0297730992767,4300.717142228822
q4_3,2025-05-06,True,880.8293088278303,4823.017407033259
q4_3,2025-05-07,True,867.1116948606643,5344.983306382748
q4_3,2025-05-08,False,1.4390266755981429e-11,5.429330496298235e-11
q4_3,2025-05-09,False,5.4569682106375694e-12,2.0533690303636832e-11
q4_3,2025-05-10,False,1.1574741165532032e-11,3.402116277584355e-11
q4_3,2025-05-11,False,2.084643568878164e-11,7.096518928051409e-11
q4_3,2025-05-12,False,1.5301537814593758e-11,5.968028560232596e-11
q4_3,2025-05-13,False,1.3141487897883053e-11,5.637326516705343e-11
q4_3,2025-05-14,False,1.7921664152709127e-11,6.799559404413457e-11
q4_3,2025-05-15,False,1.9804602402473392e-11,7.096327792055491e-11
q4_3,2025-05-16,True,41.70626666667256,117.55369896669093
q4_3,2025-05-17,False,9.180212146020494e-12,3.362295331044152e-11
q4_3,2025-05-18,False,1.5214496329463145e-11,5.205563180510353e-11
q4_3,2025-05-19,False,1.432187701766452e-11,5.2842572095812557e-11
q4_3,2025-05-20,False,1.8836487925000256e-11,7.365352772126244e-11
q4_3,2025-05-21,False,1.502797886132612e-11,5.283659731958323e-11
q4_3,2025-05-22,False,9.833911462919787e-12,3.9961406628208346e-11
q4_3,2025-05-23,False,5.4569682106375694e-12,2.017637257267779e-11
q4_3,2025-05-24,False,3.680611371237319e-12,1.4778038348595147e-11
q4_3,2025-05-25,False,1.2107648217352107e-11,3.758768585271354e-11
q4_3,2025-05-26,False,1.5136336628529534e-11,5.3294158419703314e-11
q4_3,2025-05-27,False,1.0817124973527825e-11,3.880601262551409e-11
q4_3,2025-05-28,False,1.4154011296341196e-11,6.108639638569001e-11
q4_3,2025-05-29,False,1.9454660105111543e-11,7.095758292052778e-11
q4_3,2025-05-30,False,5.5138116294983774e-12,1.9108526316813368e-11
q4_3,2025-05-31,False,4.547473508864641e-12,1.4298791484179674e-11
q4_3,2025-06-01,True,1871.649097270541,8227.964149379532
q4_3,2025-06-02,True,1496.3926500365649,6998.756811248385
q4_3,2025-06-03,True,316.6932798983032,1601.0497081556239
q4_3,2025-06-04,True,410.4900467807646,2063.1634445527907
q4_3,2025-06-05,True,1307.8519004913558,5214.15155852002
q4_3,2025-06-06,True,2341.24108021217,6846.280875442035
q4_3,2025-06-07,True,653.9172434677178,3360.6504053523468
q4_3,2025-06-08,False,1.4836132322670892e-11,6.466972735097443e-11
q4_3,2025-06-09,True,4.2042552169805365,29.2490035445057
q4_3,2025-06-10,False,1.4296119843493216e-11,6.211972536362964e-11
q4_3,2025-06-11,False,1.0061285138363019e-11,4.906242878632838e-11
q4_3,2025-06-12,False,1.396749382820417e-11,5.855512341668145e-11
q4_3,2025-06-13,True,13.859816666674002,66.19448440003032
q4_3,2025-06-14,False,3.353761712787673e-12,1.1136506827824633e-11
q4_3,2025-06-15,False,1.5448087253844278e-11,6.765643867367998e-11
q4_3,2025-06-16,False,1.0881961998165934e-11,5.287937554498967e-11
q4_3,2025-06-17,False,1.0955680807001045e-11,5.367582778248448e-11
q4_3,2025-06-18,True,11.165181590059703,75.49337532116482
q4_3,2025-06-19,True,31.4440724423921,220.8946089077691
q4_3,2025-06-20,False,5.5990767577895895e-12,1.881690536720271e-11
q4_3,2025-06-21,False,3.865352482534945e-12,1.895062951007276e-11
q4_3,2025-06-22,False,1.411848415955319e-11,5.678634451555808e-11
q4_3,2025-06-23,False,1.3947953902970767e-11,5.73105296552967e-11
q4_3,2025-06-24,False,1.4285461702456814e-11,5.907248556979994e-11
q4_3,2025-06-25,False,1.4174439399994299e-11,5.867582020258055e-11
q4_3,2025-06-26,False,1.2887468869848817e-11,6.057881840604297e-11
q4_3,2025-06-27,False,4.888534022029489e-12,2.048446390290337e-11
q4_3,2025-06-28,False,4.234834705130197e-12,1.3851789049112997e-11
q4_3,2025-06-29,False,1.4339418541453597e-11,5.651743395507225e-11
q4_3,2025-06-30,False,1.0190737143034312e-11,4.4329387605124286e-11
q4_3,2025-07-01,True,738.338646209509,3658.8639861860597
q4_3,2025-07-02,True,1121.744383467945,5261.900342506496
q4_3,2025-07-03,True,1378.5887274513946,4922.763106699951
q4_3,2025-07-04,True,1694.426572328213,5046.349703166984
q4_3,2025-07-05,True,1395.4110179672111,3322.091419759899
q4_3,2025-07-06,True,689.8099035850751,3137.3828013501375
q4_3,2025-07-07,True,887.8855486904388,5826.86921991332
q4_3,2025-07-08,True,3.066990854868166,26.846904448042217
q4_3,2025-07-09,True,33.23427220929847,277.15721308940186
q4_3,2025-07-10,True,0.15101377570845642,1.2907147409259236
q4_3,2025-07-11,True,29.43503333334017,92.74538535003292
q4_3,2025-07-12,True,32.661783333337176,95.4377309000212
q4_3,2025-07-13,False,1.0505374348213081e-11,5.2537753703063566e-11
q4_3,2025-07-14,False,1.0877521106067434e-11,5.665531110921051e-11
q4_3,2025-07-15,False,2.1298518504409003e-11,9.154491209528714e-11
q4_3,2025-07-16,True,28.6281753044703,239.89107708469092
q4_3,2025-07-17,False,1.476152533541608e-11,7.398106127709525e-11
q4_3,2025-07-18,False,3.666400516522117e-12,1.8870423446060157e-11
q4_3,2025-07-19,False,7.58859641791787e-12,3.2804123861751574e-11
q4_3,2025-07-20,False,1.128119819782114e-11,5.473528097432733e-11
q4_3,2025-07-21,False,7.405631663459644e-12,3.821659877445427e-11
q4_3,2025-07-22,False,1.2395418025334948e-11,5.6562447170449555e-11
q4_3,2025-07-23,True,52.796231191075734,452.69331900108807
q4_3,2025-07-24,False,1.333333443653828e-11,6.023125997955958e-11
q4_3,2025-07-25,False,5.5422333389287814e-12,2.8516790706589742e-11
q4_3,2025-07-26,False,5.7980287238024175e-12,2.418900635348109e-11
q4_3,2025-07-27,False,1.3667289522345527e-11,6.123272022762193e-11
q4_3,2025-07-28,False,1.3455903058456897e-11,5.704092220781832e-11
q4_3,2025-07-29,True,2.8205166851534758,24.21695625868801
q4_3,2025-07-30,False,1.0789591442517121e-11,5.4650467262717944e-11
q4_3,2025-07-31,False,1.900701818158268e-11,9.222467056702043e-11
q4_3,2025-08-01,False,3.675726389928968e-12,1.7507978178343822e-11
q4_3,2025-08-02,False,6.0254023992456496e-12,2.3937388959893723e-11
q4_3,2025-08-03,True,42.92183496873506,356.91045481754264
q4_3,2025-08-04,False,1.368505309073953e-11,5.999599750339257e-11
q4_3,2025-08-05,False,1.3443468560581096e-11,5.652766077446358e-11
q4_3,2025-08-06,False,1.2875034371973015e-11,6.107311634195867e-11
q4_3,2025-08-07,False,1.1603162874962436e-11,4.960013200161484e-11
q4_3,2025-08-08,False,7.16227077646181e-12,3.237653345422587e-11
q4_3,2025-08-09,False,5.9685589803848416e-12,2.1269158878567395e-11
q4_3,2025-08-10,False,1.6218137943724287e-11,5.849445372518857e-11
q4_3,2025-08-11,True,155.87952259946636,1327.126351100972
q4_3,2025-08-12,True,113.23666478881377,792.81446573799
q4_3,2025-08-13,True,8.743051260364787,71.889738988301
q4_3,2025-08-14,True,42.95590828451027,373.3727548088836
q4_3,2025-08-15,True,28.028582935755395,51.99302134583428
q4_3,2025-08-16,True,80.02952536566349,512.5090804416959
q4_3,2025-08-17,True,78.45288521326239,654.7598727694956
q4_3,2025-08-18,True,18.555438034264185,156.3466696791912
q4_3,2025-08-19,True,31.809798256893927,267.1217303017594
q4_3,2025-08-20,True,37.06058259410139,309.57634128824327
q4_3,2025-08-21,False,1.3663736808666727e-11,5.840087879960266e-11
q4_3,2025-08-22,True,10.448624741891336,53.080060708660994
q4_3,2025-08-23,False,6.956213383091381e-12,2.398212473053718e-11
q4_3,2025-08-24,False,1.326583287664107e-11,4.930157970761684e-11
q4_3,2025-08-25,True,87.25117483995545,728.6765536304192
q4_3,2025-08-26,False,1.2917666936118621e-11,5.305413708356355e-11
q4_3,2025-08-27,False,1.77209358298569e-11,7.547798830387365e-11
q4_3,2025-08-28,True,15.728663963976825,132.27019960499834
q4_3,2025-08-29,False,3.822719918389339e-12,1.7753549741428285e-11
q4_3,2025-08-30,True,50.867457904677224,106.21125210498133
q4_3,2025-08-31,False,1.6434853478131117e-11,6.11665562644248e-11
q4_3,2025-09-01,False,6.870948254800169e-12,3.1635373431981864e-11
q4_3,2025-09-02,False,5.616840326183592e-12,2.377706742606733e-11
q4_3,2025-09-03,False,6.764366844436154e-12,2.8008543040414223e-11
q4_3,2025-09-04,False,7.293721182577428e-12,3.313580521080439e-11
q4_3,2025-09-05,False,1.9895196601282805e-12,1.0248953685731977e-11
q4_3,2025-09-06,False,4.831690603168681e-12,2.324199499526003e-11
q4_3,2025-09-07,False,6.560085807905125e-12,2.5735901409973393e-11
q4_3,2025-09-08,False,1.5075940495989926e-11,5.5565774204069385e-11
q4_3,2025-09-09,False,1.7926993223227328e-11,6.30364347387058e-11
q4_3,2025-09-10,False,2.0879298290310544e-11,8.549500307708514e-11
q4_3,2025-09-11,False,1.3109513474773848e-11,4.493409377914759e-11
q4_3,2025-09-12,True,102.50035643776569,295.0653284453116
q4_3,2025-09-13,False,9.023892744153272e-12,2.8313628774867537e-11
q4_3,2025-09-14,False,1.8900436771218665e-11,7.012660319105634e-11
q4_3,2025-09-15,False,9.833911462919787e-12,3.34188712258765e-11
q4_3,2025-09-16,False,1.8950174762721872e-11,7.189121831174817e-11
q4_3,2025-09-17,False,1.9841905896100798e-11,7.644562671771383e-11
q4_3,2025-09-18,False,1.3521822550544016e-11,4.899953670589597e-11
q4_3,2025-09-19,False,8.327560863108374e-12,2.7055804707742934e-11
q4_3,2025-09-20,False,9.197975714414497e-12,2.5180113993883424e-11
q4_3,2025-09-21,True,8.445000000017092,58.025595000062644
q4_3,2025-09-22,False,2.4126478592734202e-11,8.843917420620073e-11
q4_3,2025-09-23,False,1.780842140419736e-11,7.058250628411146e-11
q4_3,2025-09-24,False,1.5009327114512416e-11,5.5001497134554707e-11
q4_3,2025-09-25,False,1.5198509117908543e-11,5.462491969865368e-11
q4_3,2025-09-26,False,8.839151632855646e-12,2.935067300313676e-11
q4_3,2025-09-27,True,79.60435655418507,333.26407096325056
q4_3,2025-09-28,False,2.1270873951095837e-11,7.606943475124693e-11
q4_3,2025-09-29,True,15.776535000018185,89.97874479923489
q4_3,2025-09-30,False,1.4702905559715873e-11,5.199341668316038e-11
q4_3,2025-10-01,False,9.35918009759007e-12,3.620220390132545e-11
q4_3,2025-10-02,False,9.123368727159686e-12,3.079426846852584e-11
q4_3,2025-10-03,False,9.947598300641403e-12,3.034566020687635e-11
q4_3,2025-10-04,False,8.626876990547316e-12,2.4426325850868126e-11
q4_3,2025-10-05,False,1.1723955140041653e-11,3.880187193772145e-11
q4_3,2025-10-06,False,1.5557333199467394e-11,6.438978594758282e-11
q4_3,2025-10-07,False,1.3084644479022245e-11,5.620989007582012e-11
q4_3,2025-10-08,True,136.05136279045425,695.3158857779879
q4_3,2025-10-09,True,220.1342994617113,1186.7107040354551
q4_3,2025-10-10,False,7.581490990560269e-12,2.4771299678150172e-11
q4_3,2025-10-11,False,1.4125589586910792e-11,3.516687741011993e-11
q4_3,2025-10-12,True,228.1269781327475,1436.46520152525
q4_3,2025-10-13,False,1.929834070324432e-11,7.241742139285635e-11
q4_3,2025-10-14,False,1.3429257705865894e-11,4.538239295470703e-11
q4_3,2025-10-15,False,1.6661283464003418e-11,5.906158123680783e-11
q4_3,2025-10-16,False,1.751310207964707e-11,6.000231600467032e-11
q4_3,2025-10-17,False,7.645439836778678e-12,2.3443760710506468e-11
q4_3,2025-10-18,False,1.2391865311656147e-11,3.838127327071561e-11
q4_3,2025-10-19,False,1.780975367182691e-11,7.004383029141082e-11
q4_3,2025-10-20,False,1.375610736431554e-11,5.36997646349846e-11
q4_3,2025-10-21,False,2.0058621430507628e-11,7.779973998367495e-11
q4_3,2025-10-22,False,2.0438761794139282e-11,7.664031009824157e-11
q4_3,2025-10-23,False,1.9239498882939188e-11,7.439118565599756e-11
q4_3,2025-10-24,False,9.14379683081279e-12,2.7386566348042153e-11
q4_3,2025-10-25,True,48.95589128139011,191.67275834468714
q4_3,2025-10-26,False,1.7628565274208086e-11,5.963255844676496e-11
q4_3,2025-10-27,False,1.5774048733874224e-11,5.901203437019831e-11
q4_3,2025-10-28,False,2.1768198354976676e-11,7.656305245351547e-11
q4_3,2025-10-29,False,1.795363857581833e-11,7.192319628757105e-11
q4_3,2025-10-30,False,1.751843115016527e-11,7.162481452382963e-11
q4_3,2025-10-31,False,6.181721801112872e-12,2.017646494323344e-11
q4_3,2025-11-01,False,8.86757334228605e-12,2.523790954001015e-11
q4_3,2025-11-02,True,140.21137065068498,859.9231382341059
q4_3,2025-11-03,False,1.8194334927557065e-11,6.426480902987918e-11
q4_3,2025-11-04,False,1.252925541095351e-11,4.945627987695822e-11
q4_3,2025-11-05,True,39.511960544406755,210.73200202870802
q4_3,2025-11-06,False,1.929834070324432e-11,7.147543712449078e-11
q4_3,2025-11-07,False,1.071498445526231e-11,3.8217578435251196e-11
q4_3,2025-11-08,False,1.3358203432289883e-11,3.3521246223244815e-11
q4_3,2025-11-09,False,1.8985701899509877e-11,7.082447694983784e-11
q4_3,2025-11-10,True,57.22972592898647,225.6438303902439
q4_3,2025-11-11,False,1.6008527836675057e-11,5.646197465125625e-11
q4_3,2025-11-12,False,1.2683187833317788e-11,5.37222391017167e-11
q4_3,2025-11-13,True,184.28843690520856,920.7219716516922
q4_3,2025-11-14,False,1.674038685450796e-11,5.380145751132658e-11
q4_3,2025-11-15,False,1.4239276424632408e-11,4.119310403893905e-11
q4_3,2025-11-16,False,1.6360246490876307e-11,6.015329034880779e-11
q4_3,2025-11-17,False,1.6786572132332367e-11,6.224469650817356e-11
q4_3,2025-11-18,False,1.5006662579253316e-11,6.052454359917193e-11
q4_3,2025-11-19,False,2.0058621430507628e-11,7.508825916602291e-11
q4_3,2025-11-20,False,2.155786660296144e-11,8.615212898632762e-11
q4_3,2025-11-21,False,1.7344348179904046e-11,5.061397345684782e-11
q4_3,2025-11-22,False,1.623323697685919e-11,4.558769983731281e-11
q4_3,2025-11-23,False,2.043609725888018e-11,7.76115576250902e-11
q4_3,2025-11-24,False,1.957545237019076e-11,7.613290975427844e-11
q4_3,2025-11-25,False,1.4452439245360438e-11,6.158679610734907e-11
q4_3,2025-11-26,True,2.2153989300025465,11.934354035906278
q4_3,2025-11-27,False,1.9265478101715416e-11,8.459247391456869e-11
q4_3,2025-11-28,False,1.1882050898748275e-11,3.937797821151889e-11
q4_3,2025-11-29,False,1.2775558388966601e-11,3.9643925475729706e-11
q4_3,2025-11-30,False,1.9479529100863147e-11,7.983218353047051e-11
q4_3,2025-12-01,True,2473.30644787395,11848.537913544398
q4_3,2025-12-02,True,2642.136606487895,13016.590621046664
q4_3,2025-12-03,True,550.6426290442757,1711.7872925596134
q4_3,2025-12-04,True,2088.094408605099,9765.887055767862
q4_3,2025-12-05,True,607.2173003836161,2868.704941216513
q4_3,2025-12-06,False,1.807975991141575e-11,6.648738093417705e-11
q4_3,2025-12-07,True,1806.7367043404965,8930.71238886379
q4_3,2025-12-08,False,1.4310330698208418e-11,7.045620264989338e-11
q4_3,2025-12-09,False,1.589484099895344e-11,7.468121410170171e-11
q4_3,2025-12-10,False,1.7266188478970435e-11,8.431739928482783e-11
q4_3,2025-12-11,False,1.8467005702405004e-11,9.005484002955199e-11
q4_3,2025-12-12,False,1.0885514711844735e-11,3.826259842298896e-11
q4_3,2025-12-13,False,1.4152234939501795e-11,4.7349798748541614e-11
q4_3,2025-12-14,False,1.6854073692229576e-11,8.321634226149399e-11
q4_3,2025-12-15,False,2.212630079156952e-11,9.558318936342402e-11
q4_3,2025-12-16,False,1.553246420371579e-11,6.759650261756178e-11
q4_3,2025-12-17,False,1.5944578990456648e-11,8.347777225026221e-11
q4_3,2025-12-18,False,1.7281287512105337e-11,8.205483625900456e-11
q4_3,2025-12-19,False,2.05773176276125e-11,7.127812295948389e-11
q4_3,2025-12-20,False,1.2871481658294215e-11,4.4960758671663824e-11
q4_3,2025-12-21,True,15.710458781060893,105.77066374345867
q4_3,2025-12-22,True,116.21345021696541,562.2331971650574
q4_3,2025-12-23,False,1.9099388737231493e-11,8.806184581544584e-11
q4_3,2025-12-24,True,7.552249463933947,58.19008211955806
q4_3,2025-12-25,True,78.0280127063767,582.121699301447
q4_3,2025-12-26,False,1.6541434888495132e-11,6.162266075193657e-11
q4_3,2025-12-27,False,1.893685208642637e-11,7.003921620452047e-11
q4_3,2025-12-28,False,1.9177548438165104e-11,7.920557720808574e-11
q4_3,2025-12-29,False,1.6854073692229576e-11,7.938535873108776e-11
q4_3,2025-12-30,True,3.6127665878683786,26.427387590234513
q4_3,2025-12-31,True,37.41500000001162,86.42865000006044
