problem,seed,method,n,directional_n,time_s,avg_s,move_m,measures,switches,miss,scans,discovery_measures,discovery_switches,Jsum,local_measures,local_switches,discovery_same_channel_savings,cpu_s
3,2610001,78,13,0,3172.454673,244.034974846154,12147.2733777717,112,103,5,7,84,82,35,28,21,2,0.164300959
3,2610002,78,12,0,2884.751293,240.395941083333,10633.7564482718,117,104,3,7,85,83,29,32,21,2,0.1105275
3,2610003,78,13,0,2643.705839,203.361987615385,9683.52918685711,107,98,3,7,79,77,30,28,21,2,0.217807791
3,2610004,78,15,0,2996.808445,199.787229666667,11704.042242115,97,87,3,7,63,62,28,34,25,1,0.413108208
3,2610005,78,12,0,3058.396482,254.8663735,11631.9823932895,110,101,7,7,82,80,26,28,21,2,0.230902417
3,2610006,78,12,0,2813.951006,234.495917166667,10419.7550283257,111,103,4,7,82,80,26,29,23,2,0.240361542
3,2610007,78,10,0,3081.040631,308.1040631,11075.2031525103,134,119,9,7,107,106,37,27,13,1,0.12097825
3,2610008,78,11,0,3068.848282,278.986207454545,11509.2414178142,119,108,3,7,93,90,30,26,18,3,0.197225958
3,2610009,78,10,0,2776.008246,277.6008246,10305.0412226802,111,104,2,7,90,87,20,21,17,3,0.186210667
3,2610010,78,11,0,2586.186017,235.107819727273,9285.93006363935,112,108,2,7,89,88,26,23,20,1,0.213582208
3,2610011,78,10,0,3371.430227,337.1430227,13047.1511497168,120,112,0,7,101,99,31,19,13,2,0.154008625
3,2610012,78,15,0,3504.884105,233.658940333333,13719.420526456,111,98,11,7,73,72,38,38,26,1,0.203016
3,2610013,78,13,0,2924.515017,224.962693615385,11042.5750919037,106,103,6,7,79,77,30,27,26,2,0.235075959
3,2610014,78,11,0,2860.475556,260.043232363636,10862.3777802107,105,102,2,7,82,81,19,23,21,1,0.20334575
3,2610015,78,15,0,2990.581673,199.372111533333,11492.9083703424,102,95,4,7,71,70,36,31,25,1,0.277323542
3,2610016,78,10,0,2915.775472,291.5775472,10883.8773546497,114,107,4,7,87,85,17,27,22,2,0.199479042
3,2610017,78,10,0,2689.86816,268.986816,9489.34080190756,122,117,5,7,98,96,28,24,21,2,0.105814
3,2610018,78,16,0,3115.592825,194.7245515625,11957.9641385167,105,95,8,6,61,60,37,44,35,1,0.263963084
3,2610019,78,12,0,2609.699662,217.474971833333,9398.49830353629,111,106,3,7,81,80,25,30,26,1,0.191137208
3,2610020,78,16,0,3493.940897,218.3713060625,14009.7044956936,101,92,5,6,59,58,35,42,34,1,0.2903915
3,2610021,78,16,0,3072.604993,192.0378120625,12023.0249670495,97,91,4,6,60,58,36,37,33,2,0.265118708
3,2610022,78,10,0,2887.857175,288.7857175,10679.2858789588,117,111,2,7,96,94,26,21,17,2,0.085899083
3,2610023,78,13,0,3085.311143,237.331626384615,11836.5557015202,106,102,7,7,79,78,30,27,24,1,0.238665125
3,2610024,78,10,0,2671.251881,267.1251881,9576.25939260983,116,111,5,7,90,88,20,26,23,2,0.191732875
3,2610025,78,15,0,3288.238508,219.215900533333,12611.1925487229,116,105,2,7,79,78,44,37,27,1,0.291800625
3,2610026,78,12,0,2923.335372,243.611281,10856.6768693246,114,110,4,7,90,89,34,24,21,1,0.18055525
3,2610027,78,14,0,2891.879366,206.562811857143,11054.3968360423,102,92,3,7,68,65,26,34,27,3,0.202099
3,2610028,78,10,0,2605.535001,260.5535001,9497.67501280928,109,105,2,7,87,86,17,22,19,1,0.190718083
3,2610029,78,12,0,2540.275092,211.689591,9261.37545463813,104,99,3,7,77,76,21,27,23,1,0.217103292
3,2610030,78,13,0,3018.012411,232.154800846154,11510.0620501634,107,101,5,7,78,77,29,29,24,1,0.272878
3,2610031,78,13,0,2998.603129,230.661779153846,11253.0156442788,112,108,5,7,84,83,35,28,25,1,0.185733375
3,2610032,78,15,0,3207.383238,213.8255492,12206.9161920911,114,106,5,7,78,77,43,36,29,1,0.298288167
3,2610033,78,10,0,3087.90886,308.790886,11874.5443060848,110,104,3,7,87,86,17,23,18,1,0.188689333
3,2610034,78,15,0,3217.849292,214.523286133333,11899.246452284,126,121,4,7,91,90,56,35,31,1,0.15414075
3,2610035,78,15,0,3018.189822,201.2126548,11305.9491052777,115,107,0,7,74,73,39,41,34,1,0.193061042
3,2610036,78,14,0,3681.867586,262.990541857143,14599.3379164865,112,102,10,7,80,79,38,32,23,1,0.317719208
3,2610037,78,11,0,2663.276552,242.116050181818,9716.38276502448,111,104,2,7,84,82,21,27,22,2,0.189168792
3,2610038,78,16,0,2994.012493,187.1257808125,11375.0624599092,106,97,4,7,72,71,44,34,26,1,0.279996083
3,2610039,78,10,0,2981.168528,298.1168528,11050.842646938,119,114,4,7,99,98,29,20,16,1,0.107034542
3,2610040,78,10,0,2918.306095,291.8306095,10996.5304739365,112,106,1,7,92,90,22,20,16,2,0.141557667
3,2610041,78,14,0,3186.336363,227.5954545,12176.6818188354,113,107,3,7,82,80,40,31,27,2,0.185529583
3,2610042,78,12,0,2946.564213,245.54701775,11047.8210847156,112,105,4,7,85,83,29,27,22,2,0.20552125
3,2610043,78,10,0,2737.04653,273.704653,9780.23264259181,121,117,3,7,98,97,28,23,20,1,0.124901834
3,2610044,78,15,0,3482.726701,232.181780066667,13883.633517517,103,95,7,7,72,71,37,31,24,1,0.295013042
3,2610045,78,11,0,2828.649229,257.149929909091,10173.2461424156,122,117,4,7,96,94,33,26,23,2,0.13764325
3,2610046,78,10,0,2704.197946,270.4197946,9685.9897383254,119,113,3,7,97,96,27,22,17,1,0.10186075
3,2610047,78,12,0,3012.29284,251.024403333333,11246.4641859418,116,114,3,7,89,88,33,27,26,1,0.13005725
3,2610048,78,12,0,2596.961123,216.413426916667,9374.80560920369,111,107,0,7,89,87,33,22,20,2,0.15274525
3,2610049,78,16,0,2791.101969,174.4438730625,10650.5098392803,97,87,3,7,56,55,28,41,32,1,0.346776375
3,2610050,78,12,0,2643.073333,220.256111083333,9825.36667984446,103,97,2,7,75,73,19,28,24,2,0.2344135
3,2610051,78,14,0,3175.048098,226.789149857143,12355.2404822142,106,95,3,7,70,69,28,36,26,1,0.302583916
3,2610052,78,15,0,2982.538724,198.835914933333,11497.6936251931,99,92,7,7,59,57,24,40,35,2,0.305656875
3,2610053,78,13,0,2732.118619,210.162970692308,10210.5930964729,104,99,2,7,79,77,30,25,22,2,0.256067792
3,2610054,78,13,0,3382.731193,260.210091769231,12903.6559560291,119,112,10,7,89,88,40,30,24,1,0.194609666
3,2610055,78,12,0,2799.333012,233.277751,10296.665059213,113,109,2,7,88,87,32,25,22,1,0.174678666
3,2610056,78,13,0,2618.663885,201.435683461538,9743.31942251225,101,97,1,7,70,69,21,31,28,1,0.303624333
3,2610057,78,13,0,2947.68466,226.744973846154,11153.4232996232,106,98,8,7,76,74,27,30,24,2,0.284741291
3,2610058,78,11,0,3230.271641,293.661058272727,12356.3582123615,116,112,4,7,93,90,30,23,22,3,0.159055084
3,2610059,78,12,0,2926.021117,243.835093083333,10940.105586642,112,106,4,7,91,90,35,21,16,1,0.148222708
3,2610060,78,15,0,2889.074676,192.6049784,11105.3733784751,98,94,3,7,66,64,31,32,30,2,0.251707541
3,2610061,78,15,0,3375.08205,225.00547,13360.4102559392,102,94,8,7,69,67,34,33,27,2,0.380125709
3,2610062,78,15,0,3243.807343,216.253822866667,12589.0367293395,105,99,9,7,71,70,36,34,29,1,0.400324416
3,2610063,78,16,0,2472.971646,154.560727875,9979.85823315152,66,61,2,3,33,31,21,33,30,2,0.401695333
3,2610064,78,13,0,3133.093812,241.007216307692,11970.4690589,111,104,5,7,81,80,32,30,24,1,0.26428325
3,2610065,78,12,0,3107.269343,258.939111916667,11721.346720872,117,109,3,7,85,84,29,32,25,1,0.203251583
3,2610066,78,12,0,2825.293612,235.441134333333,10616.4680556695,106,97,5,7,76,74,20,30,23,2,0.213245416
3,2610067,78,13,0,3167.876495,243.682807307692,12019.3824744559,116,110,3,7,85,83,36,31,27,2,0.146923292
3,2610068,78,12,0,3463.072936,288.589411333333,13450.364681311,117,110,6,7,92,91,36,25,19,1,0.175169375
3,2610069,78,14,0,2911.89651,207.992607857143,10844.4825559639,113,108,0,7,78,75,36,35,33,3,0.247973125
3,2610070,78,14,0,3138.001812,224.142986571429,11555.0090617617,125,111,7,7,89,87,47,36,24,2,0.151069875
3,2610071,78,16,0,2820.949462,176.309341375,11239.747308522,81,76,4,5,46,44,26,35,32,2,0.337412625
3,2610072,78,16,0,3178.503698,198.656481125,12057.5184860663,112,103,8,7,71,70,43,41,33,1,0.267335042
3,2610073,78,11,0,2576.924646,234.265876909091,9149.62320987807,115,108,3,7,91,88,28,24,20,3,0.153940666
3,2610074,78,13,0,3089.534922,237.656532461538,11037.6746140652,135,127,5,7,104,102,55,31,25,2,0.072326833
3,2610075,78,10,0,2766.938886,276.6938886,9909.69443095155,121,118,4,7,101,99,31,20,19,2,0.122552208
3,2610076,78,14,0,3074.025902,219.573278714286,12020.1294995074,100,94,2,7,76,74,34,24,20,2,0.204545042
3,2610077,78,10,0,2925.347277,292.5347277,10816.7363931169,117,109,6,7,91,89,21,26,20,2,0.118962292
3,2610078,78,10,0,2977.898078,297.7898078,10789.4903943764,129,125,0,7,105,104,35,24,21,1,0.078376208
3,2610079,78,15,0,2713.167028,180.877801866667,10185.8351457813,99,88,6,7,59,57,24,40,31,2,0.374733625
3,2610080,78,14,0,3172.790441,226.627888642857,12443.9522045963,103,96,1,7,69,67,27,34,29,2,0.283605791
3,2610081,78,13,0,3014.442287,231.880175923077,11432.2114337469,111,102,2,7,72,70,23,39,32,2,0.2081205
3,2610082,78,16,0,2995.395453,187.2122158125,11851.977254004,91,84,2,6,57,55,33,34,29,2,0.278809917
3,2610083,78,12,0,2811.564967,234.297080583333,10312.824842324,114,107,4,7,88,86,32,26,21,2,0.184998208
3,2610084,78,12,0,3054.258788,254.521565666667,11581.2939555167,113,107,2,7,80,78,24,33,29,2,0.230119125
3,2610085,78,10,0,2833.594006,283.3594006,10407.9700462487,116,113,3,7,96,94,26,20,19,2,0.164379291
3,2610086,78,15,0,3146.590374,209.7726916,12187.9518784055,106,101,1,7,68,67,33,38,34,1,0.230465458
3,2610087,78,14,0,3221.017588,230.072684857143,12355.0879287172,113,106,3,7,78,77,36,35,29,1,0.218653792
3,2610088,78,14,0,2959.453904,211.389564571429,11192.2695059573,108,102,3,7,75,72,33,33,30,3,0.239826042
3,2610089,78,12,0,2683.67433,223.6395275,9983.37165968427,104,98,3,7,74,73,18,30,25,1,0.21236525
3,2610090,78,16,0,3150.188492,196.88678075,12300.9424529105,102,94,2,7,62,61,34,40,33,1,0.2702125
3,2610091,78,11,0,2830.158796,257.287163272727,10365.7939744161,116,110,4,7,95,93,32,21,17,2,0.144141042
3,2610092,78,15,0,3033.731401,202.248760066667,11688.6570301237,103,97,3,7,67,65,32,36,32,2,0.280943875
3,2610093,78,11,0,2947.147211,267.922473727273,11270.7360513042,107,100,1,7,84,81,21,23,19,3,0.139327792
3,2610094,78,13,0,2943.768891,226.443760846154,11153.8444680237,107,98,5,7,74,73,25,33,25,1,0.282026458
3,2610095,78,16,0,3053.805116,190.86281975,11659.0255659581,107,98,3,7,64,62,36,43,36,2,0.354943583
3,2610096,78,13,0,2950.400347,226.953872846154,10892.0017346057,119,112,0,7,90,89,41,29,23,1,0.21498025
3,2610097,78,12,0,2933.859065,244.488255416667,11279.2953168731,102,96,4,7,74,72,18,28,24,2,0.304034
3,2610098,78,11,0,2836.172305,257.833845909091,10570.861525956,110,102,5,7,88,85,25,22,17,3,0.164836291
3,2610099,78,11,0,3316.550103,301.504554818182,12397.7505242739,131,121,2,7,104,102,41,27,19,2,0.101864583
3,2610100,78,14,0,2988.955655,213.4968325,11384.7782775171,107,101,2,7,71,70,29,36,31,1,0.233190125
3,2610101,78,15,0,3191.842194,212.7894796,12394.2109846505,105,98,5,7,70,68,35,35,30,2,0.326062167
3,2610102,78,11,0,2639.764733,239.978612090909,9593.82367452489,111,108,1,7,85,84,22,26,24,1,0.16795025
3,2610103,78,13,0,3075.342481,236.564806230769,11306.7124169231,123,113,7,7,86,84,37,37,29,2,0.262999958
3,2610104,78,15,0,3261.409154,217.427276933333,12142.0457627345,125,118,5,7,86,84,51,39,34,2,0.209802708
3,2610105,78,14,0,3072.133945,219.438138928571,11705.6697242175,110,99,4,7,82,80,40,28,19,2,0.186325667
3,2610106,78,14,0,3146.883314,224.777379571429,11974.4165617241,113,105,4,7,81,79,39,32,26,2,0.170055958
3,2610107,78,12,0,3185.476283,265.456356916667,11922.3814090151,123,111,5,7,97,95,41,26,16,2,0.135038833
3,2610108,78,10,0,3142.476735,314.2476735,11632.3836821452,126,118,6,7,105,104,35,21,14,1,0.157875166
3,2610109,78,14,0,3301.137989,235.795570642857,12610.6899483898,116,108,7,7,84,83,42,32,25,1,0.164604667
3,2610110,78,11,0,2807.389701,255.217245545455,10056.9484971536,122,113,6,7,95,93,32,27,20,2,0.081734291
3,2610111,78,14,0,3569.979781,254.998555785714,14084.8989226133,113,106,4,7,82,81,40,31,25,1,0.2057675
3,2610112,78,14,0,3101.474251,221.533875071429,11697.3712462656,114,104,6,7,77,76,35,37,28,1,0.194035
3,2610113,78,16,0,2875.183435,179.6989646875,11360.9171781896,87,82,2,5,49,48,29,38,34,1,0.401959917
3,2610114,78,14,0,2892.437014,206.602643857143,10972.1850812835,105,100,1,7,70,69,28,35,31,1,0.178800042
3,2610115,78,15,0,2936.677141,195.778476066667,11353.385696686,99,90,2,7,64,63,29,35,27,1,0.196524958
3,2610116,78,14,0,3209.546191,229.253299357143,11722.7309459865,129,123,9,7,94,93,52,35,30,1,0.155270334
3,2610117,78,14,0,3312.05267,236.575190714286,13195.2633610982,101,92,2,7,71,70,29,30,22,1,0.210587958
3,2610118,78,11,0,2681.281271,243.752842818182,9716.40635785683,114,104,3,7,87,85,24,27,19,2,0.217761167
3,2610119,78,10,0,2912.819981,291.2819981,10684.0999092742,121,112,3,7,94,93,24,27,19,1,0.111442708
3,2610120,78,15,0,3471.669216,231.4446144,13498.3460882459,116,108,3,7,85,82,50,31,26,3,0.219989541
3,2610121,78,15,0,3053.892339,203.5928226,11419.4616867692,115,105,5,7,75,73,40,40,32,2,0.3160895
3,2610122,78,13,0,2854.224038,219.555695230769,10651.1201958618,110,106,1,7,80,79,31,30,27,1,0.234499833
3,2610123,78,16,0,3256.926071,203.5578794375,12679.630345821,106,99,4,7,67,66,39,39,33,1,0.238052792
3,2610124,78,15,0,3073.682916,204.9121944,11963.4145735908,101,95,2,7,65,63,30,36,32,2,0.274106167
3,2610125,78,15,0,3229.87083,215.324722,12509.3541591285,109,102,2,7,77,76,42,32,26,1,0.2297005
3,2610126,78,12,0,2900.693548,241.724462333333,11008.4677244345,105,96,6,7,77,74,21,28,22,3,0.269307708
3,2610127,78,16,0,3160.042438,197.502652375,12460.2121934937,98,89,3,7,65,63,37,33,26,2,0.389877208
3,2610128,78,13,0,2910.399303,223.876869461538,10956.9965215193,108,102,4,7,79,78,30,29,24,1,0.207993792
3,2610129,78,15,0,3034.158224,202.277214933333,11830.7911273488,96,89,8,7,61,60,26,35,29,1,0.855727375
3,2610130,78,10,0,2830.156421,283.0156421,10370.7821155533,115,107,8,7,94,92,24,21,15,2,0.18634925
3,2610131,78,10,0,3216.350124,321.6350124,12261.7506178772,117,108,7,7,98,96,28,19,12,2,0.201666375
3,2610132,78,12,0,3044.558535,253.71321125,11427.7926711095,116,110,3,7,93,91,37,23,19,2,0.205519625
3,2610133,78,11,0,2741.216163,249.201469363636,9746.08081780488,123,116,2,7,97,95,34,26,21,2,0.168315916
3,2610134,78,16,0,3081.818416,192.613651,12114.0920771182,97,91,1,6,62,60,38,35,31,2,0.279104333
3,2610135,78,11,0,2636.002318,239.636574363636,9720.01159337851,107,102,0,7,84,83,21,23,19,1,0.193589584
3,2610136,78,16,0,2953.538813,184.5961758125,11132.6940785867,105,98,8,5,64,63,44,41,35,1,0.3187255
3,2610137,78,16,0,2732.518881,170.7824300625,10202.5944059991,101,95,4,6,63,61,39,38,34,2,0.237245292
3,2610138,78,16,0,3350.267017,209.3916885625,13321.3350880776,100,91,5,6,61,60,37,39,31,1,0.259483208
3,2610139,78,11,0,2871.456142,261.041467454545,10272.2807189874,128,119,1,7,100,98,37,28,21,2,0.1021595
3,2610140,78,13,0,2896.575835,222.813525769231,10287.8791774917,129,117,4,7,95,93,46,34,24,2,0.110130333
3,2610141,78,16,0,3346.440417,209.1525260625,12647.2020771685,120,110,9,7,77,76,49,43,34,1,0.181365417
3,2610142,78,10,0,2831.975474,283.1975474,10069.8773613006,127,118,5,7,104,101,34,23,17,3,0.111436666
3,2610143,78,10,0,2928.058472,292.8058472,10390.2923503466,131,124,7,7,109,108,39,22,16,1,0.056605041
3,2610144,78,15,0,3133.0324,208.868826666667,12060.1619921241,108,103,1,7,73,72,38,35,31,1,0.248618833
3,2610145,78,12,0,3002.699404,250.224950333333,11118.497005705,119,112,4,7,89,87,33,30,25,2,0.162335833
3,2610146,78,15,0,2799.738938,186.649262533333,10743.694700512,96,90,2,7,60,58,25,36,32,2,0.214132084
3,2610147,78,16,0,3376.039226,211.002451625,13280.1961307185,104,99,7,6,70,68,46,34,31,2,0.199490708
3,2610148,78,15,0,2912.328501,194.1552334,10936.6425022559,105,95,10,7,66,63,31,39,32,3,0.249149084
3,2610149,78,14,0,3246.887516,231.920536857143,12519.4375695783,112,107,2,7,77,76,35,35,31,1,0.219677583
3,2610150,78,13,0,3158.879619,242.990739923077,12139.3980848474,110,104,4,7,77,76,28,33,28,1,0.198582042
3,2610151,78,12,0,2985.48856,248.790713333333,11087.4427805066,117,111,4,7,91,90,35,26,21,1,0.113226334
3,2610152,78,15,0,3631.240625,242.082708333333,14306.2031250874,114,104,7,7,76,74,41,38,30,2,0.251750167
3,2610153,78,11,0,2807.881947,255.261995181818,10274.409734085,116,109,3,7,89,86,26,27,23,3,0.181628625
3,2610154,78,15,0,3133.691917,208.912794466667,12268.459578215,100,96,3,7,66,65,31,34,31,1,0.338408458
3,2610155,78,14,0,2907.863503,207.704535928571,11179.3175098684,100,93,3,7,72,70,30,28,23,2,0.28010175
3,2610156,78,10,0,2747.751966,274.7751966,10033.7598351917,115,107,3,7,89,87,19,26,20,2,0.3504445
3,2610157,78,15,0,3364.087206,224.2724804,12970.4360443101,116,109,2,7,89,87,54,27,22,2,0.177610667
3,2610158,78,16,0,2856.098214,178.506138375,11380.4910670231,84,77,1,4,47,46,31,37,31,1,0.395413709
3,2610159,78,13,0,3030.761355,233.135488846154,11653.806776288,106,102,1,7,81,80,32,25,22,1,0.249780042
3,2610160,78,13,0,3169.201856,243.784758153846,12136.0092816488,111,104,6,7,77,76,28,34,28,1,0.392948375
3,2610161,78,15,0,3098.223642,206.5482428,12121.1182062845,99,95,3,7,69,68,34,30,27,1,0.336180958
3,2610162,78,15,0,3180.664894,212.044326266667,12023.3244622245,114,110,7,7,81,80,46,33,30,1,0.241088792
3,2610163,78,12,0,2801.200759,233.433396583333,10451.0037979686,108,102,3,7,82,80,26,26,22,2,0.207704875
3,2610164,78,10,0,2995.666898,299.5666898,10863.334492894,127,120,6,7,102,101,32,25,19,1,0.150433167
3,2610165,78,13,0,2921.298829,224.715294538462,10946.494154126,111,106,2,7,81,79,32,30,27,2,0.13818075
3,2610166,78,11,0,3302.025205,300.184109545455,12630.1260156675,119,111,5,7,97,96,34,22,15,1,0.146928792
3,2610167,78,15,0,3142.919987,209.527999133333,11989.599934296,111,100,5,7,74,72,39,37,28,2,0.247207333
3,2610168,78,10,0,2885.075831,288.5075831,10585.3791610848,119,111,4,7,93,91,23,26,20,2,0.134246459
3,2610169,78,14,0,2995.46398,213.961712857143,11097.3199002599,115,104,9,7,79,77,37,36,27,2,0.266387917
3,2610170,78,16,0,2766.578046,172.911127875,10602.8902343417,94,84,4,6,56,55,32,38,29,1,0.236644375
3,2610171,78,10,0,2866.86939,286.686939,10404.3469392645,120,112,8,7,97,95,27,23,17,2,0.1095575
3,2610172,78,12,0,2934.110804,244.509233666667,11140.5540201357,108,103,1,7,80,79,24,28,24,1,0.14756125
3,2610173,78,15,0,2992.648903,199.509926866667,11548.2444958781,102,95,1,7,68,67,33,34,28,1,0.330227
3,2610174,78,14,0,3223.377578,230.241255571429,12426.8878881176,110,100,6,7,80,78,38,30,22,2,0.120841708
3,2610175,78,13,0,3068.417481,236.032113923077,11367.0873855171,121,107,6,7,80,77,31,41,30,3,0.233839042
3,2610176,78,14,0,3300.797965,235.771283214286,12643.9898225583,116,110,4,7,82,81,40,34,29,1,0.267632459
3,2610177,78,15,0,2920.715684,194.714378933333,10958.578408933,106,100,8,7,66,65,31,40,35,1,0.335917917
3,2610178,78,13,0,3373.214741,259.478057,12781.0737214944,122,115,9,7,93,91,44,29,24,2,0.315455875
3,2610179,78,15,0,3171.698928,211.4465952,12258.4946375358,106,97,6,7,67,66,32,39,31,1,0.430493375
3,2610180,78,13,0,2971.912091,228.608622384615,11439.5604680331,103,95,3,7,76,74,27,27,21,2,0.236083958
3,2610181,78,14,0,3165.514257,226.108161214286,12067.5712818955,114,109,1,7,83,81,41,31,28,2,0.163357625
3,2610182,78,10,0,3424.089381,342.4089381,13305.4469067928,119,112,2,7,98,97,28,21,15,1,0.12908475
3,2610183,78,14,0,2857.159567,204.082826214286,11000.7978419156,98,91,2,7,68,66,26,30,25,2,0.284535625
3,2610184,78,13,0,3322.24141,255.557031538462,12491.2070565074,123,114,10,7,93,92,44,30,22,1,0.149087959
3,2610185,78,12,0,2802.83201,233.569334166667,10399.1600508974,111,105,1,7,83,82,27,28,23,1,0.141515125
3,2610186,78,12,0,2914.357391,242.863115916667,10806.7869584028,115,106,4,7,83,82,27,32,24,1,0.180692708
3,2610187,78,11,0,2699.814545,245.437685909091,9994.07272506524,106,98,6,7,79,76,16,27,22,3,0.179403083
3,2610188,78,10,0,2811.332375,281.1332375,10031.6618822639,125,118,4,7,101,100,31,24,18,1,0.053145708
3,2610189,78,10,0,2645.985024,264.5985024,9449.92510792618,118,113,1,7,95,93,25,23,20,2,0.093975041
3,2610190,78,16,0,2947.19337,184.199585625,11305.9668680315,100,94,4,6,65,64,41,35,30,1,0.307101791
3,2610191,78,12,0,2888.35214,240.696011666667,10486.7607070626,119,112,8,7,92,90,36,27,22,2,0.122927875
3,2610192,78,10,0,2589.26012,258.926012,9531.30060745308,106,97,2,7,83,80,13,23,17,3,0.171547875
3,2610193,78,13,0,2795.073372,215.005644,9935.36685450787,123,119,3,7,89,88,40,34,31,1,0.165462042
3,2610194,78,13,0,3111.665161,239.358858538462,11918.3258036396,111,102,2,7,79,77,30,32,25,2,0.2741675
3,2610195,78,14,0,3254.85879,232.489913571429,12109.2939442389,128,120,1,7,97,96,55,31,24,1,0.111894375
3,2610196,78,16,0,3165.245032,197.8278145,11991.2251682041,112,103,8,6,69,67,45,43,36,2,0.308870375
3,2610197,78,14,0,2948.055217,210.575372642857,10895.276064302,117,111,1,7,84,82,42,33,29,2,0.213951917
3,2610198,78,13,0,2775.043391,213.464876230769,9925.21694985111,117,110,10,7,82,81,33,35,29,1,0.229201333
3,2610199,78,10,0,2903.59257,290.359257,10762.9628494833,115,108,6,7,92,90,22,23,18,2,0.157412791
3,2610200,78,14,0,2990.459246,213.604231857143,11177.2962304805,113,108,4,7,76,74,34,37,34,2,0.247669291
