problem,seed,method,n,cleared,time_s,avg_s,move_m,measures,switches,miss,fallbacks,plans,exact_plans,local_plans,nonlocal_plans,max_route_gap_m,mean_route_gap_m,skipped,runtime_s,certificate
3,1,0,12,12,3523.976596,293.6647163333,14149.8829826,107,99,0,1,0,0,0,0,0,0,0,0.0006965,seven_point_per_channel
3,1,1,12,12,3704.049639,308.67080325,15100.24821528,105,99,0,1,0,0,0,0,0,0,0,0.0006178,seven_point_per_channel
3,1,2,12,12,3894.528974,324.5440811667,16052.64487611,105,99,0,1,0,0,0,0,0,0,0,0.0006159,seven_point_per_channel
3,1,3,12,12,3523.976596,293.6647163333,14149.8829826,107,99,0,1,0,0,0,0,0,0,0,0.000649,seven_point_per_channel
3,1,4,12,12,3523.976596,293.6647163333,14149.8829826,107,99,0,1,19,19,19,0,0,0,0,0.0024115,seven_point_per_channel
3,1,5,12,12,3422.47491,285.2062425,13692.37455471,105,99,0,0,19,19,19,0,0,0,0,0.0029707,seven_point_per_channel
3,2,0,11,11,3199.288848,290.8444407273,12906.44425797,96,83,0,0,0,0,0,0,0,0,0,0.0011375,seven_point_per_channel
3,2,1,11,11,3382.746803,307.5224366364,13783.7340274,97,83,1,1,0,0,0,0,0,0,0,0.0009619,seven_point_per_channel
3,2,2,11,11,3485.03894,316.8217218182,14295.19471826,97,83,1,1,0,0,0,0,0,0,0,0.0009519,seven_point_per_channel
3,2,3,11,11,3199.288848,290.8444407273,12906.44425797,96,83,0,0,0,0,0,0,0,0,0,0.0009269,seven_point_per_channel
3,2,4,11,11,3199.288848,290.8444407273,12906.44425797,96,83,0,0,18,13,18,0,891.3484659152,141.9641027856,0,0.0038032,seven_point_per_channel
3,2,5,11,11,3277.810973,297.9828157273,13109.05487432,101,93,1,0,18,15,18,0,796.5743711149,98.7330914131,0,0.0032985,seven_point_per_channel
3,3,0,16,16,4274.792428,267.17452675,18173.96215229,94,84,2,0,0,0,0,0,0,0,0,0.0011297,upper_bound_16
3,3,1,16,16,4526.208529,282.8880330625,19511.0426413,92,84,0,0,0,0,0,0,0,0,0,0.0010888,upper_bound_16
3,3,2,16,16,4812.142101,300.7588813125,20835.71050771,95,84,2,0,0,0,0,0,0,0,0,0.0011097,upper_bound_16
3,3,3,16,16,4251.335534,265.708470875,18176.6776821,90,80,2,0,0,0,0,0,0,0,1,0.0010849,upper_bound_16
3,3,4,16,16,4251.335534,265.708470875,18176.6776821,90,80,2,0,22,21,22,0,776.0322449508,35.27419295231,1,0.0083654,upper_bound_16
3,3,5,16,16,3938.943796,246.18398725,16374.71898382,99,89,0,0,23,21,23,0,539.184426704,31.07715055923,0,0.006477,upper_bound_16
3,4,0,11,11,3033.549199,275.7771999091,11882.74599675,100,93,3,0,0,0,0,0,0,0,0,0.0008422,seven_point_per_channel
3,4,1,11,11,3163.13678,287.5578890909,12530.68390082,100,93,3,0,0,0,0,0,0,0,0,0.0008107,seven_point_per_channel
3,4,2,11,11,3245.543839,295.0494399091,12982.719209,99,93,2,0,0,0,0,0,0,0,0,0.0007949,seven_point_per_channel
3,4,3,11,11,3033.549199,275.7771999091,11882.74599675,100,93,3,0,0,0,0,0,0,0,0,0.0007958,seven_point_per_channel
3,4,4,11,11,3033.549199,275.7771999091,11882.74599675,100,93,3,0,18,15,18,0,970.5556958606,126.8876634905,0,0.0035533,seven_point_per_channel
3,4,5,11,11,3036.45862,276.0416927273,12097.29310098,94,89,1,0,18,14,18,0,1014.748196438,142.6689320782,0,0.0035393,seven_point_per_channel
3,5,0,15,15,4050.174658,270.0116438667,16990.873291,97,89,1,0,0,0,0,0,0,0,0,0.0009963,seven_point_per_channel
3,5,1,15,15,4318.078102,287.8718734667,18340.39051222,96,89,2,0,0,0,0,0,0,0,0,0.001073,seven_point_per_channel
3,5,2,15,15,4532.221132,302.1480754667,19386.105668,97,89,2,0,0,0,0,0,0,0,0,0.0010555,seven_point_per_channel
3,5,3,15,15,4050.174658,270.0116438667,16990.873291,97,89,1,0,0,0,0,0,0,0,0,0.0009936,seven_point_per_channel
3,5,4,15,15,4050.174658,270.0116438667,16990.873291,97,89,1,0,22,20,22,0,1033.327683246,87.72814570773,0,0.0044579,seven_point_per_channel
3,5,5,15,15,3631.311954,242.0874636,15156.55976531,89,80,0,0,22,15,22,0,875.8806802064,155.6980899327,0,0.0050057,seven_point_per_channel
3,6,0,10,10,3686.601302,368.6601302,14973.00650888,108,102,0,0,0,0,0,0,0,0,0,0.0004978,seven_point_per_channel
3,6,1,10,10,3929.683089,392.9683089,16163.41545129,109,102,0,0,0,0,0,0,0,0,0,0.0005047,seven_point_per_channel
3,6,2,10,10,4164.066662,416.4066662,17360.33330782,108,102,0,0,0,0,0,0,0,0,0,0.0004851,seven_point_per_channel
3,6,3,10,10,3686.601302,368.6601302,14973.00650888,108,102,0,0,0,0,0,0,0,0,0,0.000477,seven_point_per_channel
3,6,4,10,10,3522.980624,352.2980624,14034.90311405,113,101,0,0,17,17,17,0,0,0,0,0.0030317,seven_point_per_channel
3,6,5,10,10,3561.35891,356.135891,14586.79454598,100,94,0,0,17,16,17,0,889.4575095082,52.32102997107,0,0.0040209,seven_point_per_channel
3,7,0,11,11,3814.707781,346.7916164545,15548.53890299,109,102,1,0,0,0,0,0,0,0,0,0.0005012,seven_point_per_channel
3,7,1,11,11,4064.936333,369.5396666364,16774.6816675,110,102,1,0,0,0,0,0,0,0,0,0.0004937,seven_point_per_channel
3,7,2,11,11,4207.650706,382.5137005455,17553.25353498,108,102,0,0,0,0,0,0,0,0,0,0.0004652,seven_point_per_channel
3,7,3,11,11,3814.707781,346.7916164545,15548.53890299,109,102,1,0,0,0,0,0,0,0,0,0.000472,seven_point_per_channel
3,7,4,11,11,3814.707781,346.7916164545,15548.53890299,109,102,1,0,18,18,18,0,0,0,0,0.0016677,seven_point_per_channel
3,7,5,11,11,3300.815939,300.0741762727,12864.07970058,113,108,0,0,18,18,18,0,0,0,0,0.0016928,seven_point_per_channel
3,8,0,16,16,3205.474551,200.3421594375,13117.37277206,85,77,0,1,0,0,0,0,0,0,0,0.0017179,upper_bound_16
3,8,1,16,16,3349.21971,209.326231875,13836.09855345,85,77,0,1,0,0,0,0,0,0,0,0.001859,upper_bound_16
3,8,2,16,16,3484.643714,217.790232125,14513.21857979,85,77,0,1,0,0,0,0,0,0,0,0.001757,upper_bound_16
3,8,3,16,16,3205.935033,200.3709395625,13199.6751777,82,73,1,1,0,0,0,0,0,0,1,0.0016974,upper_bound_16
3,8,4,16,16,3205.935033,200.3709395625,13199.6751777,82,73,1,1,22,15,22,0,953.2611272815,186.5038808517,1,0.0055581,upper_bound_16
3,8,5,16,16,3352.13968,209.50873,13930.69841071,82,73,1,0,22,15,22,0,912.7334354462,231.2789900218,1,0.0060705,upper_bound_16
3,9,0,11,11,3388.96965,308.08815,13324.84826346,112,106,1,0,0,0,0,0,0,0,0,0.0004584,seven_point_per_channel
3,9,1,11,11,3627.10068,329.7364254545,14515.50340809,112,106,1,0,0,0,0,0,0,0,0,0.000439,seven_point_per_channel
3,9,2,11,11,3830.633405,348.2394004545,15533.16702673,112,106,1,0,0,0,0,0,0,0,0,0.0004364,seven_point_per_channel
3,9,3,11,11,3388.96965,308.08815,13324.84826346,112,106,1,0,0,0,0,0,0,0,0,0.000425,seven_point_per_channel
3,9,4,11,11,3388.96965,308.08815,13324.84826346,112,106,1,0,18,18,18,0,0,0,0,0.0010736,seven_point_per_channel
3,9,5,11,11,3461.091448,314.6446770909,13575.4572465,116,108,1,0,18,18,18,0,0,0,0,0.001111,seven_point_per_channel
3,10,0,14,14,4275.683777,305.4059840714,18133.4188888,98,89,0,0,0,0,0,0,0,0,0,0.0008618,seven_point_per_channel
3,10,1,14,14,4664.08028,333.1485914286,20010.4014066,100,89,1,0,0,0,0,0,0,0,0,0.0008738,seven_point_per_channel
3,10,2,14,14,4885.224008,348.944572,21131.12005042,100,89,0,0,0,0,0,0,0,0,0,0.0008519,seven_point_per_channel
3,10,3,14,14,4275.683777,305.4059840714,18133.4188888,98,89,0,0,0,0,0,0,0,0,0,0.0008424,seven_point_per_channel
3,10,4,14,14,4275.683777,305.4059840714,18133.4188888,98,89,0,0,21,19,21,0,743.4257873308,61.70614281826,0,0.0051711,seven_point_per_channel
3,10,5,14,14,3935.479104,281.1056502857,16267.39552844,103,97,0,0,21,21,21,0,0,0,0,0.0045458,seven_point_per_channel
3,11,0,10,10,3911.218244,391.1218244,15926.09122515,114,106,0,0,0,0,0,0,0,0,0,0.0003775,seven_point_per_channel
3,11,1,10,10,4232.606192,423.2606192,17468.03096024,116,106,1,1,0,0,0,0,0,0,0,0.0003886,seven_point_per_channel
3,11,2,10,10,4598.524421,459.8524421,19372.62211383,113,106,1,0,0,0,0,0,0,0,0,0.0005415,seven_point_per_channel
3,11,3,10,10,3911.218244,391.1218244,15926.09122515,114,106,0,0,0,0,0,0,0,0,0,0.0003794,seven_point_per_channel
3,11,4,10,10,3911.218244,391.1218244,15926.09122515,114,106,0,0,17,17,17,0,0,0,0,0.000643,seven_point_per_channel
3,11,5,10,10,3507.012153,350.7012153,13940.06077451,113,104,0,0,17,17,17,0,0,0,0,0.001467,seven_point_per_channel
3,12,0,13,13,3813.505475,293.346575,15507.52737322,109,102,0,0,0,0,0,0,0,0,0,0.0005319,seven_point_per_channel
3,12,1,13,13,4115.229386,316.5561066154,16991.14693329,110,102,0,0,0,0,0,0,0,0,0,0.0005318,seven_point_per_channel
3,12,2,13,13,4318.821793,332.217061,18009.10897639,110,102,0,0,0,0,0,0,0,0,0,0.0005179,seven_point_per_channel
3,12,3,13,13,3813.505475,293.346575,15507.52737322,109,102,0,0,0,0,0,0,0,0,0,0.0005217,seven_point_per_channel
3,12,4,13,13,3813.505475,293.346575,15507.52737322,109,102,0,0,20,20,20,0,0,0,0,0.0010497,seven_point_per_channel
3,12,5,13,13,3820.605989,293.8927683846,15578.02994455,108,100,0,0,20,20,20,0,0,0,0,0.0023025,seven_point_per_channel
3,13,0,15,15,3803.890987,253.5927324667,15884.45492888,94,82,0,0,0,0,0,0,0,0,0,0.0011757,seven_point_per_channel
3,13,1,15,15,4039.907957,269.3271971333,17024.53977136,95,82,1,0,0,0,0,0,0,0,0,0.0011566,seven_point_per_channel
3,13,2,15,15,4134.072516,275.6048344,17535.36257321,94,82,0,0,0,0,0,0,0,0,0,0.0011443,seven_point_per_channel
3,13,3,15,15,3803.890987,253.5927324667,15884.45492888,94,82,0,0,0,0,0,0,0,0,0,0.001147,seven_point_per_channel
3,13,4,15,15,3803.890987,253.5927324667,15884.45492888,94,82,0,0,22,18,22,0,920.3898785551,115.1514656241,0,0.0053871,seven_point_per_channel
3,13,5,15,15,3619.441172,241.2960781333,14902.20586674,96,84,0,0,22,18,22,0,1154.27189673,110.2351699702,0,0.00552,seven_point_per_channel
3,14,0,11,11,3445.177781,313.1979800909,13675.88891503,110,102,1,0,0,0,0,0,0,0,0,0.0005577,seven_point_per_channel
3,14,1,11,11,3619.26764,329.0243309091,14636.33820851,107,102,0,0,0,0,0,0,0,0,0,0.0004709,seven_point_per_channel
3,14,2,11,11,3796.573396,345.143036,15522.86699367,107,102,0,0,0,0,0,0,0,0,0,0.000457,seven_point_per_channel
3,14,3,11,11,3445.177781,313.1979800909,13675.88891503,110,102,1,0,0,0,0,0,0,0,0,0.0004719,seven_point_per_channel
3,14,4,11,11,3445.177781,313.1979800909,13675.88891503,110,102,1,0,18,18,18,0,0,0,0,0.0016714,seven_point_per_channel
3,14,5,11,11,3191.727975,290.1570886364,12523.63987822,106,102,0,0,18,18,18,0,0,0,0,0.0022923,seven_point_per_channel
3,15,0,14,14,3740.991661,267.2136900714,15259.95830659,105,94,0,0,0,0,0,0,0,0,0,0.0008227,seven_point_per_channel
3,15,1,14,14,3940.464754,281.4617681429,16257.32376919,105,94,0,0,0,0,0,0,0,0,0,0.000798,seven_point_per_channel
3,15,2,14,14,4079.658944,291.4042102857,16953.29471935,105,94,0,0,0,0,0,0,0,0,0,0.000791,seven_point_per_channel
3,15,3,14,14,3740.991661,267.2136900714,15259.95830659,105,94,0,0,0,0,0,0,0,0,0,0.0007804,seven_point_per_channel
3,15,4,14,14,3670.48352,262.1773942857,14867.41760896,106,94,1,0,21,21,21,0,0,0,0,0.0040511,seven_point_per_channel
3,15,5,14,14,3582.678184,255.9055845714,14773.39093085,93,87,2,0,21,19,21,0,569.3190297344,50.87495895511,0,0.0059206,seven_point_per_channel
3,16,0,14,14,3803.688639,271.6920456429,16048.44320111,88,81,1,0,0,0,0,0,0,0,0,0.001195,seven_point_per_channel
3,16,1,14,14,3992.820552,285.201468,17009.10276365,88,81,0,0,0,0,0,0,0,0,0,0.001195,seven_point_per_channel
3,16,2,14,14,4207.154674,300.5110481429,18040.77335851,89,81,1,0,0,0,0,0,0,0,0,0.0011708,seven_point_per_channel
3,16,3,14,14,3803.688639,271.6920456429,16048.44320111,88,81,1,0,0,0,0,0,0,0,0,0.0011624,seven_point_per_channel
3,16,4,14,14,3803.688639,271.6920456429,16048.44320111,88,81,1,0,21,16,21,0,268.2569077239,43.53852997916,0,0.0055116,seven_point_per_channel
3,16,5,14,14,3462.783281,247.3416629286,14203.916409,93,87,0,0,21,18,21,0,471.0689724642,42.51394601346,0,0.0038681,seven_point_per_channel
3,17,0,14,14,3540.180267,252.8700190714,14415.90133396,99,92,0,0,0,0,0,0,0,0,0,0.0006851,seven_point_per_channel
3,17,1,14,14,3744.936769,267.4954835,15439.68385313,99,92,0,0,0,0,0,0,0,0,0,0.0006787,seven_point_per_channel
3,17,2,14,14,3880.354898,277.168207,16116.77450111,99,92,0,0,0,0,0,0,0,0,0,0.0006674,seven_point_per_channel
3,17,3,14,14,3540.180267,252.8700190714,14415.90133396,99,92,0,0,0,0,0,0,0,0,0,0.0006706,seven_point_per_channel
3,17,4,14,14,3892.490144,278.0350102857,16232.45072499,97,88,1,0,21,18,21,0,386.7373366904,20.88735014443,0,0.0044994,seven_point_per_channel
3,17,5,14,14,4074.105879,291.0075627857,17355.52939801,90,83,0,0,21,15,21,0,974.8389999734,174.7612975022,0,0.0057184,seven_point_per_channel
3,18,0,10,10,3446.287611,344.6287611,13661.43805053,112,104,0,0,0,0,0,0,0,0,0,0.0004378,seven_point_per_channel
3,18,1,10,10,3656.319409,365.6319409,14711.5970423,112,104,0,1,0,0,0,0,0,0,0,0.0004138,seven_point_per_channel
3,18,2,10,10,3814.769787,381.4769787,15503.84893625,112,104,0,0,0,0,0,0,0,0,0,0.0004475,seven_point_per_channel
3,18,3,10,10,3446.287611,344.6287611,13661.43805053,112,104,0,0,0,0,0,0,0,0,0,0.0004683,seven_point_per_channel
3,18,4,10,10,3446.287611,344.6287611,13661.43805053,112,104,0,0,17,17,17,0,0,0,0,0.0013863,seven_point_per_channel
3,18,5,10,10,3373.485474,337.3485474,13002.42736855,122,113,0,1,17,17,17,0,0,0,0,0.0007439,seven_point_per_channel
3,19,0,13,13,3810.199063,293.0922356154,15825.99532476,98,90,0,0,0,0,0,0,0,0,0,0.0009453,seven_point_per_channel
3,19,1,13,13,4104.793647,315.7533574615,17348.9682471,96,90,0,0,0,0,0,0,0,0,0,0.0009053,seven_point_per_channel
3,19,2,13,13,4253.201007,327.1693082308,18041.00505321,98,90,0,0,0,0,0,0,0,0,0,0.0008851,seven_point_per_channel
3,19,3,13,13,3810.199063,293.0922356154,15825.99532476,98,90,0,0,0,0,0,0,0,0,0,0.0008916,seven_point_per_channel
3,19,4,13,13,3810.199063,293.0922356154,15825.99532476,98,90,0,0,20,16,20,0,872.9124199941,107.8517378607,0,0.0036607,seven_point_per_channel
3,19,5,13,13,3768.421273,289.8785594615,15732.10636776,94,87,0,0,20,16,20,0,407.0161152246,60.69353135335,0,0.0049413,seven_point_per_channel
3,20,0,10,10,3096.554494,309.6554494,12192.7724661,102,98,0,0,0,0,0,0,0,0,0,0.0005474,seven_point_per_channel
3,20,1,10,10,3309.819234,330.9819234,13284.09617262,101,98,0,0,0,0,0,0,0,0,0,0.0005193,seven_point_per_channel
3,20,2,10,10,3486.416175,348.6416175,14167.08087393,101,98,0,0,0,0,0,0,0,0,0,0.0005219,seven_point_per_channel
3,20,3,10,10,3096.554494,309.6554494,12192.7724661,102,98,0,0,0,0,0,0,0,0,0,0.0005308,seven_point_per_channel
3,20,4,10,10,3096.554494,309.6554494,12192.7724661,102,98,0,0,17,17,17,0,0,0,0,0.0045092,seven_point_per_channel
3,20,5,10,10,3302.162751,330.2162751,13195.81375746,103,98,0,0,17,17,17,0,0,0,0,0.0041117,seven_point_per_channel
3,21,0,10,10,3446.268576,344.6268576,13696.34287409,110,104,1,0,0,0,0,0,0,0,0,0.0004219,seven_point_per_channel
3,21,1,10,10,3664.751775,366.4751775,14788.75888357,110,104,1,0,0,0,0,0,0,0,0,0.000412,seven_point_per_channel
3,21,2,10,10,3902.153791,390.2153791,15975.76896129,110,104,1,0,0,0,0,0,0,0,0,0.0004166,seven_point_per_channel
3,21,3,10,10,3446.268576,344.6268576,13696.34287409,110,104,1,0,0,0,0,0,0,0,0,0.0004012,seven_point_per_channel
3,21,4,10,10,3446.268576,344.6268576,13696.34287409,110,104,1,0,17,17,17,0,0,0,0,0.0008209,seven_point_per_channel
3,21,5,10,10,3362.154931,336.2154931,13085.77466842,116,109,2,0,17,17,17,0,0,0,0,0.0016254,seven_point_per_channel
3,22,0,14,14,3682.921865,263.0658475,15299.60932677,94,83,0,0,0,0,0,0,0,0,0,0.0012817,seven_point_per_channel
3,22,1,14,14,3898.229009,278.4449292143,16361.14505448,94,83,1,0,0,0,0,0,0,0,0,0.0010296,seven_point_per_channel
3,22,2,14,14,4120.6522,294.3323,17513.26099599,93,83,0,0,0,0,0,0,0,0,0,0.0010241,seven_point_per_channel
3,22,3,14,14,3682.921865,263.0658475,15299.60932677,94,83,0,0,0,0,0,0,0,0,0,0.0010061,seven_point_per_channel
3,22,4,14,14,3682.921865,263.0658475,15299.60932677,94,83,0,0,21,17,21,0,1098.576676537,121.5524828544,0,0.0039225,seven_point_per_channel
3,22,5,14,14,3417.125267,244.0803762143,14025.62633214,91,81,2,0,21,15,21,0,689.4918166535,192.0499051287,0,0.0049688,seven_point_per_channel
3,23,0,15,15,4160.677469,277.3784979333,17498.38734329,98,90,2,0,0,0,0,0,0,0,0,0.0006602,seven_point_per_channel
3,23,1,15,15,4535.406471,302.3604314,19372.03236895,98,90,2,0,0,0,0,0,0,0,0,0.0006531,seven_point_per_channel
3,23,2,15,15,4783.824157,318.9216104667,20614.12079264,98,90,2,0,0,0,0,0,0,0,0,0.0006429,seven_point_per_channel
3,23,3,15,15,4160.677469,277.3784979333,17498.38734329,98,90,2,0,0,0,0,0,0,0,0,0.00064,seven_point_per_channel
3,23,4,15,15,4160.677469,277.3784979333,17498.38734329,98,90,2,0,22,22,22,0,0,0,0,0.0033963,seven_point_per_channel
3,23,5,15,15,3890.805545,259.3870363333,16039.02772105,103,93,0,1,22,21,22,0,738.6953778658,33.57706263026,0,0.0051795,seven_point_per_channel
3,24,0,15,15,4022.465804,268.1643869333,17117.32901028,89,79,0,0,0,0,0,0,0,0,0,0.0014788,seven_point_per_channel
3,24,1,15,15,4354.767499,290.3178332667,18738.83751781,90,79,1,0,0,0,0,0,0,0,0,0.0014881,seven_point_per_channel
3,24,2,15,15,4693.464485,312.8976323333,20457.3224463,89,79,1,0,0,0,0,0,0,0,0,0.0014869,seven_point_per_channel
3,24,3,15,15,4022.465804,268.1643869333,17117.32901028,89,79,0,0,0,0,0,0,0,0,0,0.0014622,seven_point_per_channel
3,24,4,15,15,4022.465804,268.1643869333,17117.32901028,89,79,0,0,22,17,22,0,959.080092227,111.5451339586,0,0.0063647,seven_point_per_channel
3,24,5,15,15,3757.216071,250.4810714,15601.08036934,94,83,3,1,22,18,22,0,694.0413212755,43.14045658319,0,0.0056752,seven_point_per_channel
3,25,0,14,14,3554.307467,253.8791047857,14376.53734938,103,94,0,0,0,0,0,0,0,0,0,0.0008058,seven_point_per_channel
3,25,1,14,14,3765.369665,268.9549760714,15336.84833451,105,94,3,0,0,0,0,0,0,0,0,0.0008087,seven_point_per_channel
3,25,2,14,14,3865.923993,276.1374280714,15814.61997047,106,94,3,0,0,0,0,0,0,0,0,0.0008032,seven_point_per_channel
3,25,3,14,14,3554.307467,253.8791047857,14376.53734938,103,94,0,0,0,0,0,0,0,0,0,0.0008011,seven_point_per_channel
3,25,4,14,14,3554.307467,253.8791047857,14376.53734938,103,94,0,0,21,19,21,0,702.481304898,45.03673564659,0,0.0033382,seven_point_per_channel
3,25,5,14,14,3486.47233,249.0337378571,13607.36165282,117,110,0,0,21,21,21,0,0,0,0,0.000907,seven_point_per_channel
3,26,0,10,10,3673.552767,367.3552767,14687.76383905,115,111,0,0,0,0,0,0,0,0,0,0.0003507,seven_point_per_channel
3,26,1,10,10,3941.239985,394.1239985,16026.19992502,115,111,0,0,0,0,0,0,0,0,0,0.0003337,seven_point_per_channel
3,26,2,10,10,4123.009822,412.3009822,16935.04910218,115,111,0,0,0,0,0,0,0,0,0,0.0003269,seven_point_per_channel
3,26,3,10,10,3673.552767,367.3552767,14687.76383905,115,111,0,0,0,0,0,0,0,0,0,0.0003314,seven_point_per_channel
3,26,4,10,10,3673.552767,367.3552767,14687.76383905,115,111,0,0,17,17,17,0,0,0,0,0.0004847,seven_point_per_channel
3,26,5,10,10,3507.869335,350.7869335,13999.34667333,111,103,0,0,17,17,17,0,0,0,0,0.0008958,seven_point_per_channel
3,27,0,14,14,4078.920786,291.3514847143,17149.60393818,98,86,1,1,0,0,0,0,0,0,0,0.0008925,seven_point_per_channel
3,27,1,14,14,4336.980388,309.7843134286,18449.90194845,97,86,2,1,0,0,0,0,0,0,0,0.0008561,seven_point_per_channel
3,27,2,14,14,4506.300615,321.8786153571,19361.50309176,95,86,1,1,0,0,0,0,0,0,0,0.0008409,seven_point_per_channel
3,27,3,14,14,4078.920786,291.3514847143,17149.60393818,98,86,1,1,0,0,0,0,0,0,0,0.0008615,seven_point_per_channel
3,27,4,14,14,4078.920786,291.3514847143,17149.60393818,98,86,1,1,21,19,21,0,556.9838488506,33.94424482536,0,0.0062897,seven_point_per_channel
3,27,5,14,14,3893.781552,278.1272537143,16218.90776568,98,90,0,0,21,18,21,0,668.118944617,85.90139560237,0,0.0046903,seven_point_per_channel
3,28,0,12,12,2955.538504,246.2948753333,11557.6925224,99,89,0,0,0,0,0,0,0,0,0,0.000846,seven_point_per_channel
3,28,1,12,12,3022.862915,251.9052429167,11919.31458498,98,89,0,0,0,0,0,0,0,0,0,0.0008157,seven_point_per_channel
3,28,2,12,12,3083.08965,256.9241375,12245.44825595,97,89,0,0,0,0,0,0,0,0,0,0.0008552,seven_point_per_channel
3,28,3,12,12,2955.538504,246.2948753333,11557.6925224,99,89,0,0,0,0,0,0,0,0,0,0.0008322,seven_point_per_channel
3,28,4,12,12,2955.538504,246.2948753333,11557.6925224,99,89,0,0,19,16,19,0,877.5565819216,81.57775518889,0,0.0044258,seven_point_per_channel
3,28,5,12,12,2872.691705,239.3909754167,11083.45852962,101,91,0,0,19,16,19,0,553.470712385,82.56639145575,0,0.0031382,seven_point_per_channel
3,29,0,15,15,4151.231482,276.7487654667,17246.15740802,105,96,2,0,0,0,0,0,0,0,0,0.0006633,seven_point_per_channel
3,29,1,15,15,4338.174432,289.2116288,18220.87216819,104,96,1,0,0,0,0,0,0,0,0,0.0006275,seven_point_per_channel
3,29,2,15,15,4584.887705,305.6591803333,19454.43852209,104,96,1,0,0,0,0,0,0,0,0,0.0006213,seven_point_per_channel
3,29,3,15,15,4151.231482,276.7487654667,17246.15740802,105,96,2,0,0,0,0,0,0,0,0,0.0006328,seven_point_per_channel
3,29,4,15,15,4151.231482,276.7487654667,17246.15740802,105,96,2,0,22,22,22,0,0,0,0,0.0026818,seven_point_per_channel
3,29,5,15,15,4329.534199,288.6356132667,18267.67100351,101,93,1,0,22,22,22,0,0,0,0,0.0052343,seven_point_per_channel
3,30,0,14,14,3849.144036,274.9388597143,15965.72018504,99,91,0,0,0,0,0,0,0,0,0,0.0007072,seven_point_per_channel
3,30,1,14,14,4131.50251,295.1073221429,17337.5125619,100,91,1,0,0,0,0,0,0,0,0,0.0006992,seven_point_per_channel
3,30,2,14,14,4330.222146,309.3015818571,18356.11073565,99,91,1,0,0,0,0,0,0,0,0,0.0006838,seven_point_per_channel
3,30,3,14,14,3849.144036,274.9388597143,15965.72018504,99,91,0,0,0,0,0,0,0,0,0,0.0006781,seven_point_per_channel
3,30,4,14,14,3849.144036,274.9388597143,15965.72018504,99,91,0,0,21,21,21,0,0,0,0,0.0052417,seven_point_per_channel
3,30,5,14,14,3707.791113,264.8422223571,14978.95557083,108,102,0,0,21,21,21,0,0,0,0,0.003141,seven_point_per_channel
3,31,0,15,15,3612.366775,240.8244516667,15101.83388291,88,77,0,0,0,0,0,0,0,0,0,0.001363,seven_point_per_channel
3,31,1,15,15,3847.600065,256.506671,16253.00032549,89,77,0,0,0,0,0,0,0,0,0,0.0013443,seven_point_per_channel
3,31,2,15,15,4001.207932,266.7471954667,17021.03964346,89,77,0,0,0,0,0,0,0,0,0,0.0013358,seven_point_per_channel
3,31,3,15,15,3612.366775,240.8244516667,15101.83388291,88,77,0,0,0,0,0,0,0,0,0,0.0013065,seven_point_per_channel
3,31,4,15,15,3612.366775,240.8244516667,15101.83388291,88,77,0,0,22,15,22,0,1161.447705344,289.9924382374,0,0.0046294,seven_point_per_channel
3,31,5,15,15,3652.535311,243.5023540667,15317.67655127,87,79,0,0,22,16,22,0,702.1876740756,144.3273085291,0,0.0043733,seven_point_per_channel
3,32,0,15,15,3720.236558,248.0157705333,15291.18279601,99,92,0,0,0,0,0,0,0,0,0,0.0008115,seven_point_per_channel
3,32,1,15,15,3896.564067,259.7709378,16172.82033669,99,92,0,0,0,0,0,0,0,0,0,0.0007921,seven_point_per_channel
3,32,2,15,15,4048.109588,269.8739725333,16880.54794572,101,92,0,0,0,0,0,0,0,0,0,0.0007896,seven_point_per_channel
3,32,3,15,15,3720.236558,248.0157705333,15291.18279601,99,92,0,0,0,0,0,0,0,0,0,0.0007901,seven_point_per_channel
3,32,4,15,15,3720.236558,248.0157705333,15291.18279601,99,92,0,0,22,20,22,0,604.9472246776,41.4706762951,0,0.0042017,seven_point_per_channel
3,32,5,15,15,3928.100913,261.8733942,16095.50455727,107,96,1,0,22,20,22,0,629.6221380716,43.50197476304,0,0.0030117,seven_point_per_channel
3,33,0,11,11,3604.608566,327.6916878182,14453.04283386,111,104,0,0,0,0,0,0,0,0,0,0.0005239,seven_point_per_channel
3,33,1,11,11,3834.323272,348.5748429091,15601.61635473,111,104,0,0,0,0,0,0,0,0,0,0.0005358,seven_point_per_channel
3,33,2,11,11,4064.750209,369.5227462727,16753.7510524,111,104,0,0,0,0,0,0,0,0,0,0.0005639,seven_point_per_channel
3,33,3,11,11,3604.608566,327.6916878182,14453.04283386,111,104,0,0,0,0,0,0,0,0,0,0.0005271,seven_point_per_channel
3,33,4,11,11,3604.608566,327.6916878182,14453.04283386,111,104,0,0,18,18,18,0,0,0,0,0.0012947,seven_point_per_channel
3,33,5,11,11,3230.6284,293.6934909091,12703.14200318,107,100,0,0,18,17,18,0,209.632907971,11.64627266506,0,0.0029958,seven_point_per_channel
3,34,0,12,12,3977.58952,331.4657933333,16487.94760523,103,96,3,0,0,0,0,0,0,0,0,0.0006728,seven_point_per_channel
3,34,1,12,12,4304.472624,358.706052,18122.36312564,103,96,3,0,0,0,0,0,0,0,0,0.0006499,seven_point_per_channel
3,34,2,12,12,4495.828471,374.6523725833,19119.14236907,102,96,2,0,0,0,0,0,0,0,0,0.0006324,seven_point_per_channel
3,34,3,12,12,3977.58952,331.4657933333,16487.94760523,103,96,3,0,0,0,0,0,0,0,0,0.0006455,seven_point_per_channel
3,34,4,12,12,3977.58952,331.4657933333,16487.94760523,103,96,3,0,19,19,19,0,0,0,0,0.0029281,seven_point_per_channel
3,34,5,12,12,3878.286195,323.19051625,15751.43097579,112,108,0,0,19,19,19,0,0,0,0,0.0014496,seven_point_per_channel
3,35,0,15,15,3866.125133,257.7416755333,16310.62567285,89,84,0,0,0,0,0,0,0,0,0,0.0014043,seven_point_per_channel
3,35,1,15,15,4214.543786,280.9695857333,18012.71893264,90,84,1,0,0,0,0,0,0,0,0,0.001396,seven_point_per_channel
3,35,2,15,15,4400.96522,293.3976813333,18984.82610091,89,84,0,0,0,0,0,0,0,0,0,0.0013655,seven_point_per_channel
3,35,3,15,15,3866.125133,257.7416755333,16310.62567285,89,84,0,0,0,0,0,0,0,0,0,0.0015442,seven_point_per_channel
3,35,4,15,15,3866.125133,257.7416755333,16310.62567285,89,84,0,0,22,17,22,0,712.9740869205,136.5751352302,0,0.0061845,seven_point_per_channel
3,35,5,15,15,4083.920388,272.2613592,17369.60194451,90,82,1,0,22,16,22,0,1007.825112281,135.2569870016,0,0.0052449,seven_point_per_channel
3,36,0,10,10,3365.699704,336.5699704,13328.49852551,109,102,1,0,0,0,0,0,0,0,0,0.0004977,seven_point_per_channel
3,36,1,10,10,3562.630043,356.2630043,14338.15022626,108,102,1,0,0,0,0,0,0,0,0,0.0004605,seven_point_per_channel
3,36,2,10,10,3773.564279,377.3564279,15377.82139975,108,102,2,0,0,0,0,0,0,0,0,0.0004609,seven_point_per_channel
3,36,3,10,10,3365.699704,336.5699704,13328.49852551,109,102,1,0,0,0,0,0,0,0,0,0.0004662,seven_point_per_channel
3,36,4,10,10,3637.483399,363.7483399,14487.41700511,115,112,1,0,17,17,17,0,0,0,0,0.0008202,seven_point_per_channel
3,36,5,10,10,3313.26089,331.326089,13061.30445591,109,103,1,0,17,17,17,0,0,0,0,0.0018111,seven_point_per_channel
3,37,0,10,10,4013.090868,401.3090868,16110.45435473,125,113,1,0,0,0,0,0,0,0,0,0.0004092,seven_point_per_channel
3,37,1,10,10,3920.832768,392.0832768,15734.16384516,122,114,0,1,0,0,0,0,0,0,0,0.0003809,seven_point_per_channel
3,37,2,10,10,4197.76036,419.776036,17103.80181335,122,114,1,1,0,0,0,0,0,0,0,0.0003657,seven_point_per_channel
3,37,3,10,10,4013.090868,401.3090868,16110.45435473,125,113,1,0,0,0,0,0,0,0,0,0.0003888,seven_point_per_channel
3,37,4,10,10,4013.090868,401.3090868,16110.45435473,125,113,1,0,17,17,17,0,0,0,0,0.0007664,seven_point_per_channel
3,37,5,10,10,3217.588754,321.7588754,12687.94375968,106,100,0,0,17,17,17,0,0,0,0,0.0019188,seven_point_per_channel
3,38,0,10,10,2983.953394,298.3953394,11689.76696812,99,95,2,0,0,0,0,0,0,0,0,0.0005649,seven_point_per_channel
3,38,1,10,10,3125.932985,312.5932985,12399.66493337,99,95,2,0,0,0,0,0,0,0,0,0.0005386,seven_point_per_channel
3,38,2,10,10,3235.290682,323.5290682,12946.45340695,99,95,2,0,0,0,0,0,0,0,0,0.0005285,seven_point_per_channel
3,38,3,10,10,2983.953394,298.3953394,11689.76696812,99,95,2,0,0,0,0,0,0,0,0,0.0005196,seven_point_per_channel
3,38,4,10,10,2867.711163,286.7711163,11083.55582393,101,96,0,0,17,17,17,0,0,0,0,0.0041872,seven_point_per_channel
3,38,5,10,10,2995.276987,299.5276987,11471.38493711,109,100,2,0,17,17,17,0,0,0,0,0.0050411,seven_point_per_channel
3,39,0,11,11,3505.272693,318.6611539091,13941.36347719,111,101,2,1,0,0,0,0,0,0,0,0.0005445,seven_point_per_channel
3,39,1,11,11,3703.781518,336.7074107273,15013.90759637,109,101,0,0,0,0,0,0,0,0,0,0.0005141,seven_point_per_channel
3,39,2,11,11,3973.153504,361.1957730909,16320.76753133,110,101,1,1,0,0,0,0,0,0,0,0.0005166,seven_point_per_channel
3,39,3,11,11,3505.272693,318.6611539091,13941.36347719,111,101,2,1,0,0,0,0,0,0,0,0.0005249,seven_point_per_channel
3,39,4,11,11,3505.272693,318.6611539091,13941.36347719,111,101,2,1,18,18,18,0,0,0,0,0.0020531,seven_point_per_channel
3,39,5,11,11,3137.386394,285.2169449091,12071.93197594,110,103,5,0,18,18,18,0,0,0,0,0.0021031,seven_point_per_channel
3,40,0,13,13,3750.441311,288.4954854615,15417.20656167,101,94,1,0,0,0,0,0,0,0,0,0.0007191,seven_point_per_channel
3,40,1,13,13,3995.052537,307.3117336154,16640.26266956,101,94,1,0,0,0,0,0,0,0,0,0.0007051,seven_point_per_channel
3,40,2,13,13,4239.330941,326.1023800769,17781.65470742,103,94,3,0,0,0,0,0,0,0,0,0.0007127,seven_point_per_channel
3,40,3,13,13,3750.441311,288.4954854615,15417.20656167,101,94,1,0,0,0,0,0,0,0,0,0.0006988,seven_point_per_channel
3,40,4,13,13,3750.441311,288.4954854615,15417.20656167,101,94,1,0,20,20,20,0,0,0,0,0.004795,seven_point_per_channel
3,40,5,13,13,3823.373976,294.1056904615,15781.86987715,102,89,1,0,20,18,20,0,1123.529760402,82.23494819408,0,0.0056177,seven_point_per_channel
4,1,0,12,12,6660.205481,555.0171234167,25446.02741658,254,235,2,0,0,0,0,0,0,0,0,0.0051855,convex_mesh_per_channel
4,1,1,12,12,7045.402072,587.1168393333,27372.01037103,254,235,2,0,0,0,0,0,0,0,0,0.0050882,convex_mesh_per_channel
4,1,2,12,12,7226.68616,602.2238466667,28343.43080555,252,235,1,0,0,0,0,0,0,0,0,0.0050197,convex_mesh_per_channel
4,1,3,12,12,6660.205481,555.0171234167,25446.02741658,254,235,2,0,0,0,0,0,0,0,0,0.0050369,convex_mesh_per_channel
4,1,4,12,12,6660.205481,555.0171234167,25446.02741658,254,235,2,0,33,15,33,0,589.0999417039,156.2529787211,0,0.0153664,convex_mesh_per_channel
4,1,5,12,12,6419.073121,534.9227600833,24390.36561764,250,228,1,0,33,13,33,0,1105.453269807,294.3880839626,0,0.0211696,convex_mesh_per_channel
4,2,0,11,11,6441.873632,585.6248756364,25019.36816937,235,208,0,0,0,0,0,0,0,0,0,0.0089664,convex_mesh_per_channel
4,2,1,11,11,6697.761956,608.8874505455,26323.80978776,234,208,0,0,0,0,0,0,0,0,0,0.00883,convex_mesh_per_channel
4,2,2,11,11,7103.470964,645.7700876364,28352.35483232,234,208,0,0,0,0,0,0,0,0,0,0.0087568,convex_mesh_per_channel
4,2,3,11,11,6441.873632,585.6248756364,25019.36816937,235,208,0,0,0,0,0,0,0,0,0,0.0088472,convex_mesh_per_channel
4,2,4,11,11,6441.873632,585.6248756364,25019.36816937,235,208,0,0,32,12,32,0,754.7463525142,256.179561308,0,0.026778,convex_mesh_per_channel
4,2,5,11,11,6443.629041,585.7844582727,24868.14521975,240,215,0,0,32,12,32,0,978.2988039075,374.1152177396,0,0.0337464,convex_mesh_per_channel
4,3,0,16,16,5934.886619,370.9304136875,23314.43309724,201,178,3,1,0,0,0,0,0,0,0,0.0081964,upper_bound_16
4,3,1,16,16,6103.113265,381.4445790625,24130.56633834,202,178,3,1,0,0,0,0,0,0,0,0.0082467,upper_bound_16
4,3,2,16,16,6307.540593,394.2212870625,25152.70296843,202,178,3,2,0,0,0,0,0,0,0,0.0082663,upper_bound_16
4,3,3,16,16,5408.801681,338.0501050625,21014.00841227,190,167,3,1,0,0,0,0,0,0,4,0.0080574,upper_bound_16
4,3,4,16,16,5408.801681,338.0501050625,21014.00841227,190,167,3,1,33,11,33,0,979.4731136104,441.4508300448,4,0.024921,upper_bound_16
4,3,5,16,16,5153.023059,322.0639411875,20855.11530154,152,139,1,0,30,6,30,0,1436.685033185,652.1169427763,7,0.0266778,upper_bound_16
4,4,0,11,11,6467.207266,587.9279332727,24256.03630496,257,228,16,2,0,0,0,0,0,0,0,0.0059714,convex_mesh_per_channel
4,4,1,11,11,7309.290647,664.4809679091,27216.45309151,256,228,101,2,0,0,0,0,0,0,0,0.0059746,convex_mesh_per_channel
4,4,2,11,11,7591.203756,690.1094323636,28626.01863396,256,228,101,2,0,0,0,0,0,0,0,0.0059242,convex_mesh_per_channel
4,4,3,11,11,6467.207266,587.9279332727,24256.03630496,257,228,16,2,0,0,0,0,0,0,0,0.0059417,convex_mesh_per_channel
4,4,4,11,11,6467.207266,587.9279332727,24256.03630496,257,228,16,2,32,13,32,0,922.7432259186,227.7008722818,0,0.018666,convex_mesh_per_channel
4,4,5,11,11,5682.88885,516.6262590909,20824.44425983,246,224,3,0,32,12,32,0,1220.930816967,438.5408516394,0,0.0225851,convex_mesh_per_channel
4,5,0,15,15,9484.276252,632.2850834667,37236.3810551,243,207,180,4,0,0,0,0,0,0,0,0.005699,convex_mesh_per_channel
4,5,1,15,15,10808.14243,720.5428286667,43245.71194028,244,207,219,5,0,0,0,0,0,0,0,0.0053973,convex_mesh_per_channel
4,5,2,15,15,11272.577678,751.5051785333,45587.88814985,242,207,221,5,0,0,0,0,0,0,0,0.0053307,convex_mesh_per_channel
4,5,3,15,15,9484.276252,632.2850834667,37236.3810551,243,207,180,4,0,0,0,0,0,0,0,0.0054072,convex_mesh_per_channel
4,5,4,15,15,9484.276252,632.2850834667,37236.3810551,243,207,180,4,36,14,36,0,675.1680821856,261.9054518405,0,0.0176521,convex_mesh_per_channel
4,5,5,15,15,9125.272107,608.3514738,35986.3603653,257,220,116,4,36,13,36,0,864.55032016,225.0134470876,0,0.0156585,convex_mesh_per_channel
4,6,0,10,10,6975.544149,697.5544149,26152.72070394,256,235,60,2,0,0,0,0,0,0,0,0.0071823,convex_mesh_per_channel
4,6,1,10,10,7983.478391,798.3478391,29812.3918382,256,235,152,2,0,0,0,0,0,0,0,0.0071251,convex_mesh_per_channel
4,6,2,10,10,8298.994221,829.8994221,31389.97099609,256,235,152,2,0,0,0,0,0,0,0,0.006863,convex_mesh_per_channel
4,6,3,10,10,6975.544149,697.5544149,26152.72070394,256,235,60,2,0,0,0,0,0,0,0,0.0069307,convex_mesh_per_channel
4,6,4,10,10,6975.544149,697.5544149,26152.72070394,256,235,60,2,31,13,31,0,1313.482602519,381.2671923507,0,0.0214838,convex_mesh_per_channel
4,6,5,10,10,6681.902365,668.1902365,25084.51182793,264,238,19,3,31,12,31,0,1358.326158967,335.9598929659,0,0.0180651,convex_mesh_per_channel
4,7,0,11,11,6730.432705,611.8575186364,25032.16350796,277,257,9,1,0,0,0,0,0,0,0,0.0045454,convex_mesh_per_channel
4,7,1,11,11,7135.681226,648.6982932727,27143.40614028,279,257,0,0,0,0,0,0,0,0,0,0.0047701,convex_mesh_per_channel
4,7,2,11,11,7622.807315,692.9824831818,29579.03657939,279,257,0,0,0,0,0,0,0,0,0,0.0046455,convex_mesh_per_channel
4,7,3,11,11,6730.432705,611.8575186364,25032.16350796,277,257,9,1,0,0,0,0,0,0,0,0.0045152,convex_mesh_per_channel
4,7,4,11,11,6730.432705,611.8575186364,25032.16350796,277,257,9,1,32,15,32,0,1068.083691816,246.3638606841,0,0.0143952,convex_mesh_per_channel
4,7,5,11,11,6383.046211,580.2769282727,23635.231063,267,239,9,1,32,13,32,0,953.8238156455,374.4056395445,0,0.0192786,convex_mesh_per_channel
4,8,0,16,16,7050.593988,440.66212425,28427.96991312,196,167,46,2,0,0,0,0,0,0,0,0.0101946,upper_bound_16
4,8,1,16,16,7473.345131,467.0840706875,30301.7256139,196,167,62,2,0,0,0,0,0,0,0,0.0102226,upper_bound_16
4,8,2,16,16,7856.97119,491.060699375,32359.85592054,191,167,61,1,0,0,0,0,0,0,0,0.0104147,upper_bound_16
4,8,3,16,16,6461.411159,403.8381974375,25902.05576692,182,153,46,2,0,0,0,0,0,0,5,0.0102326,upper_bound_16
4,8,4,16,16,6461.411159,403.8381974375,25902.05576692,182,153,46,2,32,9,32,0,1029.173071379,341.4178928168,5,0.0304073,upper_bound_16
4,8,5,16,16,7060.697595,441.2935996875,28963.48795306,179,155,46,1,34,10,34,0,1252.825935861,450.4575176684,3,0.0378692,upper_bound_16
4,9,0,11,11,6444.082467,585.8256788182,23675.41233573,279,259,0,0,0,0,0,0,0,0,0,0.0038758,convex_mesh_per_channel
4,9,1,11,11,6840.949107,621.9044642727,25659.74553938,279,259,0,0,0,0,0,0,0,0,0,0.0037844,convex_mesh_per_channel
4,9,2,11,11,7215.573954,655.9612685455,27557.86977056,278,259,0,0,0,0,0,0,0,0,0,0.0037894,convex_mesh_per_channel
4,9,3,11,11,6444.082467,585.8256788182,23675.41233573,279,259,0,0,0,0,0,0,0,0,0,0.003883,convex_mesh_per_channel
4,9,4,11,11,6444.082467,585.8256788182,23675.41233573,279,259,0,0,32,13,32,0,452.2840269106,131.5405046,0,0.0118723,convex_mesh_per_channel
4,9,5,11,11,6604.570708,600.4155189091,23782.85352857,297,278,10,1,32,15,32,0,774.2077717251,114.3600133812,0,0.0143963,convex_mesh_per_channel
4,10,0,14,14,6532.674824,466.6196302857,25218.37413034,240,219,0,0,0,0,0,0,0,0,0,0.0062989,convex_mesh_per_channel
4,10,1,14,14,7404.84604,528.9175742857,28649.23016235,240,219,62,1,0,0,0,0,0,0,0,0.0061217,convex_mesh_per_channel
4,10,2,14,14,7019.811427,501.4151019286,27679.05714983,239,219,0,0,0,0,0,0,0,0,0,0.006178,convex_mesh_per_channel
4,10,3,14,14,6532.674824,466.6196302857,25218.37413034,240,219,0,0,0,0,0,0,0,0,0,0.0061045,convex_mesh_per_channel
4,10,4,14,14,6468.130935,462.0093525,24875.65469184,241,218,0,0,35,16,35,0,704.5158644637,229.7681028599,0,0.0218591,convex_mesh_per_channel
4,10,5,14,14,5955.805853,425.4147037857,23039.02927016,216,198,0,0,35,13,35,0,690.1422143834,211.1606813684,0,0.0196564,convex_mesh_per_channel
4,11,0,10,10,7247.38092,724.738092,26691.90458475,284,262,59,2,0,0,0,0,0,0,0,0.0040932,convex_mesh_per_channel
4,11,1,10,10,8198.591579,819.8591579,30012.95777427,285,262,153,3,0,0,0,0,0,0,0,0.0041283,convex_mesh_per_channel
4,11,2,10,10,8668.99858,866.899858,32339.99278239,286,262,153,3,0,0,0,0,0,0,0,0.0040874,convex_mesh_per_channel
4,11,3,10,10,7247.38092,724.738092,26691.90458475,284,262,59,2,0,0,0,0,0,0,0,0.0040987,convex_mesh_per_channel
4,11,4,10,10,7247.38092,724.738092,26691.90458475,284,262,59,2,31,15,31,0,605.2970454982,182.2664710772,0,0.0147211,convex_mesh_per_channel
4,11,5,10,10,7163.817739,716.3817739,26569.08869981,301,277,6,1,31,15,31,0,548.61553921,147.4787009783,0,0.0123464,convex_mesh_per_channel
4,12,0,13,13,7169.15673,551.4735946154,26955.78361087,261,246,54,2,0,0,0,0,0,0,0,0.0047001,convex_mesh_per_channel
4,12,1,13,13,7831.486253,602.4220194615,29602.43116181,260,246,100,2,0,0,0,0,0,0,0,0.0046064,convex_mesh_per_channel
4,12,2,13,13,8213.90047,631.8384976923,31514.50225417,260,246,100,2,0,0,0,0,0,0,0,0.0045891,convex_mesh_per_channel
4,12,3,13,13,7169.15673,551.4735946154,26955.78361087,261,246,54,2,0,0,0,0,0,0,0,0.0047637,convex_mesh_per_channel
4,12,4,13,13,7169.15673,551.4735946154,26955.78361087,261,246,54,2,34,15,34,0,820.622396446,251.3271943621,0,0.0148532,convex_mesh_per_channel
4,12,5,13,13,6825.746698,525.0574383077,25508.73344851,252,237,54,2,34,14,34,0,876.8792236321,211.819211507,0,0.0146597,convex_mesh_per_channel
4,13,0,15,15,6546.990459,436.4660306,26114.95230854,203,180,18,1,0,0,0,0,0,0,0,0.0074947,convex_mesh_per_channel
4,13,1,15,15,7156.566382,477.1044254667,28197.83191287,202,180,84,1,0,0,0,0,0,0,0,0.0076334,convex_mesh_per_channel
4,13,2,15,15,7591.089916,506.0726610667,30345.4495792,203,180,84,1,0,0,0,0,0,0,0,0.0080605,convex_mesh_per_channel
4,13,3,15,15,6546.990459,436.4660306,26114.95230854,203,180,18,1,0,0,0,0,0,0,0,0.0076912,convex_mesh_per_channel
4,13,4,15,15,6546.990459,436.4660306,26114.95230854,203,180,18,1,36,15,36,0,715.8350324155,242.3574022048,0,0.0238966,convex_mesh_per_channel
4,13,5,15,15,6032.145,402.143,24095.72501565,193,173,0,0,36,14,36,0,1135.104941488,466.4413141735,0,0.0437872,convex_mesh_per_channel
4,14,0,11,11,6589.088577,599.0080524545,24145.44288564,288,265,0,0,0,0,0,0,0,0,0,0.0040592,convex_mesh_per_channel
4,14,1,11,11,6672.863269,606.6239335455,24639.31633896,285,265,0,0,0,0,0,0,0,0,0,0.004058,convex_mesh_per_channel
4,14,2,11,11,7258.204075,659.8367340909,27566.02039832,285,265,0,0,0,0,0,0,0,0,0,0.0041748,convex_mesh_per_channel
4,14,3,11,11,6589.088577,599.0080524545,24145.44288564,288,265,0,0,0,0,0,0,0,0,0,0.0040227,convex_mesh_per_channel
4,14,4,11,11,6589.088577,599.0080524545,24145.44288564,288,265,0,0,32,15,32,0,564.1524042395,184.408355917,0,0.0131198,convex_mesh_per_channel
4,14,5,11,11,7320.930781,665.5391619091,27214.65392137,306,269,8,2,32,15,32,0,981.8889462048,255.3157771374,0,0.0160973,convex_mesh_per_channel
4,15,0,14,14,6127.705593,437.6932566429,23808.52797118,216,192,8,1,0,0,0,0,0,0,0,0.0071659,convex_mesh_per_channel
4,15,1,14,14,6163.802434,440.2716024286,24014.01218045,215,192,8,1,0,0,0,0,0,0,0,0.007282,convex_mesh_per_channel
4,15,2,14,14,6613.306812,472.379058,26236.53406802,216,192,8,1,0,0,0,0,0,0,0,0.0071762,convex_mesh_per_channel
4,15,3,14,14,6127.705593,437.6932566429,23808.52797118,216,192,8,1,0,0,0,0,0,0,0,0.0072798,convex_mesh_per_channel
4,15,4,14,14,6127.705593,437.6932566429,23808.52797118,216,192,8,1,35,14,35,0,989.3323958975,292.1112780866,0,0.0216854,convex_mesh_per_channel
4,15,5,14,14,6129.427569,437.8162549286,23497.13784943,227,201,8,1,35,14,35,0,993.6806016614,331.6329900498,0,0.0234338,convex_mesh_per_channel
4,16,0,14,14,7150.395007,510.7425005,28766.9750449,225,202,0,0,0,0,0,0,0,0,0,0.0069466,convex_mesh_per_channel
4,16,1,14,14,7307.137179,521.9383699286,29570.68589664,224,203,0,0,0,0,0,0,0,0,0,0.0070109,convex_mesh_per_channel
4,16,2,14,14,7895.047437,563.9319597857,32485.23719262,225,203,0,0,0,0,0,0,0,0,0,0.0068396,convex_mesh_per_channel
4,16,3,14,14,7150.395007,510.7425005,28766.9750449,225,202,0,0,0,0,0,0,0,0,0,0.006934,convex_mesh_per_channel
4,16,4,14,14,7150.395007,510.7425005,28766.9750449,225,202,0,0,35,14,35,0,775.402809024,208.0965556861,0,0.0213239,convex_mesh_per_channel
4,16,5,14,14,6432.106241,459.4361600714,25265.53121423,221,204,0,0,35,14,35,0,498.4728144402,204.2845144286,0,0.0224363,convex_mesh_per_channel
4,17,0,14,14,7096.661451,506.9043893571,28023.3072611,190,166,102,2,0,0,0,0,0,0,0,0.0089182,convex_mesh_per_channel
4,17,1,14,14,7479.92708,534.2805057143,29954.63541195,190,166,101,2,0,0,0,0,0,0,0,0.0089951,convex_mesh_per_channel
4,17,2,14,14,7902.528569,564.4663263571,32092.64285327,189,166,101,2,0,0,0,0,0,0,0,0.0087357,convex_mesh_per_channel
4,17,3,14,14,7096.661451,506.9043893571,28023.3072611,190,166,102,2,0,0,0,0,0,0,0,0.0089253,convex_mesh_per_channel
4,17,4,14,14,7096.661451,506.9043893571,28023.3072611,190,166,102,2,35,12,35,0,1127.796986806,390.4674017328,0,0.0263177,convex_mesh_per_channel
4,17,5,14,14,7074.588834,505.3277738571,26737.94415653,230,213,98,1,35,13,35,0,1298.97956708,395.2563647441,0,0.0287869,convex_mesh_per_channel
4,18,0,10,10,8169.578209,816.9578209,31092.89112898,274,249,94,4,0,0,0,0,0,0,0,0.0050902,convex_mesh_per_channel
4,18,1,10,10,9725.467333,972.5467333,37147.33689266,274,249,209,4,0,0,0,0,0,0,0,0.0050216,convex_mesh_per_channel
4,18,2,10,10,10348.998779,1034.8998779,40264.99412363,274,249,209,4,0,0,0,0,0,0,0,0.0050073,convex_mesh_per_channel
4,18,3,10,10,8169.578209,816.9578209,31092.89112898,274,249,94,4,0,0,0,0,0,0,0,0.0052002,convex_mesh_per_channel
4,18,4,10,10,8169.578209,816.9578209,31092.89112898,274,249,94,4,31,13,31,0,981.1353443938,298.0279567036,0,0.0166486,convex_mesh_per_channel
4,18,5,10,10,6736.98293,673.698293,24179.91465818,313,280,2,1,31,12,31,0,854.8712726086,271.5673843075,0,0.0124914,convex_mesh_per_channel
4,19,0,13,13,6092.352947,468.6425343846,23821.7647467,214,193,0,0,0,0,0,0,0,0,0,0.0088642,convex_mesh_per_channel
4,19,1,13,13,6262.220772,481.7092901538,24671.10387141,214,193,0,0,0,0,0,0,0,0,0,0.0088598,convex_mesh_per_channel
4,19,2,13,13,6549.343926,503.7956866154,26131.71963801,213,193,0,0,0,0,0,0,0,0,0,0.008807,convex_mesh_per_channel
4,19,3,13,13,6092.352947,468.6425343846,23821.7647467,214,193,0,0,0,0,0,0,0,0,0,0.0088753,convex_mesh_per_channel
4,19,4,13,13,6092.352947,468.6425343846,23821.7647467,214,193,0,0,34,14,34,0,770.8688959035,271.0223908106,0,0.0270878,convex_mesh_per_channel
4,19,5,13,13,6118.715846,470.6704496923,23893.57924894,215,200,0,0,34,14,34,0,616.7587229503,195.9134296022,0,0.0321382,convex_mesh_per_channel
4,20,0,10,10,6386.181575,638.6181575,23805.90788129,265,241,3,1,0,0,0,0,0,0,0,0.0055906,convex_mesh_per_channel
4,20,1,10,10,6628.67466,662.867466,25043.37330439,264,241,3,1,0,0,0,0,0,0,0,0.005565,convex_mesh_per_channel
4,20,2,10,10,6954.999736,695.4999736,26674.99869193,264,241,3,1,0,0,0,0,0,0,0,0.0055544,convex_mesh_per_channel
4,20,3,10,10,6386.181575,638.6181575,23805.90788129,265,241,3,1,0,0,0,0,0,0,0,0.0055074,convex_mesh_per_channel
4,20,4,10,10,6386.181575,638.6181575,23805.90788129,265,241,3,1,31,12,31,0,1027.901030058,307.9094148635,0,0.0168975,convex_mesh_per_channel
4,20,5,10,10,5985.445945,598.5445945,21812.22971033,264,241,4,1,31,12,31,0,609.453766583,161.3222059208,0,0.0176487,convex_mesh_per_channel
4,21,0,10,10,6875.67173,687.567173,25413.35866107,294,273,0,1,0,0,0,0,0,0,0,0.0039646,convex_mesh_per_channel
4,21,1,10,10,7793.54109,779.354109,28577.70532325,291,273,100,1,0,0,0,0,0,0,0,0.0039551,convex_mesh_per_channel
4,21,2,10,10,8072.305602,807.2305602,29946.52787756,292,273,100,1,0,0,0,0,0,0,0,0.003846,convex_mesh_per_channel
4,21,3,10,10,6875.67173,687.567173,25413.35866107,294,273,0,1,0,0,0,0,0,0,0,0.0038889,convex_mesh_per_channel
4,21,4,10,10,6875.67173,687.567173,25413.35866107,294,273,0,1,31,12,31,0,1021.654175816,196.4185094994,0,0.0120939,convex_mesh_per_channel
4,21,5,10,10,6406.695145,640.6695145,23583.47573536,277,255,0,0,31,13,31,0,1116.928669874,388.4417012545,0,0.0197899,convex_mesh_per_channel
4,22,0,14,14,7388.364691,527.7403350714,28451.82345155,266,232,22,2,0,0,0,0,0,0,0,0.0056825,convex_mesh_per_channel
4,22,1,14,14,8929.676747,637.8340533571,34153.38360998,264,232,159,3,0,0,0,0,0,0,0,0.0056448,convex_mesh_per_channel
4,22,2,14,14,9012.00201,643.7144292857,35390.00994237,264,232,104,2,0,0,0,0,0,0,0,0.0056014,convex_mesh_per_channel
4,22,3,14,14,7388.364691,527.7403350714,28451.82345155,266,232,22,2,0,0,0,0,0,0,0,0.005601,convex_mesh_per_channel
4,22,4,14,14,7388.364691,527.7403350714,28451.82345155,266,232,22,2,35,15,35,0,704.4751840781,203.7219344966,0,0.0167826,convex_mesh_per_channel
4,22,5,14,14,6816.351433,486.8822452143,27301.75715133,211,189,14,1,35,14,35,0,1332.974121004,509.390375252,0,0.0343585,convex_mesh_per_channel
4,23,0,15,15,7030.831369,468.7220912667,28084.15687777,216,190,23,2,0,0,0,0,0,0,0,0.0066798,convex_mesh_per_channel
4,23,1,15,15,8254.577941,550.3051960667,32562.88977721,215,190,134,4,0,0,0,0,0,0,0,0.0067712,convex_mesh_per_channel
4,23,2,15,15,8057.100609,537.1400406,32425.50313929,214,190,79,2,0,0,0,0,0,0,0,0.0067275,convex_mesh_per_channel
4,23,3,15,15,7030.831369,468.7220912667,28084.15687777,216,190,23,2,0,0,0,0,0,0,0,0.0066809,convex_mesh_per_channel
4,23,4,15,15,7030.831369,468.7220912667,28084.15687777,216,190,23,2,36,14,36,0,1102.456688816,367.1013978258,0,0.019849,convex_mesh_per_channel
4,23,5,15,15,6778.675039,451.9116692667,26643.37521996,220,197,26,2,36,14,36,0,1291.924069919,288.085215188,0,0.0207521,convex_mesh_per_channel
4,24,0,15,15,6726.60359,448.4402393333,27073.01796434,209,189,1,0,0,0,0,0,0,0,0,0.0073499,convex_mesh_per_channel
4,24,1,15,15,8199.051166,546.6034110667,33350.25595885,218,190,58,1,0,0,0,0,0,0,0,0.0070774,convex_mesh_per_channel
4,24,2,15,15,8070.576241,538.0384160667,33597.88121526,216,190,2,0,0,0,0,0,0,0,0,0.0072006,convex_mesh_per_channel
4,24,3,15,15,6726.60359,448.4402393333,27073.01796434,209,189,1,0,0,0,0,0,0,0,0,0.0073874,convex_mesh_per_channel
4,24,4,15,15,6726.60359,448.4402393333,27073.01796434,209,189,1,0,36,14,36,0,897.8491845043,283.4830728832,0,0.0219379,convex_mesh_per_channel
4,24,5,15,15,7110.666647,474.0444431333,29083.33316531,191,168,32,1,36,12,36,0,1057.051806849,463.0397864149,0,0.0332554,convex_mesh_per_channel
4,25,0,14,14,7905.780706,564.6986218571,31103.90351843,242,210,65,3,0,0,0,0,0,0,0,0.0070731,convex_mesh_per_channel
4,25,1,14,14,8708.716873,622.0512052143,34048.58438648,241,210,138,3,0,0,0,0,0,0,0,0.0070789,convex_mesh_per_channel
4,25,2,14,14,9504.799842,678.9142744286,37848.99923607,247,210,140,4,0,0,0,0,0,0,0,0.007031,convex_mesh_per_channel
4,25,3,14,14,7905.780706,564.6986218571,31103.90351843,242,210,65,3,0,0,0,0,0,0,0,0.0070288,convex_mesh_per_channel
4,25,4,14,14,7905.780706,564.6986218571,31103.90351843,242,210,65,3,35,14,35,0,621.9159106508,138.9010654306,0,0.0212751,convex_mesh_per_channel
4,25,5,14,14,9246.463464,660.461676,35822.31720282,255,224,171,4,35,15,35,0,835.767454521,280.8313075025,0,0.0222199,convex_mesh_per_channel
4,26,0,10,10,7071.935629,707.1935629,25684.67814689,301,269,37,4,0,0,0,0,0,0,0,0.004143,convex_mesh_per_channel
4,26,1,10,10,7938.288577,793.8288577,28726.44284815,301,269,123,4,0,0,0,0,0,0,0,0.003943,convex_mesh_per_channel
4,26,2,10,10,8160.363899,816.0363899,29836.81945527,301,269,123,4,0,0,0,0,0,0,0,0.0039693,convex_mesh_per_channel
4,26,3,10,10,7071.935629,707.1935629,25684.67814689,301,269,37,4,0,0,0,0,0,0,0,0.0039671,convex_mesh_per_channel
4,26,4,10,10,7071.935629,707.1935629,25684.67814689,301,269,37,4,31,13,31,0,881.0293316553,184.8271492434,0,0.012528,convex_mesh_per_channel
4,26,5,10,10,7070.70325,707.070325,25543.51624843,304,266,42,5,31,14,31,0,975.332817818,227.2345386508,0,0.0157181,convex_mesh_per_channel
4,27,0,14,14,7307.292254,521.9494467143,28816.46123346,232,206,36,2,0,0,0,0,0,0,0,0.0049406,convex_mesh_per_channel
4,27,1,14,14,8174.499585,583.8928275,32122.49778062,230,206,108,2,0,0,0,0,0,0,0,0.0048643,convex_mesh_per_channel
4,27,2,14,14,8469.671389,604.9765277857,33623.35679036,229,206,108,2,0,0,0,0,0,0,0,0.0049666,convex_mesh_per_channel
4,27,3,14,14,7307.292254,521.9494467143,28816.46123346,232,206,36,2,0,0,0,0,0,0,0,0.0050702,convex_mesh_per_channel
4,27,4,14,14,7307.292254,521.9494467143,28816.46123346,232,206,36,2,35,14,35,0,619.5848255966,190.6101335924,0,0.0150649,convex_mesh_per_channel
4,27,5,14,14,7195.557624,513.9684017143,28117.78810488,246,224,16,1,35,14,35,0,895.9805923826,347.9758834162,0,0.0175004,convex_mesh_per_channel
4,28,0,12,12,7375.51997,614.6266641667,28382.59980721,244,218,67,1,0,0,0,0,0,0,0,0.0060636,convex_mesh_per_channel
4,28,1,12,12,8015.227822,667.9356518333,31451.13907567,248,218,69,1,0,0,0,0,0,0,0,0.0060213,convex_mesh_per_channel
4,28,2,12,12,8356.017626,696.3348021667,33285.0880748,244,218,67,1,0,0,0,0,0,0,0,0.0060986,convex_mesh_per_channel
4,28,3,12,12,7375.51997,614.6266641667,28382.59980721,244,218,67,1,0,0,0,0,0,0,0,0.0060785,convex_mesh_per_channel
4,28,4,12,12,7375.51997,614.6266641667,28382.59980721,244,218,67,1,33,13,33,0,967.2371851781,284.1904955711,0,0.0193221,convex_mesh_per_channel
4,28,5,12,12,6569.545288,547.4621073333,24712.72644105,262,236,7,1,33,12,33,0,956.119264511,301.7120889838,0,0.0202203,convex_mesh_per_channel
4,29,0,15,15,9617.708485,641.1805656667,37438.54244195,255,216,188,5,0,0,0,0,0,0,0,0.006816,convex_mesh_per_channel
4,29,1,15,15,9832.103955,655.473597,38520.51978892,248,216,199,5,0,0,0,0,0,0,0,0.0071207,convex_mesh_per_channel
4,29,2,15,15,10690.294358,712.6862905333,42921.47179866,252,216,185,4,0,0,0,0,0,0,0,0.0072234,convex_mesh_per_channel
4,29,3,15,15,9617.708485,641.1805656667,37438.54244195,255,216,188,5,0,0,0,0,0,0,0,0.0067529,convex_mesh_per_channel
4,29,4,15,15,9617.708485,641.1805656667,37438.54244195,255,216,188,5,36,17,36,0,1047.14792357,283.8862922409,0,0.0209575,convex_mesh_per_channel
4,29,5,15,15,8852.350423,590.1566948667,34211.75212843,237,198,184,4,36,13,36,0,731.1130983147,234.6008928026,0,0.0224474,convex_mesh_per_channel
4,30,0,14,14,7014.141154,501.0100824286,27380.70580919,235,209,28,2,0,0,0,0,0,0,0,0.0048588,convex_mesh_per_channel
4,30,1,14,14,8065.319103,576.0942216429,31506.59567801,234,209,105,3,0,0,0,0,0,0,0,0.0047916,convex_mesh_per_channel
4,30,2,14,14,8111.446572,579.3890408571,32047.23302372,233,209,86,2,0,0,0,0,0,0,0,0.0048439,convex_mesh_per_channel
4,30,3,14,14,7014.141154,501.0100824286,27380.70580919,235,209,28,2,0,0,0,0,0,0,0,0.0048595,convex_mesh_per_channel
4,30,4,14,14,7014.141154,501.0100824286,27380.70580919,235,209,28,2,35,13,35,0,788.3437199815,182.8353112582,0,0.0156343,convex_mesh_per_channel
4,30,5,14,14,7798.118132,557.008438,29930.59073765,260,229,71,4,35,15,35,0,1314.737880778,449.9734650367,0,0.0164676,convex_mesh_per_channel
4,31,0,15,15,6537.605623,435.8403748667,25868.02814389,199,168,42,3,0,0,0,0,0,0,0,0.0086933,convex_mesh_per_channel
4,31,1,15,15,7061.67931,470.7786206667,27858.39660531,199,168,84,3,0,0,0,0,0,0,0,0.0085541,convex_mesh_per_channel
4,31,2,15,15,7228.864954,481.9243302667,28694.32482134,199,168,84,3,0,0,0,0,0,0,0,0.008374,convex_mesh_per_channel
4,31,3,15,15,6537.605623,435.8403748667,25868.02814389,199,168,42,3,0,0,0,0,0,0,0,0.0084534,convex_mesh_per_channel
4,31,4,15,15,6537.605623,435.8403748667,25868.02814389,199,168,42,3,36,12,36,0,950.4070156865,318.5363282684,0,0.0253547,convex_mesh_per_channel
4,31,5,15,15,7205.149512,480.3433008,28345.74744861,168,150,157,2,36,12,36,0,1009.962596981,455.1210733329,0,0.0361965,convex_mesh_per_channel
4,32,0,15,15,7789.200387,519.2800258,29741.00194454,259,237,78,2,0,0,0,0,0,0,0,0.0047885,convex_mesh_per_channel
4,32,1,15,15,8106.202092,540.4134728,31281.01047372,259,237,81,2,0,0,0,0,0,0,0,0.0046432,convex_mesh_per_channel
4,32,2,15,15,8905.288031,593.6858687333,35026.44018085,260,237,96,2,0,0,0,0,0,0,0,0.0047317,convex_mesh_per_channel
4,32,3,15,15,7789.200387,519.2800258,29741.00194454,259,237,78,2,0,0,0,0,0,0,0,0.0047657,convex_mesh_per_channel
4,32,4,15,15,7789.200387,519.2800258,29741.00194454,259,237,78,2,36,16,36,0,871.3045758139,205.8260780018,0,0.0161798,convex_mesh_per_channel
4,32,5,15,15,6491.093002,432.7395334667,25865.46499813,201,181,19,1,36,13,36,0,1287.012541346,272.1184972974,0,0.0285122,convex_mesh_per_channel
4,33,0,11,11,6229.198205,566.2907459091,22860.99102858,271,247,0,1,0,0,0,0,0,0,0,0.0051238,convex_mesh_per_channel
4,33,1,11,11,6410.026325,582.7296659091,23790.13162166,270,247,0,1,0,0,0,0,0,0,0,0.0050797,convex_mesh_per_channel
4,33,2,11,11,6425.296527,584.1178660909,23891.48263575,269,247,0,1,0,0,0,0,0,0,0,0.0050359,convex_mesh_per_channel
4,33,3,11,11,6229.198205,566.2907459091,22860.99102858,271,247,0,1,0,0,0,0,0,0,0,0.0051209,convex_mesh_per_channel
4,33,4,11,11,6229.198205,566.2907459091,22860.99102858,271,247,0,1,32,14,32,0,500.6686640627,151.8443626626,0,0.016435,convex_mesh_per_channel
4,33,5,11,11,6580.2832,598.2075636364,23836.41591136,272,251,49,1,32,13,32,0,1118.628596694,337.029756396,0,0.0189063,convex_mesh_per_channel
4,34,0,12,12,6267.637532,522.3031276667,22618.18765822,283,263,2,0,0,0,0,0,0,0,0,0.0042686,convex_mesh_per_channel
4,34,1,12,12,6425.342005,535.4451670833,23431.71002876,282,263,2,0,0,0,0,0,0,0,0,0.0044234,convex_mesh_per_channel
4,34,2,12,12,6663.359942,555.2799951667,24621.79970584,282,263,2,0,0,0,0,0,0,0,0,0.0042324,convex_mesh_per_channel
4,34,3,12,12,6267.637532,522.3031276667,22618.18765822,283,263,2,0,0,0,0,0,0,0,0,0.0042475,convex_mesh_per_channel
4,34,4,12,12,6267.637532,522.3031276667,22618.18765822,283,263,2,0,33,16,33,0,448.2237878709,117.5001300017,0,0.0146882,convex_mesh_per_channel
4,34,5,12,12,5693.612737,474.4677280833,21553.06368759,223,208,0,0,33,12,33,0,797.3709338532,322.8197889048,0,0.0230405,convex_mesh_per_channel
4,35,0,15,15,8995.997825,599.7331883333,36394.98901753,199,167,160,3,0,0,0,0,0,0,0,0.0106598,convex_mesh_per_channel
4,35,1,15,15,9830.975214,655.3983476,40269.87595039,199,167,180,3,0,0,0,0,0,0,0,0.008692,convex_mesh_per_channel
4,35,2,15,15,9450.308161,630.0205440667,40336.54089534,197,167,52,1,0,0,0,0,0,0,0,0.0086518,convex_mesh_per_channel
4,35,3,15,15,8995.997825,599.7331883333,36394.98901753,199,167,160,3,0,0,0,0,0,0,0,0.0085913,convex_mesh_per_channel
4,35,4,15,15,8995.997825,599.7331883333,36394.98901753,199,167,160,3,36,12,36,0,828.2711249607,362.8624732892,0,0.025893,convex_mesh_per_channel
4,35,5,15,15,8053.301424,536.8867616,32106.50694122,209,188,108,2,36,14,36,0,865.5868932354,243.4280836491,0,0.0246576,convex_mesh_per_channel
4,36,0,10,10,6784.371013,678.4371013,24961.85506488,293,277,0,0,0,0,0,0,0,0,0,0.0045336,convex_mesh_per_channel
4,36,1,10,10,7042.541866,704.2541866,26277.70932724,292,277,0,0,0,0,0,0,0,0,0,0.0041506,convex_mesh_per_channel
4,36,2,10,10,7522.126807,752.2126807,28650.63404413,293,277,0,0,0,0,0,0,0,0,0,0.0040938,convex_mesh_per_channel
4,36,3,10,10,6784.371013,678.4371013,24961.85506488,293,277,0,0,0,0,0,0,0,0,0,0.0040888,convex_mesh_per_channel
4,36,4,10,10,6784.371013,678.4371013,24961.85506488,293,277,0,0,31,14,31,0,479.8164955253,110.9784779277,0,0.0129188,convex_mesh_per_channel
4,36,5,10,10,6454.811627,645.4811627,23584.0581416,284,268,0,0,31,14,31,0,381.3831861271,125.3175917608,0,0.0137344,convex_mesh_per_channel
4,37,0,10,10,6364.26302,636.426302,22846.31509638,295,267,1,1,0,0,0,0,0,0,0,0.0036406,convex_mesh_per_channel
4,37,1,10,10,7426.904945,742.6904945,27404.52472962,291,267,58,1,0,0,0,0,0,0,0,0.0037014,convex_mesh_per_channel
4,37,2,10,10,7122.35937,712.235937,26751.79685578,291,267,0,0,0,0,0,0,0,0,0,0.0036214,convex_mesh_per_channel
4,37,3,10,10,6364.26302,636.426302,22846.31509638,295,267,1,1,0,0,0,0,0,0,0,0.0035167,convex_mesh_per_channel
4,37,4,10,10,6364.26302,636.426302,22846.31509638,295,267,1,1,31,14,31,0,568.2416866711,116.3908425597,0,0.012712,convex_mesh_per_channel
4,37,5,10,10,7362.13159,736.213159,26775.65794643,318,286,27,3,31,15,31,0,582.1125726433,119.6553511264,0,0.011197,convex_mesh_per_channel
4,38,0,10,10,6108.741592,610.8741592,21663.70794616,288,262,8,2,0,0,0,0,0,0,0,0.004692,convex_mesh_per_channel
4,38,1,10,10,6146.665621,614.6665621,21853.32809496,288,262,8,2,0,0,0,0,0,0,0,0.0047297,convex_mesh_per_channel
4,38,2,10,10,6412.476921,641.2476921,23157.38459165,289,262,8,2,0,0,0,0,0,0,0,0.0047349,convex_mesh_per_channel
4,38,3,10,10,6108.741592,610.8741592,21663.70794616,288,262,8,2,0,0,0,0,0,0,0,0.0048286,convex_mesh_per_channel
4,38,4,10,10,6108.741592,610.8741592,21663.70794616,288,262,8,2,31,14,31,0,805.458234468,202.2256556341,0,0.0142211,convex_mesh_per_channel
4,38,5,10,10,7093.851983,709.3851983,25759.25987091,296,268,48,2,31,14,31,0,603.9437129319,176.0139806102,0,0.013919,convex_mesh_per_channel
4,39,0,11,11,6388.004829,580.7277117273,23455.02415038,276,259,1,0,0,0,0,0,0,0,0,0.0048047,convex_mesh_per_channel
4,39,1,11,11,6645.305434,604.1186758182,24816.52716476,273,259,1,0,0,0,0,0,0,0,0,0.0047784,convex_mesh_per_channel
4,39,2,11,11,6732.150398,612.0136725455,25200.75199065,275,259,1,1,0,0,0,0,0,0,0,0.0047379,convex_mesh_per_channel
4,39,3,11,11,6388.004829,580.7277117273,23455.02415038,276,259,1,0,0,0,0,0,0,0,0,0.0048002,convex_mesh_per_channel
4,39,4,11,11,6388.004829,580.7277117273,23455.02415038,276,259,1,0,32,15,32,0,964.8188287184,258.4840791816,0,0.0149912,convex_mesh_per_channel
4,39,5,11,11,6216.98732,565.1806654545,23354.93659188,251,230,2,0,32,13,32,0,854.1119189917,305.9032403594,0,0.0246399,convex_mesh_per_channel
4,40,0,13,13,6128.338616,471.4106627692,23926.69308767,215,200,1,0,0,0,0,0,0,0,0,0.0063336,convex_mesh_per_channel
4,40,1,13,13,6384.589253,491.1222502308,25232.94626541,214,200,1,0,0,0,0,0,0,0,0,0.0061789,convex_mesh_per_channel
4,40,2,13,13,6916.35994,532.0276876923,27866.79969443,215,200,1,0,0,0,0,0,0,0,0,0.0062277,convex_mesh_per_channel
4,40,3,13,13,6128.338616,471.4106627692,23926.69308767,215,200,1,0,0,0,0,0,0,0,0,0.0078168,convex_mesh_per_channel
4,40,4,13,13,6128.338616,471.4106627692,23926.69308767,215,200,1,0,34,12,34,0,726.7474943777,219.7185456259,0,0.0211365,convex_mesh_per_channel
4,40,5,13,13,5878.47866,452.1906661538,22722.39329728,214,196,1,0,34,12,34,0,1194.223664115,291.2097346529,0,0.0240299,convex_mesh_per_channel
