kind,date,baseline_yuan,main_yuan,saving_yuan
q2,2025-02-01,26283.872570017378,24719.059512919477,1564.813057097901
q2,2025-02-02,58480.87771358886,57257.918170130564,1222.9595434582952
q2,2025-02-03,57082.96972926299,56025.30456404348,1057.6651652195142
q2,2025-02-04,56313.95143931027,55851.80305681804,462.1483824922325
q2,2025-02-05,55851.82761681816,55099.2417147477,752.5859020704593
q2,2025-02-06,57916.297052712755,57163.206316065145,753.0907366476094
q2,2025-02-07,23584.257023399525,22281.8241824595,1302.432840940026
q2,2025-02-08,21332.97817567671,20369.71350255766,963.2646731190507
q2,2025-02-09,54908.951743664285,55484.55958769821,-575.6078440339261
q2,2025-02-10,54623.062291302,54105.51664430571,517.5456469962883
q2,2025-02-11,53687.60612758469,53232.23367924897,455.3724483357146
q2,2025-02-12,53165.607586015285,52711.32753286449,454.28005315079645
q2,2025-02-13,51844.385634103426,51400.68082699117,443.70480711225537
q2,2025-02-14,19631.14565117888,18959.408955718023,671.7366954608551
q2,2025-02-15,19536.289735887593,19152.29889324467,383.99084264292105
q2,2025-02-16,50776.18573477879,50429.013652966554,347.17208181223396
q2,2025-02-17,50464.50302193621,50008.94360664979,455.5594152864214
q2,2025-02-18,49503.56394361806,48645.0455784913,858.518365126758
q2,2025-02-19,48940.182639714156,48314.5375675854,625.6450721287547
q2,2025-02-20,49363.68622629916,48626.97976061047,736.7064656886942
q2,2025-02-21,18543.877388756282,18085.198467765673,458.6789209906092
q2,2025-02-22,19430.72754130445,19070.198847308955,360.5286939954967
q2,2025-02-23,48032.97601455386,47242.84867587064,790.1273386832181
q2,2025-02-24,48470.3541608822,48116.1744931461,354.17966773609805
q2,2025-02-25,47812.618407091126,46906.2152252604,906.4031818307267
q2,2025-02-26,47569.7327559361,46980.99599641771,588.7367595183896
q2,2025-02-27,44832.71733384809,44012.805949557485,819.9113842906081
q2,2025-02-28,17987.776503960893,17501.731991662513,486.04451229838014
q2,2025-03-01,18865.197788167243,18532.020735386366,333.1770527808767
q2,2025-03-02,64525.52719334887,60674.49514847352,3851.032044875348
q2,2025-03-03,59796.33093572929,55861.49854121808,3934.832394511206
q2,2025-03-04,46843.13294125055,46159.90630114573,683.2266401048182
q2,2025-03-05,48626.79937704501,47637.23019302447,989.56918402054
q2,2025-03-06,47233.86878807891,46406.15173943514,827.7170486437681
q2,2025-03-07,17145.426625769407,16786.1002490937,359.32637667570816
q2,2025-03-08,18242.18332596428,18187.000987933734,55.182338030546816
q2,2025-03-09,45879.92892215127,44909.64680571543,970.2821164358465
q2,2025-03-10,45129.275965326655,45867.983496164845,-738.70753083819
q2,2025-03-11,44007.93054402827,43679.63527249769,328.29527153058007
q2,2025-03-12,44148.45365924736,43286.46476273553,861.9888965118298
q2,2025-03-13,45553.285017168346,48419.40241048546,-2866.117393317116
q2,2025-03-14,16263.187818217277,15816.38410959101,446.8037086262666
q2,2025-03-15,17943.059628779378,17614.98536692784,328.07426185153963
q2,2025-03-16,43181.32807434438,42517.783638549896,663.5444357944871
q2,2025-03-17,43877.517271009056,43112.27227060588,765.245000403178
q2,2025-03-18,43291.086964725924,41636.99534776772,1654.0916169582051
q2,2025-03-19,41773.496781964444,40942.389532472385,831.107249492059
q2,2025-03-20,40801.997935587686,40779.74321101731,22.2547245703754
q2,2025-03-21,15827.35572070688,15841.910252134587,-14.554531427706024
q2,2025-03-22,18225.151916418774,17888.65449778607,336.4974186327054
q2,2025-03-23,41418.91585719174,40550.20779688722,868.7080603045251
q2,2025-03-24,40668.75129453831,39482.72147737141,1186.0298171669056
q2,2025-03-25,40005.189457566055,39968.043273421266,37.146184144789004
q2,2025-03-26,40290.19369484099,39690.787258559794,599.4064362811987
q2,2025-03-27,38593.77664567965,37929.00056874957,664.7760769300803
q2,2025-03-28,15295.946984752172,15120.176906789176,175.77007796299586
q2,2025-03-29,16962.30686756783,16737.191985536378,225.114882031452
q2,2025-03-30,39311.366043729235,38685.979786102296,625.3862576269385
q2,2025-03-31,38582.90330872036,37738.5252483954,844.3780603249543
q2,2025-04-01,38993.61661501929,41577.37702142737,-2583.7604064080806
q2,2025-04-02,44508.09276743543,47003.76215615,-2495.6693887145666
q2,2025-04-03,37169.14165597498,36840.04989408123,329.09176189374557
q2,2025-04-04,14865.78346854555,14448.815752868337,416.96771567721225
q2,2025-04-05,17023.83317317319,16757.187360393604,266.64581277958496
q2,2025-04-06,37130.231094135226,36565.060108309124,565.170985826102
q2,2025-04-07,38942.131681156454,38125.678442803866,816.4532383525875
q2,2025-04-08,38811.57875109905,38575.001285286315,236.57746581273386
q2,2025-04-09,38738.13422902716,39919.50773766921,-1181.3735086420565
q2,2025-04-10,34764.87636766792,33983.77926356063,781.0971041072917
q2,2025-04-11,14093.646698663106,13625.721805853309,467.9248928097968
q2,2025-04-12,16951.2727302094,16646.43077495769,304.841955251708
q2,2025-04-13,37296.50897247954,36839.2793419422,457.2296305373384
q2,2025-04-14,37565.80300824844,36030.072738770235,1535.7302694782047
q2,2025-04-15,37336.30945736225,36216.075701875074,1120.2337554871774
q2,2025-04-16,38010.0171857707,37088.74831801445,921.2688677562546
q2,2025-04-17,34504.52581527196,33457.91804998458,1046.6077652873792
q2,2025-04-18,13921.09478906571,13377.376648395935,543.7181406697746
q2,2025-04-19,16041.809474894984,15793.384073425994,248.42540146899046
q2,2025-04-20,36761.433685214164,35876.74575058404,884.6879346301212
q2,2025-04-21,36618.194734549776,35677.689022294,940.5057122557773
q2,2025-04-22,35971.64076677107,34867.096488941424,1104.544277829642
q2,2025-04-23,36136.91221517187,35269.79249434204,867.1197208298327
q2,2025-04-24,32966.65201678371,31920.570602299933,1046.081414483775
q2,2025-04-25,13029.978432937703,12559.141097736861,470.83733520084206
q2,2025-04-26,15715.048718902364,18405.672619189296,-2690.6239002869315
q2,2025-04-27,41634.949099628735,37394.01132472495,4240.9377749037885
q2,2025-04-28,58732.11216046019,50473.9658035114,8258.14635694879
q2,2025-04-29,36990.919985883695,34638.23119445748,2352.6887914262115
q2,2025-04-30,36493.848161018046,35428.77378835276,1065.0743726652872
q2,2025-05-01,42757.86156877086,41088.41821394526,1669.4433548255984
q2,2025-05-02,25491.451389702583,26413.882016618256,-922.4306269156732
q2,2025-05-03,22240.647191582815,22141.548352964805,99.09883861801063
q2,2025-05-04,43974.38774064118,43545.569698058076,428.8180425831015
q2,2025-05-05,45924.054172712385,43732.95150548586,2191.102667226529
q2,2025-05-06,43455.471226380265,41638.52226631572,1816.9489600645466
q2,2025-05-07,48925.97739425313,47281.86422841262,1644.1131658405138
q2,2025-05-08,38342.9275080203,38106.42363234416,236.50387567614234
q2,2025-05-09,16558.89707853619,16505.946484608103,52.950593928086164
q2,2025-05-10,18163.925116512193,17982.728909206067,181.19620730612587
q2,2025-05-11,39001.32560127806,37803.9067737205,1197.4188275575652
q2,2025-05-12,40642.94767939793,40580.96360674889,61.984072649036534
q2,2025-05-13,41866.064891078066,41928.10729023888,-62.04239916081133
q2,2025-05-14,39840.084294887034,39972.04281941191,-131.95852452487452
q2,2025-05-15,35543.31668923214,34296.99290932737,1246.323779904771
q2,2025-05-16,15923.220096275358,16345.353280913136,-422.13318463777796
q2,2025-05-17,19072.726660306245,18922.317903903415,150.40875640283048
q2,2025-05-18,40000.34241236845,39598.555786375575,401.7866259928778
q2,2025-05-19,38026.61983500152,37351.1404465824,675.4793884191167
q2,2025-05-20,37188.28308123786,38632.721336450675,-1444.4382552128154
q2,2025-05-21,39369.99954705084,38980.65986218405,389.3396848667835
q2,2025-05-22,36133.58979313007,35929.85569898099,203.73409414908383
q2,2025-05-23,14501.357619707273,13989.383460636887,511.9741590703852
q2,2025-05-24,18166.199551296464,17608.845524967484,557.3540263289797
q2,2025-05-25,37695.20663600771,36534.06441913714,1161.1422168705685
q2,2025-05-26,37209.55474215449,42193.87838334914,-4984.323641194649
q2,2025-05-27,40294.54828593855,40411.199725792736,-116.65143985418399
q2,2025-05-28,37823.64565821538,36473.065303437965,1350.5803547774121
q2,2025-05-29,33227.90807850596,33893.60930651557,-665.7012280096096
q2,2025-05-30,15888.471900586914,16082.306933800584,-193.8350332136706
q2,2025-05-31,18587.10272594978,18661.695382772214,-74.59265682243495
q2,2025-06-01,97562.57594216173,81346.25360837516,16216.322333786564
q2,2025-06-02,85529.28583323724,78097.66764450769,7431.618188729553
q2,2025-06-03,63524.58235636524,66550.31440399747,-3025.7320476322348
q2,2025-06-04,57814.312203131354,62246.86213134734,-4432.549928215987
q2,2025-06-05,60516.89664526371,60912.5383999595,-395.64175469578913
q2,2025-06-06,42079.586810066256,41629.98305666065,449.6037534056086
q2,2025-06-07,37440.01605501094,39056.06432573131,-1616.04827072037
q2,2025-06-08,58912.11491130544,59299.20050478683,-387.08559348138806
q2,2025-06-09,55729.68413717404,55879.4374995983,-149.7533624242642
q2,2025-06-10,52032.874031424784,51046.54444073796,986.3295906868225
q2,2025-06-11,57660.380975261636,55153.23466116034,2507.1463141012937
q2,2025-06-12,55807.60332511331,54864.464290478856,943.139034634456
q2,2025-06-13,27217.047871447226,26418.892579138912,798.1552923083145
q2,2025-06-14,26490.993740141428,27830.609183281565,-1339.6154431401374
q2,2025-06-15,53044.96241807701,51799.45781947363,1245.5045986033801
q2,2025-06-16,55855.79252648148,56676.214976843155,-820.4224503616788
q2,2025-06-17,58339.21765678993,59053.135776879826,-713.9181200898965
q2,2025-06-18,57718.656349917015,58528.2976650047,-809.6413150876833
q2,2025-06-19,51715.21815930973,48924.02347791837,2791.19468139136
q2,2025-06-20,23505.25134539289,21363.09158145697,2142.1597639359206
q2,2025-06-21,27220.45465378183,28888.198870329452,-1667.7442165476205
q2,2025-06-22,55606.0668050495,56363.180835402716,-757.1140303532156
q2,2025-06-23,50585.21852213162,49150.50725517124,1434.7112669603812
q2,2025-06-24,58566.59553969105,57001.08768848115,1565.507851209899
q2,2025-06-25,49406.05541894378,48391.851190981855,1014.2042279619272
q2,2025-06-26,56762.28291752775,55742.83371863137,1019.4491988963782
q2,2025-06-27,22055.81360366086,22860.137182879516,-804.323579218657
q2,2025-06-28,22181.488928393694,21385.218568079486,796.2703603142072
q2,2025-06-29,49556.022506772526,48602.60866868283,953.4138380896984
q2,2025-06-30,53610.228295207824,54243.0797906018,-632.8514953939739
q2,2025-07-01,62283.588976729196,59944.94638360853,2338.6425931206686
q2,2025-07-02,59742.79989304433,57779.12074898954,1963.6791440547895
q2,2025-07-03,69931.77354931054,68630.53118175219,1301.242367558356
q2,2025-07-04,37079.01317355531,34541.96482655901,2537.0483469963
q2,2025-07-05,37426.90400800245,36565.62882229624,861.2751857062103
q2,2025-07-06,74887.75241200213,70750.05074017188,4137.7016718302475
q2,2025-07-07,67749.48784308867,67286.7450455341,462.74279755457246
q2,2025-07-08,58289.68406918185,58440.044427507135,-150.36035832528432
q2,2025-07-09,57032.15376787213,56974.1563503153,57.99741755682771
q2,2025-07-10,53622.70769138353,52298.53314663513,1324.1745447484063
q2,2025-07-11,27148.73354420958,26535.62316407521,613.1103801343706
q2,2025-07-12,32180.90800900038,32855.288869406584,-674.3808604062033
q2,2025-07-13,58205.36180987289,57823.46271237625,381.89909749664366
q2,2025-07-14,57723.01603069786,57943.600761570175,-220.58473087231687
q2,2025-07-15,53359.926316730256,52020.256218672854,1339.6700980574024
q2,2025-07-16,55621.60610349693,55519.11327400258,102.49282949435292
q2,2025-07-17,53418.456000868,52803.38722069055,615.0687801774475
q2,2025-07-18,28869.467151782857,28698.656416636644,170.81073514621312
q2,2025-07-19,28832.473259198065,28218.695846988812,613.7774122092524
q2,2025-07-20,53123.687233217104,51656.85315481135,1466.834078405751
q2,2025-07-21,56154.43124344653,56106.351843622964,48.079399823567655
q2,2025-07-22,55334.204372039145,55107.746262136185,226.45810990296013
q2,2025-07-23,55012.92931864942,53576.13211791153,1436.7972007378849
q2,2025-07-24,51859.271625779395,49718.8742167193,2140.397409060097
q2,2025-07-25,25801.85433364093,25292.91209141894,508.94224222199045
q2,2025-07-26,31655.089577279377,32177.79987942461,-522.7103021452313
q2,2025-07-27,56433.00248773141,56891.30060952685,-458.2981217954366
q2,2025-07-28,53067.72055016212,54093.326194964626,-1025.6056448025047
q2,2025-07-29,55184.72032575894,53924.13628325429,1260.5840425046554
q2,2025-07-30,57620.28757879118,57452.05519373054,168.2323850606408
q2,2025-07-31,55670.95662454347,54860.01523276136,810.9413917821075
q2,2025-08-01,28317.546432148967,28303.947395796364,13.599036352603434
q2,2025-08-02,28101.065250036627,27359.5095252294,741.5557248072255
q2,2025-08-03,52710.0115168372,51193.19377529371,1516.8177415434911
q2,2025-08-04,53018.096456385625,51425.86166753774,1592.2347888478835
q2,2025-08-05,51358.40483674122,49938.720232760505,1419.6846039807133
q2,2025-08-06,49398.73247490326,48641.126196083555,757.6062788197087
q2,2025-08-07,46750.77562086638,45222.22149036224,1528.5541305041406
q2,2025-08-08,24794.45882623642,24421.437788534524,373.0210377018957
q2,2025-08-09,26044.95182554136,25292.650713478753,752.301112062607
q2,2025-08-10,47546.15979531196,46519.182157291165,1026.9776380207986
q2,2025-08-11,48900.38506331033,46794.769072760275,2105.6159905500535
q2,2025-08-12,51490.87821445384,49087.57921823278,2403.298996221063
q2,2025-08-13,48286.569519933095,46538.19753380706,1748.3719861260324
q2,2025-08-14,45382.573957281,43732.49015443715,1650.0838028438448
q2,2025-08-15,23741.568391753863,23428.180236591375,313.38815516248724
q2,2025-08-16,26473.95367295405,26163.20898087028,310.7446920837683
q2,2025-08-17,48994.450442498855,47119.86519806132,1874.5852444375341
q2,2025-08-18,48087.79934809108,45706.81393305995,2380.9854150311294
q2,2025-08-19,47766.46415334011,46139.735846107134,1626.7283072329737
q2,2025-08-20,52447.218271927544,56123.13924025041,-3675.920968322869
q2,2025-08-21,46094.10864103245,44829.24332541988,1264.8653156125729
q2,2025-08-22,24245.98426229766,25983.343971938273,-1737.359709640612
q2,2025-08-23,26517.95287607036,26053.21223170146,464.7406443689033
q2,2025-08-24,48526.95926051608,46493.73470280822,2033.2245577078575
q2,2025-08-25,50938.976637378066,50353.11287308995,585.8637642881149
q2,2025-08-26,49432.498776344546,47665.96777074785,1766.5310055966984
q2,2025-08-27,50230.70156738977,49182.434397681995,1048.2671697077749
q2,2025-08-28,46927.935187334355,52374.19842628197,-5446.263238947613
q2,2025-08-29,25726.218058273233,25918.10816515187,-191.8901068786363
q2,2025-08-30,26973.98441139378,26471.855707353567,502.12870404021305
q2,2025-08-31,50858.70951947254,49080.75467494236,1777.954844530177
q2,2025-09-01,49862.853841708726,48964.542679330145,898.3111623785808
q2,2025-09-02,48186.4384344253,47015.55509135485,1170.8833430704472
q2,2025-09-03,47808.342853039816,46427.97949294669,1380.363360093128
q2,2025-09-04,47623.68746804236,46360.62698051789,1263.060487524468
q2,2025-09-05,22463.714251709782,22306.721205944836,156.99304576494615
q2,2025-09-06,26191.921765936437,26261.376896086374,-69.45513014993776
q2,2025-09-07,47561.71382258321,46144.73832744459,1416.9754951386203
q2,2025-09-08,48527.185148069024,43850.53164619081,4676.653501878216
q2,2025-09-09,41301.20900324506,40389.62539946655,911.5836037785048
q2,2025-09-10,45049.206914517184,49208.38925294703,-4159.182338429848
q2,2025-09-11,38610.01651575084,37058.962054884425,1551.0544608664131
q2,2025-09-12,17919.906569609564,18242.41700173186,-322.51043212229706
q2,2025-09-13,19894.548048565797,19718.69810063435,175.8499479314487
q2,2025-09-14,41240.14881534471,40801.05449240807,439.09432293664577
q2,2025-09-15,41845.198956286025,40591.92133647603,1253.2776198099964
q2,2025-09-16,41594.87331022211,40645.01038300182,949.8629272202888
q2,2025-09-17,42508.8072336608,41950.498593978235,558.3086396825674
q2,2025-09-18,40444.585774064755,39542.28281796302,902.302956101732
q2,2025-09-19,18794.73475989757,18315.82656314684,478.90819675073
q2,2025-09-20,20451.889996154634,21221.260403369823,-769.3704072151886
q2,2025-09-21,44325.0432011768,43520.11108097635,804.9321202004503
q2,2025-09-22,43190.81868233404,41734.472256393,1456.3464259410393
q2,2025-09-23,45210.24041957365,44591.62552505582,618.6148945178356
q2,2025-09-24,44546.93039492736,42954.32523117754,1592.6051637498167
q2,2025-09-25,43243.72949081146,42346.52151161633,897.2079791951328
q2,2025-09-26,18942.821717333576,18641.62339273269,301.1983246008858
q2,2025-09-27,20863.59267823252,26984.598817514016,-6121.006139281497
q2,2025-09-28,45147.25532301376,43972.61810219825,1174.637220815508
q2,2025-09-29,45724.69576381997,44289.3020492862,1435.3937145337695
q2,2025-09-30,45825.96864201627,45697.48426966195,128.4843723543163
q2,2025-10-01,45332.303075626085,44664.28970811651,668.0133675095785
q2,2025-10-02,41852.85761179995,40767.44562898339,1085.4119828165567
q2,2025-10-03,17919.16541477346,17237.674083016005,681.4913317574537
q2,2025-10-04,20823.706504880225,20463.775736222695,359.9307686575303
q2,2025-10-05,42981.495911131526,43032.99926355149,-51.50335241996072
q2,2025-10-06,42055.921888657525,41245.89156046528,810.0303281922461
q2,2025-10-07,43184.44264096292,42611.17212049832,573.2705204646045
q2,2025-10-08,39045.54365909239,39260.60055739114,-215.0568982987461
q2,2025-10-09,40044.74481155969,38556.75538795735,1487.9894236023392
q2,2025-10-10,16915.166407572553,16405.69442233165,509.47198524090345
q2,2025-10-11,18399.41433302645,18041.219345859005,358.1949871674442
q2,2025-10-12,40918.27348374372,39782.03816418571,1136.2353195580072
q2,2025-10-13,41636.704045356964,40790.311982532396,846.3920628245687
q2,2025-10-14,41692.38096509251,41297.10115633752,395.27980875498906
q2,2025-10-15,41842.50787621789,41009.908671395635,832.5992048222543
q2,2025-10-16,48319.04146161981,45583.64995124943,2735.391510370384
q2,2025-10-17,17778.14226223647,17392.08501061036,386.05725162610906
q2,2025-10-18,18647.842754014273,18444.331537468483,203.51121654579038
q2,2025-10-19,48726.6380889739,46548.51453695506,2178.123552018842
q2,2025-10-20,46971.54964201638,45518.9465902395,1452.6030517768813
q2,2025-10-21,44601.735875476166,44688.506479214,-86.77060373783024
q2,2025-10-22,47984.79373681635,47255.96542905454,728.8283077618107
q2,2025-10-23,44772.617989872335,43875.94993695592,896.668052916415
q2,2025-10-24,17858.864329353637,17077.431620432923,781.4327089207145
q2,2025-10-25,19465.66481661164,19318.383181447916,147.28163516372297
q2,2025-10-26,46997.95329463098,46673.24025627036,324.71303836062
q2,2025-10-27,46423.79032392045,45709.34855078223,714.44177313822
q2,2025-10-28,45476.75606797153,44681.481129039516,795.2749389320161
q2,2025-10-29,46700.29941835252,47720.32838003003,-1020.0289616775044
q2,2025-10-30,44894.51520170412,44267.39619452297,627.1190071811507
q2,2025-10-31,18581.308385070995,18164.98293875973,416.3254463112644
q2,2025-11-01,19222.20684527457,19107.49324268996,114.71360258460845
q2,2025-11-02,48419.540850576384,46776.87171145528,1642.6691391211061
q2,2025-11-03,47994.63049242798,47243.26697256086,751.3635198671254
q2,2025-11-04,48748.91874309299,47691.53172725714,1057.3870158358477
q2,2025-11-05,49712.06086095024,48885.36787776004,826.6929831901944
q2,2025-11-06,51992.579060684075,51152.191531016986,840.3875296670885
q2,2025-11-07,19125.544779816824,19363.267602783664,-237.72282296683989
q2,2025-11-08,19795.8233736181,19361.08950766547,434.73386595262855
q2,2025-11-09,50435.64169694194,49867.6789027951,567.9627941468352
q2,2025-11-10,49742.79647889588,50076.428108120956,-333.63162922507763
q2,2025-11-11,50295.13393775066,49334.87785856376,960.2560791868964
q2,2025-11-12,50511.23863162905,49666.070155030124,845.1684765989266
q2,2025-11-13,51500.49167572683,51007.91356759455,492.57810813227843
q2,2025-11-14,19779.661957814005,19039.887664954185,739.77429285982
q2,2025-11-15,19530.71848427008,19152.746079746736,377.9724045233452
q2,2025-11-16,51359.09608810861,50631.02722628882,728.0688618197892
q2,2025-11-17,53262.241255943576,52613.44906876382,648.7921871797589
q2,2025-11-18,52621.57700986932,51929.88380898919,691.6932008801305
q2,2025-11-19,51468.30459940007,50773.41883707992,694.8857623201548
q2,2025-11-20,52634.402370678654,52102.21125254771,532.1911181309406
q2,2025-11-21,20812.20665230456,20115.84149597658,696.3651563279818
q2,2025-11-22,20643.674054332238,19913.46129379153,730.2127605407077
q2,2025-11-23,53610.38941177709,52818.67864726047,791.7107645166179
q2,2025-11-24,52423.98763926771,51749.0994643522,674.8881749155116
q2,2025-11-25,53841.30576567813,53322.251774253375,519.0539914247565
q2,2025-11-26,54221.201589918375,53265.92820958222,955.2733803361552
q2,2025-11-27,53760.71192186203,52933.93615530907,826.7757665529571
q2,2025-11-28,20875.32501195607,19883.857935995726,991.4670759603432
q2,2025-11-29,21453.742069156953,21720.61413096165,-266.8720618046973
q2,2025-11-30,54823.13357318794,54661.2739358912,161.85963729673676
q2,2025-12-01,74793.0496684867,74904.25051757025,-111.20084908355784
q2,2025-12-02,85470.58478228512,84619.56881078574,851.0159714993788
q2,2025-12-03,70568.1375618361,71342.91732228859,-774.7797604524822
q2,2025-12-04,71633.60729344183,70645.75990985389,987.8473835879413
q2,2025-12-05,28303.913939532078,29154.5515350473,-850.6375955152216
q2,2025-12-06,30241.84736619905,31642.671170843525,-1400.8238046444749
q2,2025-12-07,67244.55851768781,68279.07922595089,-1034.5207082630805
q2,2025-12-08,65422.04900172341,65468.43083375339,-46.38183202997607
q2,2025-12-09,65685.08697037259,65290.81589157863,394.2710787939577
q2,2025-12-10,63049.914395230866,62342.60418130377,707.3102139270995
q2,2025-12-11,63891.292382440675,62974.88190006722,916.4104823734524
q2,2025-12-12,28928.65768481286,28713.89215456994,214.76553024291934
q2,2025-12-13,30171.626201364812,29934.800954175902,236.82524718891
q2,2025-12-14,65392.59041442215,65477.28483487156,-84.69442044941388
q2,2025-12-15,63619.3295120987,62457.61004571118,1161.7194663875198
q2,2025-12-16,65343.84635117379,65315.69941657209,28.146934601696557
q2,2025-12-17,66223.39177672463,66081.92414421184,141.4676325127948
q2,2025-12-18,64379.415578295535,64321.377512462765,58.03806583277037
q2,2025-12-19,28315.64037965216,27233.042616718027,1082.5977629341323
q2,2025-12-20,28226.571305381593,27370.619386450297,855.951918931296
q2,2025-12-21,65866.66804321484,65624.74936722562,241.91867598921817
q2,2025-12-22,65081.529400658255,64567.741111597425,513.7882890608307
q2,2025-12-23,64092.64279941295,62857.995043551826,1234.6477558611223
q2,2025-12-24,63500.30929146107,62134.465579468626,1365.843711992442
q2,2025-12-25,63571.088285775906,63535.9225053287,35.16578044720518
q2,2025-12-26,29902.936511210377,29419.46446708725,483.47204412312567
q2,2025-12-27,29264.084474678013,28758.22504852577,505.85942615224485
q2,2025-12-28,63995.189233701065,63190.2481877974,804.9410459036662
q2,2025-12-29,63922.581952047316,62675.54820193285,1247.0337501144677
q2,2025-12-30,64881.71497681686,64725.043967065656,156.6710097512041
q2,2025-12-31,62965.62275511754,63531.52791057029,-565.9051554527468
q3,2025-02-01,26274.210537262057,25061.315363129674,1212.8951741323835
q3,2025-02-02,57761.37601942841,56495.873248289776,1265.5027711386356
q3,2025-02-03,58338.32432745832,56960.26660804189,1378.0577194164289
q3,2025-02-04,60071.57470571865,59582.60426851739,488.97043720126385
q3,2025-02-05,56615.51004407529,55603.63605770032,1011.8739863749652
q3,2025-02-06,58913.35726844608,57654.05122056157,1259.3060478845146
q3,2025-02-07,24218.710891871156,22871.05320393016,1347.657687940995
q3,2025-02-08,20640.64937666851,19873.440848164704,767.2085285038047
q3,2025-02-09,55890.42550604997,55363.63556396292,526.7899420870526
q3,2025-02-10,53166.229189006146,52009.803301689695,1156.4258873164508
q3,2025-02-11,53028.927853947054,52428.21839275008,600.7094611969733
q3,2025-02-12,52586.406574088316,51545.361681042166,1041.0448930461498
q3,2025-02-13,50230.48042483818,49700.93043904001,529.5499857981704
q3,2025-02-14,21171.62714907858,19676.151243743123,1495.4759053354574
q3,2025-02-15,20792.855717963306,19643.138072344067,1149.7176456192392
q3,2025-02-16,52554.6904826775,52827.69962066136,-273.0091379838632
q3,2025-02-17,51090.13916716263,50723.97035064979,366.1688165128435
q3,2025-02-18,49056.777834940905,48787.14184939653,269.6359855443734
q3,2025-02-19,49550.126293243186,49470.13823559152,79.98805765166617
q3,2025-02-20,49103.347231974716,48450.46698809857,652.8802438761486
q3,2025-02-21,18721.87535217465,18187.908816999236,533.9665351754156
q3,2025-02-22,19798.680440122112,19269.678005565773,529.0024345563397
q3,2025-02-23,49485.14682711911,48360.87115831193,1124.2756688071822
q3,2025-02-24,47625.78593366921,46997.46483165723,628.3211020119852
q3,2025-02-25,48029.38690548274,47001.27150807952,1028.1153974032204
q3,2025-02-26,47221.53475432092,46561.51402211211,660.0207322088099
q3,2025-02-27,44805.61479114003,44437.06555062451,368.5492405155237
q3,2025-02-28,18117.446777534264,17538.13559908332,579.311178450942
q3,2025-03-01,21147.349013490577,20665.073505930974,482.2755075596033
q3,2025-03-02,51259.95251490976,50494.01787718423,765.9346377255279
q3,2025-03-03,50644.04222444547,50100.80055531296,543.2416691325052
q3,2025-03-04,47501.7370445902,47423.706622814796,78.03042177540192
q3,2025-03-05,47893.478956717845,49032.9080693119,-1139.429112594058
q3,2025-03-06,45080.631496085596,44520.33547921425,560.2960168713471
q3,2025-03-07,17529.202336162387,16994.26853509996,534.9338010624269
q3,2025-03-08,18558.238635341007,18563.4355351028,-5.196899761791428
q3,2025-03-09,45379.21623752243,44378.2688547265,1000.94738279593
q3,2025-03-10,45854.457662055414,45399.714240201734,454.74342185368005
q3,2025-03-11,43733.25010768168,43035.179756483965,698.0703511977117
q3,2025-03-12,43736.338393362865,43639.97432485917,96.36406850369531
q3,2025-03-13,45170.27895856554,44690.13377020809,480.1451883574482
q3,2025-03-14,16724.623467309124,16353.50234718422,371.12112012490434
q3,2025-03-15,18238.07684535552,18149.75991502477,88.31693033075135
q3,2025-03-16,45060.84596199422,44314.276993692416,746.5689683018063
q3,2025-03-17,40233.11459602948,40094.97639351686,138.13820251262223
q3,2025-03-18,44936.2249201,44005.567892364445,930.6570277355568
q3,2025-03-19,41718.92242980229,41034.480096148065,684.4423336542241
q3,2025-03-20,41405.446476715595,41031.60181094053,373.8446657750683
q3,2025-03-21,15700.71416511957,15458.749725268528,241.9644398510427
q3,2025-03-22,18798.752657452707,18660.57994071426,138.1727167384488
q3,2025-03-23,43196.49204987298,42431.540278755594,764.951771117383
q3,2025-03-24,41676.58040103465,40195.94844517171,1480.6319558629402
q3,2025-03-25,43543.33855432331,43387.33813214231,156.00042218100134
q3,2025-03-26,40440.93690638091,39697.4552481705,743.4816582104104
q3,2025-03-27,38897.041669976345,37796.60755395042,1100.434116025921
q3,2025-03-28,16326.162821109945,15782.505606435761,543.6572146741837
q3,2025-03-29,17259.34213303578,17168.963826151157,90.37830688462418
q3,2025-03-30,39573.325588195636,39103.210394178765,470.1151940168711
q3,2025-03-31,37999.62022130757,37210.338996167964,789.2812251396026
q3,2025-04-01,41374.65398166626,41359.11006429662,15.543917369643168
q3,2025-04-02,41740.44890615065,41459.40295478355,281.04595136709395
q3,2025-04-03,39493.21860981437,38814.24176720009,678.9768426142837
q3,2025-04-04,14654.664166566523,14269.6415445582,385.0226220083223
q3,2025-04-05,16970.823348949667,17126.329951145715,-155.50660219604833
q3,2025-04-06,38814.661781226125,38038.748067936605,775.9137132895194
q3,2025-04-07,36873.455397086975,35788.87675779763,1084.5786392893424
q3,2025-04-08,39797.11808672284,39259.70174473477,537.4163419880715
q3,2025-04-09,40836.37040534514,40306.17004149628,530.2003638488532
q3,2025-04-10,36088.27762446391,35045.09357572114,1043.184048742769
q3,2025-04-11,13522.331825684629,13493.856395935156,28.475429749472823
q3,2025-04-12,17244.394645927627,16878.40233863119,365.9923072964375
q3,2025-04-13,37166.820532894715,36802.84618062223,363.97435227248207
q3,2025-04-14,36941.23614764399,37068.61280189386,-127.37665424987063
q3,2025-04-15,36152.78157536521,34661.31735872866,1491.464216636552
q3,2025-04-16,38237.561787316794,37378.01405597477,859.547731342027
q3,2025-04-17,33628.01454871288,32848.41305112316,779.6014975897197
q3,2025-04-18,13857.613243615802,13545.575526261431,312.0377173543711
q3,2025-04-19,16203.453887994776,15793.26283351441,410.191054480365
q3,2025-04-20,36785.74061731189,36031.59172739896,754.1488899129254
q3,2025-04-21,35051.78450541939,34084.69683093898,967.0876744804118
q3,2025-04-22,34650.55956513011,34614.42960917074,36.129955959375366
q3,2025-04-23,34663.278320029116,34310.94482764081,352.3334923883085
q3,2025-04-24,31850.192352965463,31405.042191507793,445.15016145767004
q3,2025-04-25,13093.851103619643,12726.032986404862,367.8181172147815
q3,2025-04-26,16034.777283936262,15930.293849437337,104.48343449892491
q3,2025-04-27,33954.732739994186,34269.81299415782,-315.0802541636367
q3,2025-04-28,39030.51941755103,38303.70249887326,726.8169186777741
q3,2025-04-29,35547.07433078803,34491.4104383044,1055.6638924836298
q3,2025-04-30,32845.94153805076,32699.62176176525,146.3197762855125
q3,2025-05-01,39337.76097603614,38539.32861336629,798.432362669846
q3,2025-05-02,20987.165064777117,21183.60238223025,-196.43731745313198
q3,2025-05-03,22157.668479845302,22489.103604895157,-331.43512504985483
q3,2025-05-04,41616.064000539416,40617.988713031664,998.0752875077524
q3,2025-05-05,42259.06359692428,41357.325717063686,901.7378798605932
q3,2025-05-06,41417.32922500222,40562.72101292981,854.6082120724095
q3,2025-05-07,42588.684405374224,41894.48741120642,694.1969941678035
q3,2025-05-08,38789.04023545037,37869.949518661786,919.0907167885816
q3,2025-05-09,15879.173441707388,15959.651729214198,-80.47828750681037
q3,2025-05-10,18499.268673837207,18149.43796374457,349.83071009263585
q3,2025-05-11,38684.51438794143,37806.17133197275,878.3430559686822
q3,2025-05-12,37727.930282046626,36819.95287232807,907.9774097185582
q3,2025-05-13,39985.82200952688,39489.54255318859,496.27945633828494
q3,2025-05-14,39686.97680489713,39279.89281688178,407.08398801535077
q3,2025-05-15,36679.79095445828,35801.33040921362,878.4605452446631
q3,2025-05-16,15572.11328697843,15528.220781760134,43.89250521829672
q3,2025-05-17,18890.207700781244,18618.901200384025,271.30650039721877
q3,2025-05-18,40392.01595494969,39721.345416168646,670.6705387810434
q3,2025-05-19,36832.31985694129,36083.832239598516,748.4876173427765
q3,2025-05-20,37644.6395462613,36558.204535922225,1086.4350103390752
q3,2025-05-21,37982.19994574386,36645.0675618987,1337.1323838451572
q3,2025-05-22,34351.31445648962,34287.59813270711,63.71632378250797
q3,2025-05-23,15267.190573032072,14904.44593463917,362.74463839290183
q3,2025-05-24,18618.691379024185,18278.64736060021,340.0440184239742
q3,2025-05-25,36140.3939298631,35392.42670790479,747.9672219583081
q3,2025-05-26,38952.13589752998,38256.76595211301,695.3699454169691
q3,2025-05-27,36249.48253770823,35561.5995498589,687.882987849327
q3,2025-05-28,38080.55360399396,37442.32457440193,638.229029592032
q3,2025-05-29,36115.84302203419,34760.024696506174,1355.8183255280164
q3,2025-05-30,16080.161060753584,16010.832616913547,69.32844384003693
q3,2025-05-31,19754.48802894027,19436.549882789688,317.93814615058363
q3,2025-06-01,52691.81867199829,56679.98561787329,-3988.1669458749966
q3,2025-06-02,52700.677497694036,55556.50478626228,-2855.8272885682454
q3,2025-06-03,49758.02491474376,51725.84263311494,-1967.8177183711814
q3,2025-06-04,53220.32851244799,51820.352490586134,1399.976021861854
q3,2025-06-05,47913.58835661304,49607.51914227669,-1693.9307856636442
q3,2025-06-06,26477.64712515159,27190.768141900182,-713.1210167485915
q3,2025-06-07,28833.540184049532,28343.896574841172,489.64360920836043
q3,2025-06-08,50590.287712197285,49398.536452811066,1191.7512593862193
q3,2025-06-09,54273.454017319615,52867.05376425431,1406.4002530653015
q3,2025-06-10,51689.916169361866,50653.16835924702,1036.7478101148445
q3,2025-06-11,55479.94803853704,55137.340723967376,342.6073145696646
q3,2025-06-12,52819.46913017056,49837.61452239523,2981.854607775327
q3,2025-06-13,24198.9237319589,23009.32878670627,1189.5949452526293
q3,2025-06-14,25830.315264025852,25726.96270153675,103.35256248910082
q3,2025-06-15,49992.08409827251,49463.882683260854,528.2014150116593
q3,2025-06-16,53543.60093786688,51288.40041847995,2255.2005193869336
q3,2025-06-17,54050.45162129468,53293.55960069179,756.8920206028852
q3,2025-06-18,54516.7116778483,52652.85556169532,1863.8561161529797
q3,2025-06-19,49117.39746446096,47448.13324661432,1669.2642178466413
q3,2025-06-20,23015.835426013935,21364.29616154966,1651.5392644642743
q3,2025-06-21,24184.93318945542,25206.740795950158,-1021.8076064947381
q3,2025-06-22,48824.74368560748,47208.50999831794,1616.2336872895394
q3,2025-06-23,48447.25588522147,47444.26887664773,1002.9870085737421
q3,2025-06-24,55924.0057207355,54935.058331242864,988.9473894926341
q3,2025-06-25,50302.4775236989,49691.37190831717,611.1056153817335
q3,2025-06-26,50763.01716492998,47595.29959398124,3167.717570948742
q3,2025-06-27,21245.681231692506,21536.925336127268,-291.24410443476154
q3,2025-06-28,22386.811353934965,22711.478366365962,-324.6670124309967
q3,2025-06-29,49129.94695051426,48204.55907627353,925.3878742407323
q3,2025-06-30,52002.32847901917,50363.25157343286,1639.0769055863057
q3,2025-07-01,56683.11696779294,62038.23713397305,-5355.12016618011
q3,2025-07-02,53460.0767386324,55784.40088622377,-2324.3241475913674
q3,2025-07-03,57894.87372748058,57792.17933333139,102.6943941491918
q3,2025-07-04,30114.33453516035,30987.324679028643,-872.9901438682937
q3,2025-07-05,31872.352968754356,35645.74291507127,-3773.3899463169146
q3,2025-07-06,59437.09198135797,60130.9215885079,-693.8296071499353
q3,2025-07-07,56793.96967157557,56917.37060942536,-123.40093784978671
q3,2025-07-08,60787.83954472685,57782.07316922092,3005.7663755059257
q3,2025-07-09,57845.43134271068,56403.54335266099,1441.8879900496904
q3,2025-07-10,51410.836192005605,50837.62526348827,573.2109285173356
q3,2025-07-11,28591.305609032454,27264.11971880207,1327.185890230383
q3,2025-07-12,32481.01605158303,31428.489575940886,1052.526475642142
q3,2025-07-13,57337.93680417963,54041.84112587365,3296.095678305981
q3,2025-07-14,55800.65132697683,55075.30031360593,725.351013370906
q3,2025-07-15,53509.23472847681,53090.37093915682,418.86378931999207
q3,2025-07-16,57626.86241733851,55185.346760138316,2441.5156572001943
q3,2025-07-17,53577.266538045165,51523.460348237364,2053.8061898078013
q3,2025-07-18,30101.098157979734,28874.33993905579,1226.7582189239438
q3,2025-07-19,30804.406325398682,31397.326112392664,-592.9197869939817
q3,2025-07-20,54351.13801231967,52466.252151802386,1884.8858605172863
q3,2025-07-21,59894.1770425956,57432.99000641533,2461.187036180265
q3,2025-07-22,56620.455745876054,55030.2693413198,1590.1864045562543
q3,2025-07-23,57671.7536580826,56649.544521564276,1022.2091365183223
q3,2025-07-24,56437.699866327224,54690.9379270948,1746.7619392324268
q3,2025-07-25,25806.958490273453,24987.390639590092,819.567850683361
q3,2025-07-26,33255.006630841104,30267.056824723764,2987.94980611734
q3,2025-07-27,56149.49866274508,54515.24769629327,1634.2509664518075
q3,2025-07-28,55177.77342063433,54195.9678722865,981.8055483478311
q3,2025-07-29,56195.691025575295,56003.24877498201,192.44225059328892
q3,2025-07-30,58620.87207337875,56576.990765076414,2043.8813083023342
q3,2025-07-31,53030.58325015537,50263.701628437695,2766.881621717672
q3,2025-08-01,27990.947911516836,27100.331616057818,890.6162954590181
q3,2025-08-02,29398.000702612047,29622.82769139852,-224.82698878647352
q3,2025-08-03,47538.10569026617,45761.01936657403,1777.0863236921432
q3,2025-08-04,50282.23970438059,47568.945233157356,2713.2944712232347
q3,2025-08-05,48534.2950834261,46796.16473535987,1738.1303480662318
q3,2025-08-06,51978.32500950187,50418.17997133345,1560.145038168419
q3,2025-08-07,47473.58783758134,46339.689606568456,1133.898231012885
q3,2025-08-08,24870.697669058405,24143.12420613404,727.5734629243634
q3,2025-08-09,26538.735180678985,25976.348792198987,562.3863884799975
q3,2025-08-10,49310.008742298436,47804.4774707233,1505.5312715751352
q3,2025-08-11,48944.120756990626,47958.66222468599,985.458532304634
q3,2025-08-12,50529.00487055692,49138.18910141779,1390.8157691391316
q3,2025-08-13,47819.830116270576,46003.17939703385,1816.650719236728
q3,2025-08-14,46726.259886467706,44699.17231240461,2027.0875740630945
q3,2025-08-15,24752.799884813816,24679.052806012183,73.7470788016326
q3,2025-08-16,27950.12045757773,28239.689372636632,-289.56891505890235
q3,2025-08-17,48746.15138036721,46773.30531106302,1972.8460693041925
q3,2025-08-18,48334.872464431595,46294.738945743964,2040.1335186876313
q3,2025-08-19,47994.682298586005,46882.36692189773,1112.3153766882751
q3,2025-08-20,52175.6210251999,50339.80750679842,1835.8135184014827
q3,2025-08-21,46409.21797063715,45039.58780896675,1369.6301616704004
q3,2025-08-22,24594.626527727763,24549.8886049024,44.73792282536306
q3,2025-08-23,27194.39621768982,26767.30598134694,427.0902363428795
q3,2025-08-24,48372.631011491125,47401.29374302378,971.337268467345
q3,2025-08-25,57446.92883054975,55928.71902191406,1518.2098086356855
q3,2025-08-26,48541.218926054076,47105.47559016789,1435.743335886189
q3,2025-08-27,50492.76063431658,48741.61405478392,1751.1465795326658
q3,2025-08-28,49061.73542436379,47490.51954921738,1571.2158751464085
q3,2025-08-29,26646.226191280322,26028.56315872188,617.663032558441
q3,2025-08-30,27694.02196384266,27185.074915557714,508.9470482849465
q3,2025-08-31,49272.02033906284,47587.76308391262,1684.2572551502162
q3,2025-09-01,47888.98437154557,46531.6653130572,1357.3190584883705
q3,2025-09-02,46764.610887167546,45380.8174788459,1383.793408321646
q3,2025-09-03,47270.75420111712,46136.019825963565,1134.7343751535518
q3,2025-09-04,45112.19107889187,43735.43607195415,1376.7550069377176
q3,2025-09-05,22243.828714801726,22114.049197806817,129.7795169949095
q3,2025-09-06,25504.761536081223,25647.990117810004,-143.22858172878114
q3,2025-09-07,46243.44512847945,44924.3471155774,1319.0980129020463
q3,2025-09-08,42349.85345031304,40721.966187625294,1627.8872626877492
q3,2025-09-09,39484.501390812584,39183.39684692853,301.10454388405196
q3,2025-09-10,42913.15085197086,41517.5262990632,1395.624552907655
q3,2025-09-11,40311.62998233652,39010.860128792025,1300.7698535444943
q3,2025-09-12,18879.699193270277,18714.454624181642,165.2445690886343
q3,2025-09-13,21056.257237870777,20767.660338297643,288.5968995731346
q3,2025-09-14,43277.899552739866,43388.44434278807,-110.54479004820314
q3,2025-09-15,39422.54603480564,38593.19077743223,829.355257373405
q3,2025-09-16,44591.15676596583,42855.02529736279,1736.1314686030455
q3,2025-09-17,43868.95753928169,43098.21170935432,770.7458299273712
q3,2025-09-18,40977.04991688722,39048.07210306257,1928.9778138246475
q3,2025-09-19,18795.740871141952,18437.84188018533,357.8989909566226
q3,2025-09-20,20963.562611040543,20664.333939942517,299.2286710980261
q3,2025-09-21,43029.31022278487,41962.24941089844,1067.060811886433
q3,2025-09-22,44985.60798926965,44486.51924262853,499.08874664112227
q3,2025-09-23,44544.00953092691,43196.45827580866,1347.5512551182474
q3,2025-09-24,42970.65147908853,42178.32475381645,792.3267252720761
q3,2025-09-25,42622.55982359886,41492.58693343213,1129.9728901667258
q3,2025-09-26,19476.7880038352,19133.48079136582,343.30721246938265
q3,2025-09-27,20991.979807053438,21156.293608309225,-164.31380125578653
q3,2025-09-28,45562.97918261921,43693.96664012842,1869.0125424907892
q3,2025-09-29,46515.64591698978,45419.361359043825,1096.2845579459536
q3,2025-09-30,47098.45225332317,46455.055994414375,643.3962589087969
q3,2025-10-01,42296.89010684869,41183.28026043203,1113.609846416657
q3,2025-10-02,42086.96708005929,41383.971145777825,702.9959342814618
q3,2025-10-03,17289.64879113373,16944.376552117927,345.2722390158051
q3,2025-10-04,21224.31808829729,21010.600098799256,213.7179894980327
q3,2025-10-05,43843.33781476678,43252.66309071016,590.6747240566256
q3,2025-10-06,41419.615677326336,40385.28066904626,1034.3350082800753
q3,2025-10-07,43528.783973552854,42567.13750751449,961.6464660383645
q3,2025-10-08,38925.87636099837,39418.604195267755,-492.7278342693826
q3,2025-10-09,40572.99087539633,40240.028010644186,332.96286475214583
q3,2025-10-10,17550.82562044513,17034.615651724926,516.2099687202062
q3,2025-10-11,18578.647733632395,17981.757485410053,596.890248222342
q3,2025-10-12,42539.704962028845,41649.346270032096,890.3586919967493
q3,2025-10-13,41144.05590277792,40914.59615290591,229.45974987201043
q3,2025-10-14,43394.760825762445,42985.050175477,409.710650285444
q3,2025-10-15,44736.584817824594,43841.85478901579,894.7300288088009
q3,2025-10-16,42416.76911096312,41378.65009497588,1038.1190159872422
q3,2025-10-17,17584.05485192063,17062.219058843984,521.835793076647
q3,2025-10-18,18867.670339172713,18637.034027238034,230.63631193467882
q3,2025-10-19,46234.702869774614,45183.156126583184,1051.5467431914294
q3,2025-10-20,45600.18969183453,44794.728943803406,805.4607480311242
q3,2025-10-21,46132.733406633815,45398.363460419874,734.3699462139411
q3,2025-10-22,44543.766785241205,44294.84567621256,248.92110902864806
q3,2025-10-23,47451.81898557751,46615.18055311416,836.6384324633545
q3,2025-10-24,18089.117442546423,17391.46224946515,697.6551930812748
q3,2025-10-25,19873.981584301517,19200.302618215625,673.6789660858922
q3,2025-10-26,47410.97848211069,47117.520125266106,293.45835684458143
q3,2025-10-27,45248.641564192636,44000.840678003304,1247.8008861893322
q3,2025-10-28,46355.860687376946,45516.4625947476,839.3980926293443
q3,2025-10-29,48821.653324501065,47758.078382212785,1063.57494228828
q3,2025-10-30,43898.73337883136,43535.27860804006,363.4547707913007
q3,2025-10-31,18992.621659309578,18655.830184317514,336.79147499206374
q3,2025-11-01,19973.669014675488,19883.07088033473,90.5981343407584
q3,2025-11-02,49582.97502757943,48179.27530143595,1403.6997261434808
q3,2025-11-03,49064.642272342244,48599.61644551929,465.0258268229518
q3,2025-11-04,47928.69435065378,46958.88033568274,969.814014971038
q3,2025-11-05,49939.62854236276,49216.71299892274,722.9155434400236
q3,2025-11-06,49599.92184126477,48687.47509479954,912.4467464652262
q3,2025-11-07,19358.547901670114,18713.723339478256,644.8245621918577
q3,2025-11-08,20083.989818109516,19464.11066911953,619.879148989985
q3,2025-11-09,49734.4306192338,48802.90390659739,931.5267126364051
q3,2025-11-10,52824.833364054466,52404.832486424,420.0008776304676
q3,2025-11-11,52257.756997771794,51264.37993125065,993.3770665211414
q3,2025-11-12,50817.849400545994,49885.58024572413,932.2691548218645
q3,2025-11-13,50617.22139777192,50756.63355595363,-139.41215818170895
q3,2025-11-14,19756.594019829365,19478.772854226456,277.8211656029089
q3,2025-11-15,22412.382086663645,21881.03202749144,531.350059172204
q3,2025-11-16,51712.60891196388,50741.25574418575,971.3531677781284
q3,2025-11-17,52306.46373857239,51049.93589506894,1256.5278435034488
q3,2025-11-18,51352.135095135585,50846.812661219505,505.3224339160806
q3,2025-11-19,53280.97420810425,53102.410202354935,178.56400574931467
q3,2025-11-20,51889.06575108074,51037.48055203626,851.5851990444862
q3,2025-11-21,20582.285639197515,19610.165472596,972.1201666015149
q3,2025-11-22,22320.836944647825,21599.334103336107,721.5028413117179
q3,2025-11-23,52775.35794609174,52263.63776269968,511.7201833920626
q3,2025-11-24,51395.55270784104,50481.962813469494,913.5898943715438
q3,2025-11-25,56041.62368295607,55338.21800092593,703.4056820301412
q3,2025-11-26,55135.9196621765,54297.64392434983,838.2757378266688
q3,2025-11-27,52881.72014535724,51871.976212452064,1009.7439329051776
q3,2025-11-28,21252.087624812553,20431.922325427622,820.1652993849311
q3,2025-11-29,24215.272749664768,23521.25967089853,694.0130787662383
q3,2025-11-30,55994.36034075196,54795.71188906532,1198.6484516866403
q3,2025-12-01,68347.7186357764,69666.69308072902,-1318.9744449526188
q3,2025-12-02,70395.49482258722,70776.47577403668,-380.98095144945546
q3,2025-12-03,65190.90718689357,65497.370012149964,-306.46282525639253
q3,2025-12-04,67746.30036409729,69304.11329142388,-1557.812927326595
q3,2025-12-05,28773.10985162508,28069.162973255847,703.9468783692319
q3,2025-12-06,26531.730484050062,27013.20640984093,-481.4759257908663
q3,2025-12-07,66102.99053263746,67777.91754224958,-1674.9270096121181
q3,2025-12-08,65662.12596684722,64974.544539955736,687.5814268914837
q3,2025-12-09,65298.26553584353,64056.429097192784,1241.8364386507455
q3,2025-12-10,62184.39280442818,60820.60672568093,1363.7860787472455
q3,2025-12-11,63441.22593211986,62106.47450472377,1334.7514273960915
q3,2025-12-12,28331.856323125707,28419.95865464156,-88.10233151585271
q3,2025-12-13,29233.886367382867,27734.568764387193,1499.317602995674
q3,2025-12-14,63619.452639655865,62960.91175417993,658.5408854759371
q3,2025-12-15,63081.96472404068,61501.70012205346,1580.264601987219
q3,2025-12-16,65082.76249076425,63920.25619358318,1162.5062971810694
q3,2025-12-17,64313.08278467154,63444.45858231961,868.6242023519299
q3,2025-12-18,62728.66138418903,61754.25392633972,974.4074578493091
q3,2025-12-19,26837.529828792052,25804.975073185822,1032.5547556062302
q3,2025-12-20,27383.357832316935,26708.942968335272,674.4148639816631
q3,2025-12-21,64463.657726387304,63656.05184387216,807.6058825151413
q3,2025-12-22,63322.58441549666,62273.43144814449,1049.1529673521727
q3,2025-12-23,63001.418494508194,62234.02094661975,767.3975478884458
q3,2025-12-24,62325.70278268753,60894.34055756488,1431.362225122648
q3,2025-12-25,61434.20111180986,61220.281673573874,213.91943823598558
q3,2025-12-26,27723.023353305427,27232.661303732617,490.36204957281007
q3,2025-12-27,27756.478391600947,26833.592357254507,922.8860343464403
q3,2025-12-28,61594.85909810336,60063.46665686034,1531.3924412430206
q3,2025-12-29,62803.176982173325,61146.19076345912,1656.9862187142062
q3,2025-12-30,62577.19252846848,61485.8554380166,1091.3370904518742
q3,2025-12-31,63106.14844928729,62725.33508686844,380.81336241884856
q4_2,2025-02-01,21916.591255357387,20727.984810575872,1188.6064447815152
q4_2,2025-02-02,64156.341398228564,62825.4041354161,1330.937262812462
q4_2,2025-02-03,63737.06715119545,62677.14913023214,1059.9180209633123
q4_2,2025-02-04,63090.42435010521,62538.90396717376,551.5203829314487
q4_2,2025-02-05,63502.52983271954,62759.96557713092,742.5642555886225
q4_2,2025-02-06,63691.425152335425,62871.90255291005,819.5225994253778
q4_2,2025-02-07,20508.290346997062,19416.85873724556,1091.4316097515039
q4_2,2025-02-08,18442.318504780505,17673.354657762466,768.9638470180398
q4_2,2025-02-09,58653.45091891692,59926.2692774347,-1272.818358517783
q4_2,2025-02-10,60299.81003899051,59706.89007897841,592.9199600120992
q4_2,2025-02-11,58364.07973258366,57897.17522010132,466.90451248233876
q4_2,2025-02-12,58924.204614143666,58414.88515756516,509.31945657850883
q4_2,2025-02-13,54109.083925918596,53584.54302754221,524.5408983763846
q4_2,2025-02-14,16843.144939411162,16430.902944534217,412.2419948769457
q4_2,2025-02-15,18382.73195018107,17930.309222265205,452.42272791586583
q4_2,2025-02-16,53955.518676999964,53576.002029651725,379.5166473482386
q4_2,2025-02-17,55028.76892549606,54360.184598340886,668.5843271551712
q4_2,2025-02-18,52152.67078791102,51335.70238392519,816.9684039858257
q4_2,2025-02-19,54048.54558264488,53550.20914272802,498.33643991686404
q4_2,2025-02-20,52615.14652659592,51864.32501604645,750.8215105494673
q4_2,2025-02-21,16703.924829752046,16274.139477527697,429.7853522243495
q4_2,2025-02-22,17248.760478059747,16907.48224832483,341.27822973491493
q4_2,2025-02-23,49942.298467969915,49117.42526521848,824.8732027514343
q4_2,2025-02-24,51524.02047979733,51253.31832455574,270.70215524158994
q4_2,2025-02-25,51742.332952385055,50727.12604667646,1015.2069057085973
q4_2,2025-02-26,50867.265910814895,50275.69088489954,591.5750259153574
q4_2,2025-02-27,46810.83233959689,45379.0591869842,1431.7731526126881
q4_2,2025-02-28,14970.507606438829,14587.58158958839,382.9260168504388
q4_2,2025-03-01,16661.556875375303,16404.71183997424,256.8450354010638
q4_2,2025-03-02,62720.76286285921,64371.07133751121,-1650.3084746520035
q4_2,2025-03-03,61964.11637912884,60947.95984500396,1016.1565341248788
q4_2,2025-03-04,49589.1422372736,48979.12452263868,610.017714634916
q4_2,2025-03-05,52811.813190820874,51719.83585277895,1091.977338041921
q4_2,2025-03-06,47337.522628324696,46524.86679893911,812.6558293855851
q4_2,2025-03-07,15555.789287970465,15254.089971920705,301.69931604976045
q4_2,2025-03-08,15041.29892076964,14818.8609400925,222.43798067713942
q4_2,2025-03-09,45883.978836900525,45137.20332422309,746.7755126774355
q4_2,2025-03-10,49041.01058403391,49323.743714512566,-282.7331304786567
q4_2,2025-03-11,45229.932634947014,44724.4159528562,505.51668209081254
q4_2,2025-03-12,46414.628273701135,45796.158153921766,618.4701197793693
q4_2,2025-03-13,46999.47530164189,50421.760266347126,-3422.2849647052353
q4_2,2025-03-14,14024.438158346224,13723.586688866118,300.85146948010515
q4_2,2025-03-15,15168.253817223958,14934.202445886865,234.05137133709286
q4_2,2025-03-16,43449.37440818305,42588.64174696749,860.7326612155593
q4_2,2025-03-17,42841.56571259396,42148.77138738883,692.7943252051336
q4_2,2025-03-18,45330.85995455056,43998.6378634499,1332.2220911006589
q4_2,2025-03-19,42467.465999209395,41488.80603298445,978.6599662249428
q4_2,2025-03-20,43059.64785868737,42399.63278681639,660.0150718709774
q4_2,2025-03-21,13902.028638675427,13684.970353149341,217.05828552608546
q4_2,2025-03-22,15092.41773588577,14759.9738070387,332.4439288470712
q4_2,2025-03-23,39516.21265602781,38969.94275606956,546.2698999582499
q4_2,2025-03-24,41931.64920490999,40926.249267422674,1005.3999374873165
q4_2,2025-03-25,40827.43393673115,40436.11891078478,391.3150259463655
q4_2,2025-03-26,40587.543526843525,40096.94221443214,490.6013124113815
q4_2,2025-03-27,40259.44040375126,39601.65095004635,657.7894537049069
q4_2,2025-03-28,13487.358934332853,13310.139412517816,177.2195218150373
q4_2,2025-03-29,13554.701695481417,13277.04258013861,277.6591153428071
q4_2,2025-03-30,36872.21672863626,36196.22290591272,675.9938227235398
q4_2,2025-03-31,39380.53910316863,38737.19265623533,643.3464469332976
q4_2,2025-04-01,40321.968467919185,43143.12405537641,-2821.1555874572223
q4_2,2025-04-02,43582.949725499966,47946.01570833953,-4363.065982839566
q4_2,2025-04-03,37564.75607427505,37568.46563555884,-3.7095612837874796
q4_2,2025-04-04,12569.67367441624,12262.413595549977,307.26007886626394
q4_2,2025-04-05,14340.042339169082,14075.718311165441,264.3240280036407
q4_2,2025-04-06,36573.04301037501,35993.48118437632,579.561825998695
q4_2,2025-04-07,38584.96580902969,37610.344764952315,974.6210440773721
q4_2,2025-04-08,40043.96410070722,39565.77210396489,478.19199674233096
q4_2,2025-04-09,40042.61357115379,41049.56807555542,-1006.9545044016268
q4_2,2025-04-10,34975.85437031058,34090.22513815774,885.6292321528454
q4_2,2025-04-11,12380.52496594736,11889.205483446643,491.3194825007158
q4_2,2025-04-12,13664.88968515426,13276.510511771117,388.3791733831422
q4_2,2025-04-13,36110.97644108781,35378.98395782857,731.9924832592442
q4_2,2025-04-14,36387.664134708015,35177.7539410462,1209.9101936618172
q4_2,2025-04-15,37512.5047295338,36600.24020968994,912.2645198438622
q4_2,2025-04-16,38035.162705586205,37146.23257692574,888.9301286604677
q4_2,2025-04-17,35987.98955210091,35208.01314943873,779.9764026621779
q4_2,2025-04-18,11881.7578446169,11464.194371765585,417.56347285131415
q4_2,2025-04-19,13271.4356300978,12896.303691037214,375.13193906058586
q4_2,2025-04-20,35023.541368618404,34269.8180020365,753.7233665819003
q4_2,2025-04-21,35872.4291526554,35276.97960960355,595.4495430518509
q4_2,2025-04-22,37575.07262334268,36531.720976219076,1043.351647123607
q4_2,2025-04-23,36004.80635595898,35203.34529611663,801.461059842346
q4_2,2025-04-24,33261.79519056482,32340.886433455304,920.9087571095188
q4_2,2025-04-25,12178.26564297754,11816.421587098728,361.84405587881156
q4_2,2025-04-26,11737.434719479646,14010.76449579192,-2273.3297763122737
q4_2,2025-04-27,37990.16852899107,34628.806011644236,3361.3625173468317
q4_2,2025-04-28,54612.58050740612,52131.794550153376,2480.785957252745
q4_2,2025-04-29,34856.74211802095,33225.33206182673,1631.4100561942178
q4_2,2025-04-30,37557.86313947344,36287.81255690488,1270.0505825685614
q4_2,2025-05-01,45175.659809148,43944.43780679013,1231.2220023578702
q4_2,2025-05-02,22179.732925192697,22006.6060335265,173.12689166619748
q4_2,2025-05-03,17174.61269168562,17552.53825130782,-377.9255596221992
q4_2,2025-05-04,44532.84410251537,44143.37364652703,389.47045598834666
q4_2,2025-05-05,45881.08041664094,43348.215820559715,2532.8645960812282
q4_2,2025-05-06,44635.064044328195,47723.77321970723,-3088.7091753790373
q4_2,2025-05-07,50180.67248216876,49089.1628750103,1091.509607158463
q4_2,2025-05-08,40067.41403301477,40083.62414657588,-16.2101135611083
q4_2,2025-05-09,13443.236874856604,13648.363113923675,-205.12623906707086
q4_2,2025-05-10,15615.733124955244,15518.297488654149,97.43563630109566
q4_2,2025-05-11,37361.97528693109,36141.27010704242,1220.7051798886678
q4_2,2025-05-12,42533.71702650358,42453.19646821879,80.52055828479206
q4_2,2025-05-13,42031.70176593604,42511.64357030917,-479.9418043731275
q4_2,2025-05-14,40688.57989816311,40945.34643641441,-256.7665382513005
q4_2,2025-05-15,37269.39008420302,35964.99961870782,1304.3904654951984
q4_2,2025-05-16,13395.743728688834,13817.659108422029,-421.91537973319464
q4_2,2025-05-17,16140.653777626307,16001.927980136448,138.72579748985845
q4_2,2025-05-18,37721.207222064535,37569.8076642003,151.39955786423525
q4_2,2025-05-19,37661.44260344802,37218.72207292683,442.7205305211901
q4_2,2025-05-20,38250.844561857215,39518.09044547718,-1267.2458836199658
q4_2,2025-05-21,39555.668368367515,39142.459089397256,413.2092789702583
q4_2,2025-05-22,38652.55897623661,38572.92856349841,79.63041273819545
q4_2,2025-05-23,11678.912056206576,11418.758696232522,260.1533599740542
q4_2,2025-05-24,15371.648658656015,14995.385349102777,376.2633095532383
q4_2,2025-05-25,34984.95105887453,33825.63551056972,1159.3155483048104
q4_2,2025-05-26,38272.15417111953,41928.89526827242,-3656.741097152888
q4_2,2025-05-27,38946.65621948143,39603.59255758695,-656.9363381055155
q4_2,2025-05-28,38204.10907526144,36932.67307101846,1271.4360042429835
q4_2,2025-05-29,36121.90912962109,35807.84197320478,314.0671564163131
q4_2,2025-05-30,13849.906884733728,14117.086908688463,-267.1800239547356
q4_2,2025-05-31,14984.650282317964,14948.676928556662,35.97335376130104
q4_2,2025-06-01,100125.38699313796,90644.75832345558,9480.62866968238
q4_2,2025-06-02,88804.00984471841,86436.32943350567,2367.680411212743
q4_2,2025-06-03,60268.555514751686,60788.096035844865,-519.5405210931785
q4_2,2025-06-04,56429.516019219554,61044.125741944226,-4614.609722724672
q4_2,2025-06-05,64613.29112080981,67121.25115579247,-2507.960034982665
q4_2,2025-06-06,38658.39705693538,37669.90426998268,988.4927869526946
q4_2,2025-06-07,35609.62770072611,34496.16742961979,1113.4602711063199
q4_2,2025-06-08,60052.83543204701,60878.42539905287,-825.589967005857
q4_2,2025-06-09,62185.52634458738,62535.71871901762,-350.1923744302403
q4_2,2025-06-10,56638.80773003861,55184.434379830476,1454.3733502081304
q4_2,2025-06-11,58584.20221265683,58207.70979300157,376.49241965526016
q4_2,2025-06-12,62708.33446081975,63408.53709674213,-700.2026359223819
q4_2,2025-06-13,24831.84791870019,24332.142878720668,499.70503997952255
q4_2,2025-06-14,24839.23731900015,24976.395308311152,-137.1579893110029
q4_2,2025-06-15,55819.27593206646,54486.96964570194,1332.3062863645246
q4_2,2025-06-16,62512.00834029276,63470.640220890724,-958.6318805979608
q4_2,2025-06-17,64840.292472611705,66047.53917532043,-1207.246702708726
q4_2,2025-06-18,63052.435906403945,63970.3705745482,-917.9346681442548
q4_2,2025-06-19,57449.02149639653,55384.84436983388,2064.177126562652
q4_2,2025-06-20,20046.709648037348,19297.48792219282,749.2217258445271
q4_2,2025-06-21,25421.80985084266,25513.513030171813,-91.7031793291535
q4_2,2025-06-22,57881.12914215412,58961.50030599327,-1080.3711638391542
q4_2,2025-06-23,55783.00233199744,54145.00876944618,1637.993562551259
q4_2,2025-06-24,57768.57360167136,59450.983417729505,-1682.4098160581416
q4_2,2025-06-25,53889.57836886061,52686.67564844787,1202.9027204127415
q4_2,2025-06-26,61162.00328001532,62088.98184916648,-926.978569151157
q4_2,2025-06-27,19930.04517285806,19934.239036650735,-4.193863792675984
q4_2,2025-06-28,20442.031228269123,19631.137667982526,810.8935602865968
q4_2,2025-06-29,51795.41938256045,50741.75681787761,1053.6625646828397
q4_2,2025-06-30,58434.048771295005,59147.26347548469,-713.2147041896824
q4_2,2025-07-01,73950.2792637894,69905.48593182079,4044.7933319686126
q4_2,2025-07-02,72404.57649509338,66742.34755231661,5662.228942776768
q4_2,2025-07-03,81713.41861947995,82863.10896780695,-1149.6903483269998
q4_2,2025-07-04,36153.23557891196,34422.089073313924,1731.146505598037
q4_2,2025-07-05,35255.580484919024,35875.4836225177,-619.9031375986742
q4_2,2025-07-06,87826.83625141057,82643.4853146255,5183.350936785064
q4_2,2025-07-07,82180.35495535545,83782.64773901306,-1602.2927836576127
q4_2,2025-07-08,68879.60584534367,69319.65999714691,-440.05415180324053
q4_2,2025-07-09,66482.86423257607,66264.91618027518,217.94805230089696
q4_2,2025-07-10,66334.75404536983,64802.56949980649,1532.1845455633447
q4_2,2025-07-11,28408.515636080432,27828.451593375266,580.0640427051658
q4_2,2025-07-12,31611.822824123166,31914.857608480674,-303.0347843575073
q4_2,2025-07-13,64128.32028992116,64246.28231755417,-117.96202763300971
q4_2,2025-07-14,67646.09483598045,67554.882550112,91.21228586844518
q4_2,2025-07-15,62428.53873630627,60764.319379247776,1664.2193570584932
q4_2,2025-07-16,66192.79200231441,66455.25834999028,-262.4663476758724
q4_2,2025-07-17,64918.10132882554,64540.716658947356,377.3846698781854
q4_2,2025-07-18,27845.28686458549,28254.69046529318,-409.4036007076902
q4_2,2025-07-19,26780.82043136621,26202.98671028274,577.8337210834688
q4_2,2025-07-20,61751.25946735502,59948.679545487124,1802.5799218678949
q4_2,2025-07-21,66479.22315803869,66682.93050425813,-203.70734621943848
q4_2,2025-07-22,65656.93087896175,65293.52930249311,363.401576468641
q4_2,2025-07-23,63747.18621729326,61583.425538596595,2163.7606786966644
q4_2,2025-07-24,63506.40698884409,61538.837784968346,1967.569203875748
q4_2,2025-07-25,25270.880466721028,24935.76374323436,335.11672348666616
q4_2,2025-07-26,31689.531810476237,31776.329833526535,-86.79802305029807
q4_2,2025-07-27,60792.87738674905,61216.76852916366,-423.8911424146063
q4_2,2025-07-28,62292.178591376774,61605.91427465137,686.2643167254064
q4_2,2025-07-29,64408.028499389664,62621.55683900288,1786.4716603867855
q4_2,2025-07-30,69402.96169766223,69280.58261348725,122.37908417498693
q4_2,2025-07-31,66806.94092269623,66066.45736873543,740.483553960803
q4_2,2025-08-01,27536.87214673565,27636.797870216156,-99.92572348050453
q4_2,2025-08-02,27010.42369708611,26256.707723955195,753.7159731309148
q4_2,2025-08-03,57714.32463143194,56044.17654016907,1670.1480912628685
q4_2,2025-08-04,61493.215504274274,59972.32980622325,1520.8856980510245
q4_2,2025-08-05,59266.21504217796,57931.61662225037,1334.5984199275917
q4_2,2025-08-06,56150.66274885174,55955.10416057891,195.55858827283373
q4_2,2025-08-07,56570.52935038858,54658.33508876754,1912.1942616210363
q4_2,2025-08-08,24128.755625215523,23720.447612002536,408.30801321298713
q4_2,2025-08-09,25370.76797974515,24650.55558850777,720.212391237379
q4_2,2025-08-10,52921.30613615269,51735.668764693866,1185.6373714588262
q4_2,2025-08-11,54564.9478743924,52554.57844324636,2010.369431146035
q4_2,2025-08-12,58795.97395505793,56658.55086313948,2137.4230919184556
q4_2,2025-08-13,56544.8781266845,54515.54599557331,2029.332131111194
q4_2,2025-08-14,54413.08374873791,52567.413745563754,1845.6700031741566
q4_2,2025-08-15,22589.17036651174,22368.713873707537,220.45649280420184
q4_2,2025-08-16,25468.745498258577,24893.092896355287,575.6526019032899
q4_2,2025-08-17,53335.667765282116,51428.57552691443,1907.092238367688
q4_2,2025-08-18,55571.947693588896,53450.94733419399,2121.0003593949077
q4_2,2025-08-19,56095.57195760301,53853.90649769014,2241.665459912867
q4_2,2025-08-20,58913.24019900098,63732.41703148786,-4819.176832486875
q4_2,2025-08-21,54586.14660906946,53104.52780427602,1481.618804793441
q4_2,2025-08-22,23738.006455061808,25240.084640200104,-1502.0781851382962
q4_2,2025-08-23,25950.402564183565,25589.24218776716,361.1603764164065
q4_2,2025-08-24,54660.00226909182,52511.94893445066,2148.053334641161
q4_2,2025-08-25,57248.76406519863,56757.536999078984,491.2270661196453
q4_2,2025-08-26,54861.52080429591,53569.76309304748,1291.757711248436
q4_2,2025-08-27,57366.74011885929,56410.90262183646,955.8374970228324
q4_2,2025-08-28,56010.91154951016,60053.50225406667,-4042.590704556511
q4_2,2025-08-29,24880.81522947367,25074.799787385164,-193.98455791149536
q4_2,2025-08-30,26935.43824228052,26243.555319539264,691.8829227412571
q4_2,2025-08-31,53969.40778998859,52693.269410578345,1276.138379410244
q4_2,2025-09-01,50517.67770086184,49888.87197809921,628.8057227626268
q4_2,2025-09-02,47913.85288906821,47662.23125199825,251.6216370699549
q4_2,2025-09-03,49527.8024099897,48689.37622618733,838.426183802374
q4_2,2025-09-04,50401.41636521157,49870.71590539247,530.7004598190979
q4_2,2025-09-05,19081.393810430593,19144.420699693514,-63.02688926292103
q4_2,2025-09-06,21374.548429345556,21587.992744522642,-213.44431517708654
q4_2,2025-09-07,46402.82280568782,45403.54867897085,999.2741267169695
q4_2,2025-09-08,50956.60772690548,46273.210883824955,4683.396843080525
q4_2,2025-09-09,43888.78647617638,42977.74399079129,911.0424853850855
q4_2,2025-09-10,43928.39451036367,49672.39301137474,-5743.998501011069
q4_2,2025-09-11,41987.46133053224,40491.897103480456,1495.5642270517856
q4_2,2025-09-12,15816.734029873098,15978.037276605875,-161.30324673277755
q4_2,2025-09-13,17254.49377462267,17213.429198364614,41.06457625805706
q4_2,2025-09-14,40696.82484975437,39986.854887756694,709.9699619976745
q4_2,2025-09-15,43586.316982168646,42504.58234442555,1081.734637743095
q4_2,2025-09-16,43563.19057720635,42643.822568196316,919.3680090100315
q4_2,2025-09-17,46218.29426587596,45450.501348211954,767.7929176640027
q4_2,2025-09-18,41014.17369011768,40793.681504363245,220.49218575443228
q4_2,2025-09-19,16241.685033849917,15769.775266810142,471.90976703977503
q4_2,2025-09-20,18191.87846974595,18495.039904561345,-303.1614348153962
q4_2,2025-09-21,44781.36022165991,44358.60861518768,422.75160647222947
q4_2,2025-09-22,44772.96650175779,43403.95667207841,1369.0098296793803
q4_2,2025-09-23,46528.70477035416,46115.59605392079,413.10871643337305
q4_2,2025-09-24,45354.32898922084,44632.97293457663,721.3560546442095
q4_2,2025-09-25,46382.63598610868,45464.20275594319,918.433230165494
q4_2,2025-09-26,16015.498163277589,15893.292892996178,122.20527028141078
q4_2,2025-09-27,19107.751272043264,23998.16824307895,-4890.416971035687
q4_2,2025-09-28,45493.702634735746,44189.92886008517,1303.7737746505736
q4_2,2025-09-29,46883.328300018504,45716.25341784823,1167.0748821702728
q4_2,2025-09-30,48994.44313003606,48846.10414136603,148.33898867003154
q4_2,2025-10-01,45178.27284711269,44810.35948508392,367.91336202876846
q4_2,2025-10-02,42230.70874063311,41446.54308658029,784.1656540528202
q4_2,2025-10-03,14641.390343493966,14302.980450210329,338.40989328363685
q4_2,2025-10-04,16661.489945529,16381.765015311774,279.72493021722585
q4_2,2025-10-05,41298.245767185086,41249.78297834926,48.46278883582272
q4_2,2025-10-06,43107.9928656202,41945.43270032281,1162.5601652973928
q4_2,2025-10-07,44668.17675788948,44646.002753124325,22.174004765154677
q4_2,2025-10-08,40863.50847738903,41663.05440784562,-799.5459304565957
q4_2,2025-10-09,39596.06959293017,38796.88000436021,799.1895885699632
q4_2,2025-10-10,14706.023530363998,14217.018903644734,489.0046267192647
q4_2,2025-10-11,15806.534361532222,15428.385205508548,378.14915602367364
q4_2,2025-10-12,40606.93214704081,39536.46927786141,1070.4628691793987
q4_2,2025-10-13,42095.686670828756,41328.977785860596,766.7088849681604
q4_2,2025-10-14,42726.000354955926,42103.9640529271,622.0363020288278
q4_2,2025-10-15,42972.74781265709,42195.239501450575,777.5083112065186
q4_2,2025-10-16,48313.759251598996,46753.72806920347,1560.0311823955271
q4_2,2025-10-17,16273.054314794737,15831.546006161821,441.50830863291594
q4_2,2025-10-18,14704.243976780795,14437.457114688488,266.7868620923073
q4_2,2025-10-19,49029.42101261694,47386.019244745155,1643.4017678717864
q4_2,2025-10-20,49914.96115861824,48490.05894361277,1424.9022150054661
q4_2,2025-10-21,46949.99793556052,46836.757014970804,113.24092058971291
q4_2,2025-10-22,49920.65376700926,49256.04040908592,664.6133579233356
q4_2,2025-10-23,44868.684868594886,43924.46140337288,944.2234652220068
q4_2,2025-10-24,14946.683723690903,14386.201345217425,560.4823784734781
q4_2,2025-10-25,17134.728210233465,17113.185028861997,21.543181371467654
q4_2,2025-10-26,47143.885891471895,46958.6987131286,185.18717834329436
q4_2,2025-10-27,48412.1566055237,47386.84235927723,1025.3142462464675
q4_2,2025-10-28,47697.71678516009,46956.567233492926,741.1495516671639
q4_2,2025-10-29,49647.508931224686,51201.5280207965,-1554.0190895718115
q4_2,2025-10-30,46524.9453841218,45998.649895311624,526.295488810174
q4_2,2025-10-31,17578.122422106368,17143.23315143117,434.8892706751976
q4_2,2025-11-01,15065.940689016463,14819.98670616523,245.95398285123338
q4_2,2025-11-02,48562.22506480236,47741.045630600536,821.1794342018256
q4_2,2025-11-03,51797.48246156786,50934.44794143227,863.0345201355885
q4_2,2025-11-04,50977.088195377364,49899.76206219568,1077.326133181683
q4_2,2025-11-05,55196.90145270471,54202.723972072956,994.1774806317553
q4_2,2025-11-06,54711.01817214282,53751.59890561725,959.419266525576
q4_2,2025-11-07,16230.39144297803,16504.730034687153,-274.33859170912183
q4_2,2025-11-08,17789.30596104495,17328.273848876313,461.03211216863565
q4_2,2025-11-09,52595.27088372686,51940.358039787556,654.9128439393025
q4_2,2025-11-10,53476.39030146906,53865.06891482704,-388.6786133579808
q4_2,2025-11-11,53438.66040646627,52594.04424289576,844.6161635705066
q4_2,2025-11-12,54675.06973234697,53884.94383184222,790.1259005047541
q4_2,2025-11-13,55298.91148128222,54563.78602710363,735.1254541785893
q4_2,2025-11-14,17092.41685193446,16591.196725470338,501.2201264641226
q4_2,2025-11-15,16796.640252841913,16551.00663394011,245.63361890180386
q4_2,2025-11-16,54835.79675523992,53967.85361905248,867.9431361874376
q4_2,2025-11-17,58458.98854029036,57574.06440748379,884.9241328065691
q4_2,2025-11-18,57584.85498860225,56723.71110324412,861.1438853581349
q4_2,2025-11-19,57894.70771115682,56940.18182663318,954.5258845236385
q4_2,2025-11-20,54377.13755825444,53900.85688353615,476.28067471829127
q4_2,2025-11-21,19188.983100690682,18416.09732291828,772.8857777724043
q4_2,2025-11-22,17974.756097201716,17524.022558050092,450.7335391516244
q4_2,2025-11-23,57218.59446583393,56316.89080488576,901.7036609481656
q4_2,2025-11-24,56366.28156327245,55783.51731328829,582.7642499841604
q4_2,2025-11-25,59480.135665540976,58799.68680386443,680.4488616765448
q4_2,2025-11-26,58637.05693625218,57627.76641034176,1009.2905259104155
q4_2,2025-11-27,58672.01285520683,57801.553225859614,870.4596293472132
q4_2,2025-11-28,17404.75292273547,16744.616238895924,660.1366838395479
q4_2,2025-11-29,19196.88350042656,18802.54032889877,394.3431715277911
q4_2,2025-11-30,59355.044580949885,59362.25309362444,-7.208512674551457
q4_2,2025-12-01,90175.17319029673,90320.96295120561,-145.78976090888318
q4_2,2025-12-02,104196.3604329856,103545.22191647606,651.1385165095417
q4_2,2025-12-03,84045.79762457742,86073.57059400174,-2027.7729694243171
q4_2,2025-12-04,81188.05907807656,82619.54433426888,-1431.485256192318
q4_2,2025-12-05,26059.445581443455,27261.39548816515,-1201.9499067216966
q4_2,2025-12-06,28744.60040629746,30141.147147259006,-1396.5467409615449
q4_2,2025-12-07,80598.63251643942,81071.06274707343,-472.4302306340105
q4_2,2025-12-08,75807.69592128063,75882.77373124941,-75.07780996878864
q4_2,2025-12-09,75807.25319007714,75290.52562426926,516.727565807887
q4_2,2025-12-10,75919.62555976093,74945.68105421362,973.9445055473043
q4_2,2025-12-11,71661.0226756053,70711.27850895816,949.7441666471423
q4_2,2025-12-12,28322.446605716756,27971.359492915923,351.087112800833
q4_2,2025-12-13,28255.75879946106,27887.478360797606,368.2804386634525
q4_2,2025-12-14,75967.09962001716,76110.30654868152,-143.20692866435274
q4_2,2025-12-15,76377.38248063912,75211.80967828703,1165.5728023520933
q4_2,2025-12-16,77872.33000031151,77578.84467936869,293.48532094282564
q4_2,2025-12-17,77171.45292082825,77051.71415869182,119.73876213643234
q4_2,2025-12-18,73548.54024610289,73502.94323284214,45.59701326074719
q4_2,2025-12-19,27928.48411360303,26759.863040724376,1168.6210728786536
q4_2,2025-12-20,25732.34070220033,24929.076779714866,803.2639224854647
q4_2,2025-12-21,76190.20357264578,75920.52298477499,269.68058787079644
q4_2,2025-12-22,77226.55213248804,76759.04636172518,467.50577076285845
q4_2,2025-12-23,76208.60935779104,74814.6945389533,1393.9148188377294
q4_2,2025-12-24,75274.60265562171,73633.74413899796,1640.8585166237463
q4_2,2025-12-25,71717.51481451292,71212.6088320182,504.90598249471805
q4_2,2025-12-26,28920.948557259115,28504.267427321527,416.6811299375877
q4_2,2025-12-27,27248.20856893832,26779.61964931606,468.5889196222597
q4_2,2025-12-28,73672.42424655525,72851.97924053171,820.4450060235395
q4_2,2025-12-29,75328.80193984855,73870.37131629206,1458.4306235564873
q4_2,2025-12-30,75151.81573213222,74822.90995634766,328.9057757845585
q4_2,2025-12-31,75210.45359494646,75578.38220780849,-367.9286128620297
q4_3,2025-02-01,21839.47475504543,20866.872237886364,972.6025171590663
q4_3,2025-02-02,63399.96196200939,61846.66983119196,1553.2921308174264
q4_3,2025-02-03,65351.9724860877,63986.34640511639,1365.626080971313
q4_3,2025-02-04,67791.4174495843,66916.82205923522,874.5953903490881
q4_3,2025-02-05,64680.52133617304,63600.26571882317,1080.2556173498742
q4_3,2025-02-06,64849.6053607247,63439.320372771836,1410.2849879528658
q4_3,2025-02-07,20995.11553795435,20235.873857918086,759.2416800362626
q4_3,2025-02-08,18365.852578795704,17260.755423793293,1105.0971550024115
q4_3,2025-02-09,61161.32594151104,60147.39353480625,1013.9324067047855
q4_3,2025-02-10,58503.68564556913,57252.61632607424,1251.0693194948908
q4_3,2025-02-11,58328.88269675926,58400.37130320928,-71.48860645001696
q4_3,2025-02-12,58276.187078500916,57216.06891453073,1060.1181639701826
q4_3,2025-02-13,52321.73808077497,51498.76316845731,822.9749123176589
q4_3,2025-02-14,17906.67205261812,17281.51043444963,625.1616181684913
q4_3,2025-02-15,19139.39801585032,18305.365810662566,834.032205187752
q4_3,2025-02-16,56150.700165587514,56231.33595069761,-80.63578511009837
q4_3,2025-02-17,55677.737375392404,54527.2837250577,1150.4536503347044
q4_3,2025-02-18,51985.25288332473,51533.04353334301,452.20934998172015
q4_3,2025-02-19,53923.40611635338,53942.21743660295,-18.811320249573328
q4_3,2025-02-20,52580.73343674021,51699.30561827199,881.4278184682189
q4_3,2025-02-21,17001.25677167411,16495.188374907695,506.0683967664154
q4_3,2025-02-22,17510.702646491103,17011.59992835242,499.10271813868167
q4_3,2025-02-23,52215.69764874596,50850.37126766583,1365.326381080129
q4_3,2025-02-24,50697.78686358626,50047.549239443906,650.2376241423553
q4_3,2025-02-25,52025.25560245149,50762.65113324103,1262.6044692104624
q4_3,2025-02-26,50711.37514808223,49795.926418028495,915.4487300537367
q4_3,2025-02-27,46177.84771819848,45612.74654146221,565.1011767362652
q4_3,2025-02-28,15039.037499376947,14621.025693449352,418.01180592759556
q4_3,2025-03-01,18038.717709294888,17667.876713180496,370.8409961143916
q4_3,2025-03-02,53161.88030442259,52455.526421856805,706.3538825657888
q4_3,2025-03-03,54997.21725774632,54217.08931259067,780.1279451556475
q4_3,2025-03-04,50052.27903932657,49708.191237461586,344.0878018649819
q4_3,2025-03-05,51957.82813734088,52796.34292053344,-838.5147831925569
q4_3,2025-03-06,45220.60274124576,44883.487278356115,337.11546288964746
q4_3,2025-03-07,15852.272005845702,15384.386483043007,467.88552280269505
q4_3,2025-03-08,15212.304626936573,15187.115228578175,25.18939835839774
q4_3,2025-03-09,45533.3442239519,44115.41959177108,1417.9246321808168
q4_3,2025-03-10,49468.00795959396,49194.95608621372,273.05187338023825
q4_3,2025-03-11,45103.90532860131,44441.25876508764,662.6465635136701
q4_3,2025-03-12,46127.45997580995,46069.48242875435,57.977547055597825
q4_3,2025-03-13,47755.444204320476,46960.03983334564,795.4043709748366
q4_3,2025-03-14,14619.915706392054,14276.304311056007,343.6113953360473
q4_3,2025-03-15,15379.457696479993,15163.57216949126,215.88552698873173
q4_3,2025-03-16,45592.483742153265,44803.64741797367,788.836324179596
q4_3,2025-03-17,38828.49248478274,39110.710611313974,-282.218126531232
q4_3,2025-03-18,47342.207350314806,46316.841695157476,1025.3656551573295
q4_3,2025-03-19,42164.261862861975,41427.81995623724,736.4419066247356
q4_3,2025-03-20,42858.768245492036,42369.443201248374,489.325044243662
q4_3,2025-03-21,13797.978808164982,13605.740798095127,192.2380100698556
q4_3,2025-03-22,15511.49114918332,15114.928611379122,396.56253780419866
q4_3,2025-03-23,41429.606677016665,41012.31878746523,417.2878895514368
q4_3,2025-03-24,42954.62204125158,41735.31569948888,1219.3063417627054
q4_3,2025-03-25,44406.78302327834,44131.18892010854,275.59410316979483
q4_3,2025-03-26,40382.18126876166,39831.567575211026,550.6136935506365
q4_3,2025-03-27,40251.91581142016,39275.04956334186,976.866248078295
q4_3,2025-03-28,14264.084168465277,13662.597786951523,601.4863815137542
q4_3,2025-03-29,13787.433320949835,13626.100243166984,161.33307778285052
q4_3,2025-03-30,37008.41770020565,36745.13957017333,263.27813003232586
q4_3,2025-03-31,38489.81196246785,37643.28559110356,846.5263713642926
q4_3,2025-04-01,42835.65569473525,42660.63439539561,175.0212993396417
q4_3,2025-04-02,43070.61621943192,42504.67960733323,565.9366120986888
q4_3,2025-04-03,40348.41854206629,40115.245241707074,233.17330035921623
q4_3,2025-04-04,12414.298970520966,12121.55486965039,292.7441008705755
q4_3,2025-04-05,14219.49729022917,14154.926558671166,64.5707315580039
q4_3,2025-04-06,38359.30620243918,37551.10884837184,808.1973540673353
q4_3,2025-04-07,36353.39558784233,35343.54956868112,1009.8460191612103
q4_3,2025-04-08,41044.489067397706,40084.67855978519,959.8105076125139
q4_3,2025-04-09,41700.028156806366,41112.07410259913,587.9540542072355
q4_3,2025-04-10,36041.65496347884,35578.86302430123,462.7919391776086
q4_3,2025-04-11,11845.105552897137,11744.487665715771,100.61788718136631
q4_3,2025-04-12,13804.11232143938,13428.032077106187,376.08024433319224
q4_3,2025-04-13,35864.41296851238,35312.87769833852,551.5352701738593
q4_3,2025-04-14,35873.31404946184,36301.943673497044,-428.62962403520214
q4_3,2025-04-15,36562.62974228365,35120.68651382184,1441.9432284618088
q4_3,2025-04-16,38182.8132204656,37312.317553692905,870.4956667726947
q4_3,2025-04-17,35190.92644215035,34706.27203126729,484.6544108830567
q4_3,2025-04-18,11788.04615636215,11490.484951172293,297.561205189857
q4_3,2025-04-19,13355.136089547945,12978.763775599315,376.3723139486301
q4_3,2025-04-20,35006.252741945034,34190.7828813339,815.4698606111342
q4_3,2025-04-21,34455.51795108552,33933.06767140541,522.4502796801098
q4_3,2025-04-22,36803.73830598571,36007.751736726,795.9865692597086
q4_3,2025-04-23,34730.54606460195,34429.140394267786,301.405670334163
q4_3,2025-04-24,32150.346143279596,31790.96818709345,359.37795618614473
q4_3,2025-04-25,12208.425917939092,11927.680052585274,280.74586535381786
q4_3,2025-04-26,11921.205869209749,11664.968274293344,256.2375949164052
q4_3,2025-04-27,31466.540609534848,31802.012409712843,-335.47180017799474
q4_3,2025-04-28,41780.53774525854,40577.34203624365,1203.1957090148862
q4_3,2025-04-29,33891.32044658839,33196.98033480377,694.3401117846224
q4_3,2025-04-30,33788.416042387194,33407.76327128535,380.6527711018425
q4_3,2025-05-01,41615.41130658002,41530.53090995915,84.88039662087249
q4_3,2025-05-02,18018.764104448466,18398.29015453851,-379.526050090044
q4_3,2025-05-03,17405.605411414654,17584.972698676553,-179.36728726189904
q4_3,2025-05-04,41935.805479693176,41378.178658703,557.6268209901755
q4_3,2025-05-05,41772.79215072516,40639.47335917555,1133.3187915496092
q4_3,2025-05-06,43376.567607364006,42790.5691044245,585.9985029395029
q4_3,2025-05-07,43909.70326344927,43495.49852126526,414.2047421840107
q4_3,2025-05-08,40570.06693955372,40015.62340062282,554.4435389309001
q4_3,2025-05-09,12978.589101010888,13213.283748028338,-234.69464701744982
q4_3,2025-05-10,15965.529329948158,15814.910405075552,150.61892487260593
q4_3,2025-05-11,36909.38212456313,36089.588550589644,819.7935739734894
q4_3,2025-05-12,39527.51701142079,38616.272035299284,911.244976121503
q4_3,2025-05-13,40166.56397884442,39886.60097567413,279.9630031702836
q4_3,2025-05-14,40368.89189383703,39905.695297520375,463.19659631665854
q4_3,2025-05-15,38602.82953413934,38015.368515857146,587.4610182821925
q4_3,2025-05-16,13014.932965705068,13272.044314381568,-257.1113486765007
q4_3,2025-05-17,15970.477995676658,15753.721713917883,216.756281758775
q4_3,2025-05-18,37855.174847507646,37388.67075660468,466.50409090296307
q4_3,2025-05-19,36933.547085533995,36595.56201505243,337.985070481569
q4_3,2025-05-20,38719.54547937318,37757.979084649196,961.5663947239809
q4_3,2025-05-21,38576.27282983661,37015.44170547285,1560.8311243637654
q4_3,2025-05-22,36608.00236755752,36536.03418656532,71.968180992204
q4_3,2025-05-23,12307.703702644834,12123.942343483031,183.76135916180283
q4_3,2025-05-24,15703.378457991137,15340.773682785875,362.60477520526183
q4_3,2025-05-25,33918.905246273236,33248.41393189666,670.4913143765734
q4_3,2025-05-26,39819.58243284612,39460.90196881688,358.6804640292394
q4_3,2025-05-27,35329.81796673001,35046.78133770448,283.03662902552605
q4_3,2025-05-28,39040.146280148736,38649.005461516565,391.14081863217143
q4_3,2025-05-29,39294.689469780584,37644.16671623979,1650.5227535407903
q4_3,2025-05-30,14100.410067757422,13948.208954855954,152.20111290146815
q4_3,2025-05-31,15836.832156257386,15630.563728778749,206.26842747863702
q4_3,2025-06-01,55583.82939472688,59680.30688066661,-4096.477485939729
q4_3,2025-06-02,57469.291756516715,61054.09400447712,-3584.802247960404
q4_3,2025-06-03,53629.12448863474,54216.333165915465,-587.2086772807234
q4_3,2025-06-04,57977.41546731421,56747.39575650501,1230.0197108092034
q4_3,2025-06-05,55766.47427723385,57613.30009397706,-1846.8258167432068
q4_3,2025-06-06,26008.413883252266,26513.441114738118,-505.0272314858521
q4_3,2025-06-07,26554.446701424087,26422.667588476434,131.77911294765363
q4_3,2025-06-08,52569.2332679897,50705.53624705331,1863.6970209363935
q4_3,2025-06-09,60380.15582637916,59458.92204871207,921.2337776670902
q4_3,2025-06-10,56078.858614856246,55342.84288030237,736.0157345538755
q4_3,2025-06-11,59937.80665287437,59296.63572131559,641.1709315587796
q4_3,2025-06-12,59109.23359348206,57880.92691044068,1228.306683041381
q4_3,2025-06-13,21930.87532010054,21032.827109160302,898.0482109402365
q4_3,2025-06-14,23986.60490052881,22958.92179071866,1027.6831098101502
q4_3,2025-06-15,52728.042791486296,52093.72262324902,634.3201682372746
q4_3,2025-06-16,59565.104028710746,57197.64936651698,2367.4546621937698
q4_3,2025-06-17,61503.481876609825,60689.20907489763,814.2728017121917
q4_3,2025-06-18,59596.90716695973,57534.183654575696,2062.7235123840364
q4_3,2025-06-19,55153.24616608418,54487.502283683556,665.743882400624
q4_3,2025-06-20,19376.595928663395,19054.62995025432,321.96597840907634
q4_3,2025-06-21,22837.105224234896,21833.05262875802,1004.0525954768746
q4_3,2025-06-22,51874.36895076205,50499.33648491269,1375.0324658493628
q4_3,2025-06-23,53029.20465839097,52088.72866738737,940.4759910036009
q4_3,2025-06-24,61773.067648640426,60839.3222480276,933.7454006128246
q4_3,2025-06-25,55060.54639331182,54076.661998326825,983.8843949849979
q4_3,2025-06-26,55894.28433474709,53487.20223777977,2407.0820969673223
q4_3,2025-06-27,19202.65581484567,18770.25203835485,432.40377649082075
q4_3,2025-06-28,20481.61508411255,20189.04124347363,292.5738406389173
q4_3,2025-06-29,51009.87119601001,50522.25307441764,487.6181215923716
q4_3,2025-06-30,56084.24757666362,54045.48080189176,2038.7667747718588
q4_3,2025-07-01,65547.3450050033,69729.92187638034,-4182.576871377038
q4_3,2025-07-02,64930.50930510372,67013.23908854302,-2082.729783439303
q4_3,2025-07-03,70705.35916190044,71465.79121726242,-760.4320553619764
q4_3,2025-07-04,29549.736733694706,30327.001452720728,-777.2647190260213
q4_3,2025-07-05,30302.028615466705,32366.05113559841,-2064.0225201317044
q4_3,2025-07-06,67937.14325086371,69139.43458538993,-1202.2913345262205
q4_3,2025-07-07,67968.14103831144,67707.3227866766,260.8182516348461
q4_3,2025-07-08,70319.562372571,66988.08844887232,3331.473923698679
q4_3,2025-07-09,66060.32743049652,64812.81978836472,1247.5076421317935
q4_3,2025-07-10,63207.68272929713,63371.690235723225,-164.00750642609637
q4_3,2025-07-11,29406.482954582974,28391.836351055146,1014.6466035278281
q4_3,2025-07-12,32075.562983461394,30796.17131481582,1279.391668645574
q4_3,2025-07-13,62818.00174384978,59813.50650425081,3004.495239598975
q4_3,2025-07-14,64914.39516440156,64106.333574237666,808.0615901638957
q4_3,2025-07-15,62684.28746132022,62123.13351981217,561.1539415080551
q4_3,2025-07-16,68437.48595329975,65768.05035044189,2669.4356028578622
q4_3,2025-07-17,64915.2499448317,62952.6513088805,1962.5986359512026
q4_3,2025-07-18,28699.198391522954,27695.229482727198,1003.9689087957559
q4_3,2025-07-19,28331.65111470156,28681.89501759503,-350.2439028934714
q4_3,2025-07-20,63682.19233725518,61247.97340391558,2434.218933339602
q4_3,2025-07-21,69747.22527101269,66951.26263397059,2795.962637042103
q4_3,2025-07-22,67238.7077681291,65993.12464190398,1245.5831262251158
q4_3,2025-07-23,66028.64343480562,65260.68866554918,767.9547692564374
q4_3,2025-07-24,68816.87037375632,67109.28852545533,1707.5818483009934
q4_3,2025-07-25,25181.950002029764,24295.756613595557,886.193388434207
q4_3,2025-07-26,32399.571012542412,30441.181176261292,1958.3898362811196
q4_3,2025-07-27,61509.21606649768,60650.27976284124,858.9363036564391
q4_3,2025-07-28,64301.00118780088,63677.27165615992,623.7295316409582
q4_3,2025-07-29,65622.43638162556,64712.99529687228,909.4410847532854
q4_3,2025-07-30,70135.67920244532,68640.11299431356,1495.5662081317569
q4_3,2025-07-31,63158.89834042855,60927.27686921967,2231.6214712088768
q4_3,2025-08-01,27171.96257079226,26555.56969972596,616.3928710663022
q4_3,2025-08-02,28079.448268244603,27627.533205474178,451.9150627704257
q4_3,2025-08-03,52167.7322804314,50795.02260438079,1372.7096760506101
q4_3,2025-08-04,57899.46962114039,55623.06121439632,2276.408406744071
q4_3,2025-08-05,56375.01477853166,54874.423022225885,1500.5917563057737
q4_3,2025-08-06,59532.262181566795,58257.34447703006,1274.9177045367323
q4_3,2025-08-07,57495.37609033426,55920.07563197063,1575.3004583636357
q4_3,2025-08-08,24253.220256102446,23569.190222985926,684.0300331165199
q4_3,2025-08-09,25866.252645016022,24983.137179307796,883.1154657082261
q4_3,2025-08-10,54652.73047083827,53219.20577228506,1433.524698553214
q4_3,2025-08-11,54552.417949265786,53981.555846026575,570.8621032392111
q4_3,2025-08-12,58080.730419022046,56407.044850780265,1673.6855682417809
q4_3,2025-08-13,56016.27626948434,53977.320989364685,2038.955280119655
q4_3,2025-08-14,55451.64619708745,53323.362091724804,2128.284105362647
q4_3,2025-08-15,23441.269368723697,23275.300234735336,165.96913398836114
q4_3,2025-08-16,26568.84815265872,26391.698321326832,177.14983133188798
q4_3,2025-08-17,53311.36652838069,51313.016560247925,1998.3499681327667
q4_3,2025-08-18,56217.57593439806,54519.441630210815,1698.134304187246
q4_3,2025-08-19,55996.176327276444,54076.426058800935,1919.750268475509
q4_3,2025-08-20,59916.339263057554,58355.9003695202,1560.4388935373572
q4_3,2025-08-21,55086.65631888438,53608.899110592596,1477.7572082917832
q4_3,2025-08-22,24026.875599704686,23685.0428107275,341.8327889771863
q4_3,2025-08-23,26503.91911663853,26004.79742971655,499.1216869219825
q4_3,2025-08-24,54451.20306293281,53342.47439254314,1108.728670389668
q4_3,2025-08-25,64582.43322133058,63162.504497368835,1419.928723961748
q4_3,2025-08-26,54034.631427958426,53518.05338359505,516.5780443633776
q4_3,2025-08-27,57368.84234658202,55347.634656786904,2021.2076897951192
q4_3,2025-08-28,58247.93430626823,56588.21150780136,1659.7227984668716
q4_3,2025-08-29,25783.503696870022,25230.803296486716,552.7004003833063
q4_3,2025-08-30,27545.209371776913,27023.948321257118,521.2610505197954
q4_3,2025-08-31,52090.0074202142,50744.58325349468,1345.4241667195165
q4_3,2025-09-01,48487.47593987689,47328.03929676222,1159.43664311467
q4_3,2025-09-02,46684.15480632573,45694.762623363145,989.3921829625833
q4_3,2025-09-03,49568.0339791006,48584.925405530754,983.1085735698434
q4_3,2025-09-04,47585.61894651152,47048.21242501809,537.4065214934235
q4_3,2025-09-05,18891.80020919251,18930.90318951081,-39.10298031830098
q4_3,2025-09-06,20784.143943809155,20719.153936460916,64.99000734823858
q4_3,2025-09-07,45304.26576182198,44466.59658762747,837.6691741945106
q4_3,2025-09-08,45716.13756797215,44401.121320967104,1315.016247005049
q4_3,2025-09-09,42183.465083262585,41336.6326376957,846.8324455668844
q4_3,2025-09-10,43255.61811547857,41884.78240061876,1370.8357148598152
q4_3,2025-09-11,43479.535704038506,42244.06543625677,1235.4702677817331
q4_3,2025-09-12,16620.906587624508,16407.83762334257,213.06896428193795
q4_3,2025-09-13,18405.781825830167,17848.66950120597,557.112324624195
q4_3,2025-09-14,42681.23922812022,42439.0480435312,242.19118458902085
q4_3,2025-09-15,41492.69935861438,41001.367877796554,491.33148081782565
q4_3,2025-09-16,46585.50152282579,44687.93969060653,1897.5618322192604
q4_3,2025-09-17,47359.96799904332,46563.449535453736,796.5184635895857
q4_3,2025-09-18,41564.600756704225,39960.710754591535,1603.8900021126901
q4_3,2025-09-19,16206.497676143448,15887.039906378966,319.4577697644818
q4_3,2025-09-20,18621.214684190105,18130.93967977231,490.27500441779557
q4_3,2025-09-21,43456.84242827172,42540.555942513856,916.2864857578606
q4_3,2025-09-22,46653.79649449554,45781.440246566926,872.356247928612
q4_3,2025-09-23,45928.4744402345,45213.48340773338,714.9910325011224
q4_3,2025-09-24,45255.116680337815,43930.055581135086,1325.0610992027287
q4_3,2025-09-25,45539.30775177007,44992.6506421108,546.6571096592743
q4_3,2025-09-26,16479.481262817215,16151.64536731529,327.8358955019248
q4_3,2025-09-27,19208.29828369258,18954.519852223915,253.77843146866508
q4_3,2025-09-28,45940.972484620404,44214.47630437514,1726.4961802452672
q4_3,2025-09-29,47744.37079193564,46569.994530293116,1174.3762616425229
q4_3,2025-09-30,50361.465311104555,50133.36754735412,228.09776375043293
q4_3,2025-10-01,42264.12528596385,41492.317110939475,771.8081750243728
q4_3,2025-10-02,42522.91659976015,42323.72127726898,199.19532249117037
q4_3,2025-10-03,14289.985836856462,14450.19766608889,-160.2118292324285
q4_3,2025-10-04,16870.877860107146,16828.93803214355,41.939827963597054
q4_3,2025-10-05,42195.38138039607,41338.38887757789,856.9925028181824
q4_3,2025-10-06,42526.872454541546,41318.389749074515,1208.4827054670313
q4_3,2025-10-07,45067.89283230284,44477.446556475275,590.4462758275622
q4_3,2025-10-08,40589.924753796186,41270.210879394086,-680.2861255979005
q4_3,2025-10-09,40380.49323924688,40579.44078284985,-198.94754360296793
q4_3,2025-10-10,15398.015080020508,14812.211345473173,585.8037345473349
q4_3,2025-10-11,16008.5981557724,15327.1802630091,681.4178927633002
q4_3,2025-10-12,41971.39839729939,41364.205882660186,607.1925146392023
q4_3,2025-10-13,41436.02740614438,41254.98148706815,181.0459190762267
q4_3,2025-10-14,44361.02009504875,43786.0434136473,574.9766814014511
q4_3,2025-10-15,45908.16897145875,45086.053640323524,822.1153311352246
q4_3,2025-10-16,43472.22858187395,42413.89856818164,1058.3300136923062
q4_3,2025-10-17,15976.709946042234,15527.204589857694,449.5053561845398
q4_3,2025-10-18,14856.688195781544,14618.477352440697,238.21084334084662
q4_3,2025-10-19,47222.93890120325,46300.17660980635,922.7622913968953
q4_3,2025-10-20,48603.122016740264,47886.6122877643,716.5097289759651
q4_3,2025-10-21,48607.86340556652,47574.11222716918,1033.7511783973387
q4_3,2025-10-22,46441.422822116,46402.913257111904,38.50956500409666
q4_3,2025-10-23,47789.83022585411,47008.26908360024,781.5611422538714
q4_3,2025-10-24,15225.198767004606,14591.339928085064,633.8588389195411
q4_3,2025-10-25,17341.92297045885,16895.10505331093,446.8179171479205
q4_3,2025-10-26,47642.39409521234,47360.61218152252,281.7819136898179
q4_3,2025-10-27,46749.8615972654,45738.9147463548,1010.9468509106009
q4_3,2025-10-28,48560.63049822247,47491.61214411838,1069.0183541040897
q4_3,2025-10-29,51945.72675153867,50978.24597490358,967.4807766350932
q4_3,2025-10-30,45669.366984568995,45022.41726905742,646.949715511575
q4_3,2025-10-31,18013.397218704242,17526.916421383845,486.48079732039696
q4_3,2025-11-01,15673.015282846138,15431.578019081775,241.4372637643628
q4_3,2025-11-02,49213.88448853551,49113.56603485007,100.31845368543873
q4_3,2025-11-03,53129.53012674453,52232.80977035717,896.7203563873627
q4_3,2025-11-04,50211.84746554092,49357.369213868915,854.4782516720079
q4_3,2025-11-05,55356.94254803969,54408.078332115154,948.8642159245355
q4_3,2025-11-06,51569.76587471257,50611.86703050469,957.8988442078771
q4_3,2025-11-07,16364.099942383327,15873.10841601654,490.9915263667881
q4_3,2025-11-08,17875.328618993706,17404.33690071167,470.99171828203544
q4_3,2025-11-09,52018.590000875876,50842.90847590064,1175.6815249752399
q4_3,2025-11-10,56975.54918868671,56355.809331279335,619.7398574073741
q4_3,2025-11-11,55688.98574145463,54757.27440964217,931.7113318124611
q4_3,2025-11-12,55149.49077989736,53732.152901131005,1417.3378787663532
q4_3,2025-11-13,54163.55138720771,54345.20343119922,-181.6520439915039
q4_3,2025-11-14,17105.98223504825,17127.9492261042,-21.96699105594962
q4_3,2025-11-15,18884.13293137459,18686.72130631582,197.41162505876855
q4_3,2025-11-16,55774.056940418996,53905.72063754043,1868.336302878568
q4_3,2025-11-17,57770.4418650559,56146.467968834055,1623.973896221847
q4_3,2025-11-18,56186.53636570016,55335.33904836592,851.1973173342412
q4_3,2025-11-19,60606.86510949561,59921.61972513527,685.2453843603362
q4_3,2025-11-20,53647.16706752709,52374.78236615045,1272.3847013766353
q4_3,2025-11-21,19260.51615597465,18434.115125397497,826.4010305771517
q4_3,2025-11-22,18964.841956310123,18551.394281741683,413.44767456844056
q4_3,2025-11-23,56991.69923532012,55807.387150782946,1184.312084537174
q4_3,2025-11-24,55179.36677948268,54160.34252956846,1019.024249914226
q4_3,2025-11-25,61911.083111206375,61139.43071240229,771.6523988040863
q4_3,2025-11-26,60020.8523466599,59027.61015491697,993.242191742931
q4_3,2025-11-27,57610.33572602419,56725.18125905862,885.1544669655705
q4_3,2025-11-28,17718.234600665153,17282.28017851551,435.9544221496435
q4_3,2025-11-29,21725.16139798033,20817.079291761096,908.0821062192335
q4_3,2025-11-30,61340.83432100951,59688.65187216147,1652.1824488480415
q4_3,2025-12-01,78974.31007646387,81174.0147391973,-2199.704662733435
q4_3,2025-12-02,85737.04153636273,85566.70947069325,170.33206566947047
q4_3,2025-12-03,78040.16318835026,78332.83530428266,-292.6721159324079
q4_3,2025-12-04,79024.20454715924,80138.22452856848,-1114.0199814092339
q4_3,2025-12-05,26528.998858606898,26549.94513888843,-20.94628028153238
q4_3,2025-12-06,25779.139135048168,26085.715278245298,-306.57614319712957
q4_3,2025-12-07,78766.59168414946,80725.3857504739,-1958.7940663244372
q4_3,2025-12-08,75845.70886304206,75376.32179473844,469.3870683036221
q4_3,2025-12-09,74967.30537917846,73750.45483025607,1216.8505489223899
q4_3,2025-12-10,74817.0806407947,73160.53496080425,1656.5456799904496
q4_3,2025-12-11,71075.87556179582,69577.12633389363,1498.7492279021972
q4_3,2025-12-12,27598.994672607878,27357.60131024787,241.39336236000963
q4_3,2025-12-13,26934.723657609575,25949.615334570855,985.1083230387194
q4_3,2025-12-14,73322.78846016401,72387.23528926991,935.553170894098
q4_3,2025-12-15,75655.98276145464,74033.5591823603,1622.4235790943349
q4_3,2025-12-16,77124.99804576879,75981.45644817108,1143.5415975977085
q4_3,2025-12-17,74413.7199859068,73141.30980592598,1272.4101799808268
q4_3,2025-12-18,71418.74577727601,70499.17398781121,919.5717894647969
q4_3,2025-12-19,26229.37580821178,24889.501821572372,1339.8739866394062
q4_3,2025-12-20,24699.714069247886,23927.115527737806,772.5985415100804
q4_3,2025-12-21,74378.14096098905,73838.35809313454,539.7828678545193
q4_3,2025-12-22,74569.66391216095,73280.43201312849,1289.2318990324566
q4_3,2025-12-23,74869.30250746719,73702.58189763439,1166.7206098328024
q4_3,2025-12-24,73420.93345867586,71649.33488520476,1771.5985734710994
q4_3,2025-12-25,68449.64586103642,67832.47887995801,617.1669810784078
q4_3,2025-12-26,26715.963568437088,26215.239583076993,500.72398536009496
q4_3,2025-12-27,25081.73885441074,24287.691794889448,794.0470595212937
q4_3,2025-12-28,70555.3315021293,68511.04103085786,2044.2904712714371
q4_3,2025-12-29,73790.20512537193,72033.77936984446,1756.4257555274671
q4_3,2025-12-30,71728.03315036361,70555.97269124314,1172.0604591204756
q4_3,2025-12-31,75536.50847214827,74430.14738330939,1106.3610888388794
