date,baseline_cost_yuan,candidate_cost_yuan,saving_yuan,baseline_emergency_kwh,candidate_emergency_kwh,baseline_spill_kwh,candidate_spill_kwh,baseline_ending_inventory_kwh,candidate_ending_inventory_kwh
2025-02-01,20866.872237886364,20915.223962726268,-48.35172483990391,7.691625114603085e-12,26.000783333341264,3520.318100844075,4897.313047164573,10320.0,10530.0
2025-02-02,61846.66983119196,61475.58902474147,371.08080645048904,1.1105782959930366e-11,1.1169731806148775e-11,3603.8650586852727,3047.5953474624953,8005.053003530739,8302.275289677482
2025-02-03,63986.34640511639,65013.66382900909,-1027.3174238927022,1.758593271006248e-11,1.3514522834157106e-11,2328.5062732250935,2197.3653559149725,6713.450009568383,8135.978048234879
2025-02-04,66916.82205923522,66813.59912177245,103.2229374627641,1.375610736431554e-11,1.4765078049094882e-11,3663.840083772917,4186.946301380289,6034.154947579098,6623.049577041065
2025-02-05,63600.26571882317,63807.04350481363,-206.77778599045996,1.9974688569845966e-11,31.950085971372125,1400.2446470002878,2604.854789179216,7267.709554211694,5842.49075510303
2025-02-06,63439.320372771836,64000.22680920208,-560.9064364302467,6.968953697104036,20.540260040381376,1385.2395523460905,1931.749126555363,4257.531565660658,2683.818022034042
2025-02-07,20235.873857918086,20289.475034449104,-53.6011765310177,82.41569127925078,26.875072943379337,6713.668532232361,5674.130922335799,7072.228879219194,7101.665190292958
2025-02-08,17260.755423793293,17039.442717316935,221.31270647635756,1.525535253676935e-11,1.468691834816127e-11,1872.757643594876,1857.8298020249754,10291.651844436929,10743.821965214549
2025-02-09,60147.39353480625,59941.22514673921,206.1683880670389,1.737987531669205e-11,1.5063505998114124e-11,1930.5277776364342,2452.3478351126064,5676.145261622307,5164.645756184502
2025-02-10,57252.61632607424,56639.705457892866,612.9108681813741,1.3943068921662416e-11,1.3717471603058584e-11,1230.3895012001303,1081.2392921008986,6121.586819309954,5041.977271225285
2025-02-11,58400.37130320928,57673.959758941186,726.4115442680923,457.8429983253967,181.61303896199547,229.6446699495168,667.8764145546936,5698.358249345633,4305.087607911515
2025-02-12,57216.06891453073,59840.294825900826,-2624.225911370093,1.6633805444143945e-11,409.94643262131785,729.0268692434104,401.96698729891403,7342.225285046913,7232.897258144262
2025-02-13,51498.76316845731,51043.08286414774,455.6803043095715,27.16382616242167,27.11700645866795,1683.1156302818586,1335.4839834622956,2087.389963133786,2264.2337007372043
2025-02-14,17281.51043444963,16869.29355241116,412.2168820384686,1.4210854715202004e-11,1.2363443602225743e-11,3530.305550468868,3594.042662022419,5255.777958187033,4272.97883698842
2025-02-15,18305.365810662566,18984.833448236044,-679.467637573478,1.5504042494285386e-11,1.5404566511278972e-11,3138.5036911208026,3287.30200045374,10539.19418454808,10603.306528881703
2025-02-16,56231.33595069761,55881.14352746253,350.19242323507933,12.854282298834041,143.44653520569938,2.177058533447962e-11,22.11205717375097,7109.635833900005,5769.640217498432
2025-02-17,54527.2837250577,55776.86863900523,-1249.5849139475322,26.61401640921389,65.20765385201946,725.4565510689355,593.175899209729,6242.395210924009,6411.933881767154
2025-02-18,51533.04353334301,51897.06176845085,-364.01823510784016,2.0978774273316958e-11,1.922906278650771e-11,788.6565121055813,596.1347229311499,4565.92353117606,5375.759361688581
2025-02-19,53942.21743660295,53383.824551048754,558.3928855541963,46.881219867858874,2.738333333348592,638.1908988943138,599.3556484098829,5737.406548794581,6189.233694756719
2025-02-20,51699.30561827199,51167.19875480022,532.1068634717667,33.09849407409,36.47511272758517,1262.7626000065168,1246.2002272489683,2212.3876934315426,2400.0731523303234
2025-02-21,16495.188374907695,17121.84653355366,-626.6581586459652,1.2676082405960187e-11,1.3955059330328368e-11,6041.36626654305,5935.230509650619,5935.617868081343,7688.634052982353
2025-02-22,17011.59992835242,16484.292034801307,527.3078935511148,1.1425527191022411e-11,1.2946088645549025e-11,3693.7721329318138,3396.0327904348587,10368.309994505036,10237.327092500907
2025-02-23,50850.37126766583,50196.55265201157,653.8186156542652,17.001005164025447,1.8879120489145862e-11,702.3720972277804,243.33346617857478,6405.917927059623,6604.66207362986
2025-02-24,50047.549239443906,49494.99869805835,552.5505413855572,29.072466666682132,34.113901370410154,1357.3329996039502,2090.4590189536266,5374.949775326317,3167.133693952006
2025-02-25,50762.65113324103,50872.92001208669,-110.26887884565804,31.0950000000161,31.095000000011993,2163.077648023952,1463.1473071198807,7050.999796461856,7001.665705209101
2025-02-26,49795.926418028495,49188.14633503396,607.7800829945336,1.7342571823064645e-11,1.2530421145129367e-11,911.4169014688418,867.2302758281643,7110.0,6994.430462361074
2025-02-27,45612.74654146221,45510.25497566117,102.49156580104318,1.658584380948014e-11,2.078692773466173e-11,306.0358318454959,590.7418600463252,3186.160095446779,3314.2237738892113
2025-02-28,14621.025693449352,14254.261343683322,366.76434976603014,1.1539214028744027e-11,9.553247082294547e-12,7090.7143788294425,7041.344983116265,4281.279345076506,3401.383194251598
2025-03-01,17667.876713180496,18284.74972389825,-616.8730107177544,1.0011547146859812e-11,9.990230864787009e-12,7959.843017058008,8208.139740215109,10107.294024996349,10229.985825359636
2025-03-02,52455.526421856805,53588.723360171556,-1133.1969383147516,1.7847057165454316e-11,4.518050760542998,2837.9780330839762,2759.6530586044655,5122.933406002781,6971.363987888351
2025-03-03,54217.08931259067,54501.94931263344,-284.86000004276866,1.4146905868983595e-11,0.7435246785768805,1847.2653268482172,1711.4361325278146,4744.379193413943,5558.883349357725
2025-03-04,49708.191237461586,51548.612539066526,-1840.4213016049398,2.2726709403286804e-11,30.544249870963423,486.3532182284166,1558.6180783586667,4292.0827634115185,6553.884487312827
2025-03-05,52796.34292053344,48147.11761820092,4649.2253023325175,167.00703623957486,106.2952328694623,2279.5014475071653,1983.050139580495,7701.316500494374,4883.555501471924
2025-03-06,44883.487278356115,46596.54622165447,-1713.0589432983543,1.6477486042276723e-11,1.7038814803527202e-11,2354.308101505838,1628.126349411208,1511.462516102834,2224.2525209761243
2025-03-07,15384.386483043007,15153.468757582863,230.91772546014363,1.0167866548727034e-11,1.0167866548727034e-11,8752.72103281759,8579.158208135716,5422.728329016037,4831.3045815806845
2025-03-08,15187.115228578175,15398.151922808198,-211.03669423002248,7.844391802791506e-12,8.526512829121202e-12,9594.31765182438,9247.79264226273,9660.0,10320.0
2025-03-09,44115.41959177108,42676.674641227204,1438.744950543878,2.205702287483291e-11,2.048672342880309e-11,1408.0615399127162,730.0949881671809,5897.549403917109,5553.017937398168
2025-03-10,49194.95608621372,49712.39649545777,-517.4404092440454,2.049560521300009e-11,2.070343896320992e-11,709.6367580204809,904.3725735674154,7476.845921427117,6574.963940938744
2025-03-11,44441.25876508764,45171.71984512755,-730.4610800399096,2.2144064359963522e-11,1.2210676914037322e-11,903.7255333844545,1010.2667740881978,5367.401819469938,5194.699295721353
2025-03-12,46069.48242875435,45932.701677717254,136.78075103709853,1.6086687537608668e-11,1.638156277294911e-11,2652.417030631401,1636.8321195936442,6695.247836442976,6218.567663466813
2025-03-13,46960.03983334564,46328.264945549454,631.7748877961858,64.81296656148267,1.464584009625014e-11,1670.7092590331267,1429.2342454305638,1808.5294350002002,1629.9446287090984
2025-03-14,14276.304311056007,13821.791181526707,454.5131295292995,0.7818500000066528,7.16227077646181e-12,11552.239641178832,11383.074877474337,5314.180939722124,5045.9097332361835
2025-03-15,15163.57216949126,15069.273637632432,94.29853185882894,37.73540850199436,1.184474740512087e-11,7295.937312559661,7146.205243151973,9787.21498574839,9732.97913971307
2025-03-16,44803.64741797367,45006.18688618617,-202.5394682125043,1.6400000000151698,1.6400000000171238,2934.195770589922,1940.525659336573,6897.184016862034,8215.884291589304
2025-03-17,39110.710611313974,38353.182004377326,757.5286069366484,1.91491267287347e-11,1.8381740574113792e-11,738.2133608266773,1408.9414102466171,3750.0,4418.052847487118
2025-03-18,46316.841695157476,44656.75535714171,1660.086338015768,1.4789947044846485e-11,1.8467005702405004e-11,2015.104332536375,1991.550138687467,5833.233138826839,5404.8325217726215
2025-03-19,41427.81995623724,41509.04238665021,-81.22243041297043,1.0524716514970223e-11,1.3081091765343444e-11,1822.488991996433,1605.2553942359984,5641.207106651731,5741.550661299287
2025-03-20,42369.443201248374,42210.467618890514,158.97558235785982,1.48929757415317e-11,1.6555645743210334e-11,1150.6963403423463,1019.0933120877614,1868.6911765445166,1670.5798502538855
2025-03-21,13605.740798095127,13150.123458650622,455.617339444505,9.265477274311706e-12,7.247535904753022e-12,14843.270713293914,14791.87676657395,4587.90547196461,4252.979076108949
2025-03-22,15114.928611379122,15106.872892200394,8.055719178728395,7.16227077646181e-12,1.0864198429771932e-11,12399.647047682436,11899.923838930374,9690.0,10119.151777135785
2025-03-23,41012.31878746523,41256.227580859115,-243.9087933938863,25.74205838939858,1.7216450487467228e-11,3135.918588913698,4117.989374250947,5142.838119668393,4169.717250601852
2025-03-24,41735.31569948888,41583.49743276236,151.81826672652096,1.4559020655724453e-11,1.4878764886816498e-11,2478.6524362689765,1392.7893191411056,5871.566958614991,5302.9147275451405
2025-03-25,44131.18892010854,43373.92842349698,757.2604966115614,1.8982149185831076e-11,1.6704859717719955e-11,2191.5547741525424,1196.8061598946463,5081.976194051102,3957.175077897332
2025-03-26,39831.567575211026,41301.17907800405,-1469.611502793021,2.0037305148434825e-11,1.5056400570756523e-11,1829.0411699916974,2999.383030233122,5263.929389963235,6731.664923028084
2025-03-27,39275.04956334186,39163.43108184373,111.61848149813159,2.0591528482327703e-11,1.7054802015081805e-11,831.4108147914434,537.2583207509142,2356.7607855458155,2443.74401793835
2025-03-28,13662.597786951523,13131.045260859992,531.552526091531,7.048583938740194e-12,7.389644451905042e-12,16676.60325932611,16334.493581628665,5313.429072349152,4567.704714390493
2025-03-29,13626.100243166984,13821.829308195222,-195.72906502823753,13.790370487184347,1.1624479157035239e-11,18629.311178723376,18827.743341899975,9347.267563489037,9553.399076073512
2025-03-30,36745.13957017333,36380.62470097671,364.5148691966169,1.9703350062627578e-11,1.9021229036297882e-11,969.0202946983591,1231.944271737035,4461.795906545283,4512.413765162388
2025-03-31,37643.28559110356,38194.64484196642,-551.3592508628644,1.8342660723646986e-11,1.794830950530013e-11,24.991901188217422,297.2827739649022,5108.869290318215,4919.953777879407
2025-04-01,42660.63439539561,43710.30187646994,-1049.667481074328,1.1162626378791174e-11,1.6633805444143945e-11,3289.050578600641,2937.1320383790567,4848.329964821518,4065.201262230289
2025-04-02,42504.67960733323,43424.76867721181,-920.0890698785806,1.4184209362611e-11,1.787192616120592e-11,2371.508629203418,2731.372093045671,5377.569912102701,6438.444488675603
2025-04-03,40115.245241707074,39808.15731105079,307.0879306562856,1.2050804798491299e-11,1.2306600183364935e-11,4840.938999354965,2894.656526111801,1504.8574471161207,2312.8208444086167
2025-04-04,12121.55486965039,12551.1838133794,-429.62894372901064,7.247535904753022e-12,1.042366193360067e-11,18772.735615095124,18873.54649884498,4335.891523152572,6142.777075714279
2025-04-05,14154.926558671166,14042.648808101054,112.2777505701124,1.4246381851990009e-11,59.688472563279355,13640.064546950356,14132.486854322877,10260.0,10170.0
2025-04-06,37551.10884837184,38428.72348366106,-877.6146352892174,96.15910564421308,1.5234036254696548e-11,3068.164033696133,3071.179420433742,7223.664680845222,8034.2418430661755
2025-04-07,35343.54956868112,35005.1095713146,338.4399973665204,2.0833113012486137e-11,1.8104628907167353e-11,1698.9094951980046,1723.3612115968383,4993.057763262018,5469.668320280051
2025-04-08,40084.67855978519,39564.366495611794,520.3120641733985,1.5846601808533478e-11,1.5338841308221163e-11,2798.0926505200305,3414.1556478965867,6897.007947333775,5014.367354802334
2025-04-09,41112.07410259913,40233.146030027114,878.9280725720164,1.5234036254696548e-11,1.3628209671878722e-11,1786.658665759493,1364.7853457674798,8102.995419145576,5759.929170364031
2025-04-10,35578.86302430123,37521.207088813986,-1942.3440645127557,1.1153744594594173e-11,1.2617462630259979e-11,2596.907721746501,2981.4770098410195,2328.8729214660216,1689.242801218836
2025-04-11,11744.487665715771,12012.509181397498,-268.02151568172667,1.1240786079724785e-11,5.009326287108706e-12,19123.96594218083,19142.42199186173,4707.103554031723,4694.259236926079
2025-04-12,13428.032077106187,13203.225582490188,224.80649461599933,9.258371846954105e-12,7.361222742474638e-12,15811.155654090719,15742.150625918333,10330.785327271018,10226.492592592593
2025-04-13,35312.87769833852,34486.000803677045,826.8768946614728,1.886668599127006e-11,1.7828405418640614e-11,332.69110934768935,1479.9569543322448,6072.263585136437,5451.278476980828
2025-04-14,36301.943673497044,39180.5283850528,-2878.5847115557553,108.58115235069377,504.988155650893,440.7912028876673,29.604042083255333,4560.606293085876,4470.258916119889
2025-04-15,35120.68651382184,35192.81135541161,-72.12484158977168,1.3629986028718122e-11,15.081724992333735,3027.523029912374,3400.7151549329637,5968.9855600616775,5307.555145618386
2025-04-16,37312.317553692905,37884.77578323707,-572.4582295441651,1.3961554135022425e-11,1.8736401319330298e-11,1722.7503680599416,1284.8313946764065,4440.058111286393,5215.735500809063
2025-04-17,34706.27203126729,34853.7563370284,-147.48430576110695,1.9168777676270565e-11,1.1723066961621953e-11,36.67703244521749,1419.6950713492179,2344.9965019046876,2325.562536567911
2025-04-18,11490.484951172293,11404.699295691331,85.7856554809623,8.327560863108374e-12,1.261923898709938e-11,17890.147610025648,17548.925630697035,3821.1125472388953,4353.356477674097
2025-04-19,12978.763775599315,12699.19694185217,279.5668337471452,8.071765478234738e-12,8.668621376273222e-12,17419.058342181455,17451.639574144887,9605.27015517032,9694.932136702677
2025-04-20,34190.7828813339,33511.55401164013,679.2288696937685,1.49000811688893e-11,1.4765078049094882e-11,2408.748361173077,1425.949528355358,5835.36751313717,5989.795514247198
2025-04-21,33933.06767140541,35773.22562569372,-1840.1579542883046,1.432454155292362e-11,1.3130829756846651e-11,2637.740526883785,3528.608800662171,5245.913584003935,5568.894715595728
2025-04-22,36007.751736726,35864.00961542985,143.74212129614898,1.5758061522319622e-11,2.0966339775441156e-11,1199.8607296730713,163.0501207477189,7312.654911581216,7978.557093711442
2025-04-23,34429.140394267786,32380.80196632513,2048.3384279426573,1.8991030970028078e-11,1.7038814803527202e-11,607.505611324972,329.3134868638029,6782.593005033524,5328.701222619202
2025-04-24,31790.96818709345,31368.814583484815,422.15360360863633,1.2590817277668975e-11,1.5063505998114124e-11,4566.299124517567,2895.8070024464314,1596.9240100278653,2029.7285184586342
2025-04-25,11927.680052585274,11151.525468668246,776.1545839170285,5.258016244624741e-12,6.991740519879386e-12,21150.017015377485,20887.59388809554,6663.315980068408,5750.678897027269
2025-04-26,11664.968274293344,12407.449027896275,-742.4807536029311,6.821210263296962e-12,8.58335624798201e-12,23591.182009473945,23462.211679560438,9462.986605219741,10697.743802622977
2025-04-27,31802.012409712843,30801.00288197923,1001.0095277336113,204.53321875734844,2.113154096150538e-11,2110.288238373548,2142.503550851853,4365.548682423223,4992.697495094477
2025-04-28,40577.34203624365,39403.82948813801,1173.5125481056384,1.666933258093195e-11,1.8129497902918956e-11,2408.2808736728684,1630.884507565133,6883.785634714474,6143.87592055542
2025-04-29,33196.98033480377,32095.290550941696,1101.6897838620716,1.0686562745831907e-11,19.684410659263335,4945.190535369357,2580.8448693506907,4631.240870774547,4669.553796305874
2025-04-30,33407.76327128535,33820.83739299633,-413.0741217109753,1.743671873555286e-11,17.93951398116016,1581.8153528270132,2526.3040845894175,7065.357271697324,7083.669650967573
2025-05-01,41530.53090995915,42408.64834829519,-878.1174383360412,1814.1122949398468,1975.201551892148,2265.426606230733,2634.555944977995,2552.127373542256,2577.282440261093
2025-05-02,18398.29015453851,16792.406813746024,1605.8833407924867,1087.0234086530895,916.1502328609187,12605.80146806123,12323.839695958302,4293.30654580375,3752.123292091424
2025-05-03,17584.972698676553,19417.164119068344,-1832.1914203917913,1057.3442449202316,1331.4240512193383,16944.24066545016,17283.123859212596,8833.24867711789,8344.434041776367
2025-05-04,41378.178658703,41752.31627181191,-374.1376131089128,940.7254911781539,1009.4851509181656,1256.33894737721,954.1880606545208,6327.470170850759,6326.237085558269
2025-05-05,40639.47335917555,41802.58956532446,-1163.1162061489085,710.0297730992767,801.0688953871867,59.53795184960657,1366.1298205643056,3131.684607369003,3750.1014957679286
2025-05-06,42790.5691044245,41906.237039699205,884.3320647252986,880.8293088278303,743.4815299725211,1273.951331873682,195.02492120648247,3739.660089884675,4739.170596044249
2025-05-07,43495.49852126526,43614.51388802964,-119.01536676438263,867.1116948606643,916.8273574695546,917.8656655208406,1556.1445874822848,5273.035664210984,5993.249458088456
2025-05-08,40015.62340062282,38306.71647844513,1708.906922177688,1.4390266755981429e-11,2.1183055309847987e-11,2341.3748328160896,2129.4112760984394,3076.2262047307,2827.8016666186177
2025-05-09,13213.283748028338,13777.327793333105,-564.0440453047668,5.4569682106375694e-12,4.945377440890297e-12,17993.76586303939,18615.404577420304,3240.0,3780.0
2025-05-10,15814.910405075552,16129.56744830579,-314.65704323023783,1.1574741165532032e-11,10.6319000000062,13892.39027164183,14227.59170359329,10037.370282955015,10320.0
2025-05-11,36089.588550589644,36193.45819562374,-103.86964503409399,2.084643568878164e-11,8.605961953550182,1122.8279413515634,1207.4828784814517,4218.828283810669,3454.9706294306416
2025-05-12,38616.272035299284,39334.300260797216,-718.028225497932,1.5301537814593758e-11,1.4507506307381846e-11,2166.7470375538296,2299.96117207561,6000.0,5796.96834367579
2025-05-13,39886.60097567413,39740.24161337227,146.35936230186053,1.3141487897883053e-11,1.3141487897883053e-11,3952.9847211835227,4181.650678738024,5340.0,4680.0
2025-05-14,39905.695297520375,40469.45171272028,-563.7564151999031,1.7921664152709127e-11,9.485745522397337e-12,2367.0596132673963,4093.8410507572635,6690.0,6330.0
2025-05-15,38015.368515857146,37909.19655838079,106.1719574763556,1.9804602402473392e-11,1.8269830093231576e-11,3375.831925206337,2195.7021475132733,3000.0,3120.0
2025-05-16,13272.044314381568,12665.764640358333,606.2796740232352,41.70626666667256,5.002220859751105e-12,22986.378181891505,22335.309080999432,3807.6525711704903,3630.0001884651692
2025-05-17,15753.721713917883,15539.576517383437,214.14519653444586,9.180212146020494e-12,6.66489086142974e-12,15736.48242766568,15553.147513561882,10110.0,10008.81686425682
2025-05-18,37388.67075660468,38326.80183332284,-938.1310767181567,1.5214496329463145e-11,2.0188295479783847e-11,3495.587833042332,3391.742174460223,3870.0,5719.399872835227
2025-05-19,36595.56201505243,35959.6623688708,635.8996461816278,1.432187701766452e-11,23.165636354980478,6751.517380983334,6056.959748059029,3799.244382097801,3236.135341701475
2025-05-20,37757.979084649196,36907.13309651407,850.8459881351228,1.8836487925000256e-11,1.7964296716854733e-11,1535.566147123275,747.4310126192104,4741.684526170685,3232.6630297337674
2025-05-21,37015.44170547285,38095.867803591434,-1080.426098118587,1.502797886132612e-11,1.3773870932709542e-11,2855.522047906278,2451.4694121554253,4350.0,4946.550752920288
2025-05-22,36536.03418656532,35976.77988380164,559.2543027636784,9.833911462919787e-12,1.2192913345643319e-11,3412.433778312821,3157.636952382288,2580.0,2370.0
2025-05-23,12123.942343483031,13057.035675345727,-933.0933318626958,5.4569682106375694e-12,6.544098596350523e-12,18659.571913077318,19501.52034542827,2640.0,3420.0
2025-05-24,15340.773682785875,14998.538343002347,342.2353397835286,3.680611371237319e-12,5.5706550483591855e-12,21539.642746293943,21368.29464274504,10226.43014848418,10170.0
2025-05-25,33248.41393189666,33714.18571237161,-465.7717804749482,1.2107648217352107e-11,1.1723955140041653e-11,5946.7757646595455,7032.518146200178,3238.56819042983,3442.4177628724497
2025-05-26,39460.90196881688,37846.911805130716,1613.9901636861614,1.5136336628529534e-11,1.617195266589988e-11,2147.7044622350973,877.8503822698591,5370.0,3930.0
2025-05-27,35046.78133770448,37141.47228099141,-2094.690943286929,1.0817124973527825e-11,9.663381206337363e-12,3201.526183184899,3497.1585918886885,3270.0,5400.0
2025-05-28,38649.005461516565,38011.004150509994,638.0013110065702,1.4154011296341196e-11,1.2953194072906626e-11,3125.73069869579,3401.5051158122105,3984.280922247286,3900.0
2025-05-29,37644.16671623979,37492.931207667694,151.2355085720992,1.9454660105111543e-11,1.3462120307394798e-11,2675.5052690317843,2213.4323632853984,2318.7415202189572,1982.2151291469377
2025-05-30,13948.208954855954,13255.434613904392,692.7743409515624,5.5138116294983774e-12,7.929656931082718e-12,19282.51050634233,18335.823008690157,4410.0,4341.192086980074
2025-05-31,15630.563728778749,15699.665171278319,-69.10144249957011,4.547473508864641e-12,5.415716666671261,19191.835697833783,19023.62084515876,10692.84657096414,10297.33758310325
2025-06-01,59680.30688066661,59253.141280977004,427.1655996896079,1871.649097270541,1255.498008704951,1167.3117124620994,1481.7122294667352,2906.0666550645847,3171.5713659292182
2025-06-02,61054.09400447712,60206.618502464844,847.4755020122757,1496.3926500365649,1493.654980699447,1165.3991442670697,16.67771111112255,2906.423810167291,2890.8460686414655
2025-06-03,54216.333165915465,61405.576410320835,-7189.24324440537,316.6932798983032,1514.6792369539526,1880.4433005301264,2815.805759974353,3715.804386496711,3596.0270063165167
2025-06-04,56747.39575650501,55698.66057144194,1048.7351850630657,410.4900467807646,379.40252181179386,671.3794978754945,1082.8451927857386,3643.8923622360685,2228.2159883066884
2025-06-05,57613.30009397706,58584.4475262598,-971.1474322827416,1307.8519004913558,1137.0940016166264,641.0374450995369,580.6177735841777,1200.0,1200.0
2025-06-06,26513.441114738118,24759.97401235762,1753.4671023804985,2341.24108021217,1570.4724979370126,2578.8184787326627,4473.072771829357,1200.0,1202.6635051975823
2025-06-07,26422.667588476434,24988.984609581003,1433.682978895431,653.9172434677178,279.9895002198225,1878.0757984064319,2803.359791513372,8291.219526902929,7545.842786397148
2025-06-08,50705.53624705331,48167.804648470046,2537.731598583261,1.4836132322670892e-11,2.1088908397359774e-11,4429.567643904644,2226.0653165702674,2550.0,2862.8980671166987
2025-06-09,59458.92204871207,59714.01144926254,-255.08940055047424,4.2042552169805365,1.3065104553788842e-11,4674.176934871775,5731.254865117011,4221.173604776939,3960.0
2025-06-10,55342.84288030237,56409.310429680714,-1066.4675493783434,1.4296119843493216e-11,1.0816236795108125e-11,3072.8359088664906,3952.5746155536963,3218.7034449668236,3982.413183954628
2025-06-11,59296.63572131559,60013.12068190379,-716.4849605881973,1.0061285138363019e-11,1.0590639476504293e-11,2534.5582755451924,3901.7283426776157,2580.0,2619.3789620677107
2025-06-12,57880.92691044068,56190.78912613372,1690.1377843069567,1.396749382820417e-11,1.390176862514636e-11,3579.965785886099,2622.185458298713,3750.0,2670.0
2025-06-13,21032.827109160302,20426.415007405492,606.4121017548096,13.859816666674002,13.859816666673263,7355.4711615264405,6810.789800642517,4342.667787654595,3696.9855876346965
2025-06-14,22958.92179071866,23671.954304009225,-713.0325132905637,3.353761712787673e-12,5.9117155615240335e-12,9415.276893322089,9982.373475711645,7500.0,8130.0
2025-06-15,52093.72262324902,54524.12151093725,-2430.3988876882286,1.5448087253844278e-11,9.734435479913373e-12,2033.4612043937673,4757.939515751986,3713.1574322332326,3180.0
2025-06-16,57197.64936651698,56915.64517743834,282.00418907863786,1.0881961998165934e-11,1.411137873219559e-11,3889.966491927661,1938.553820268836,3600.0,4547.3856865453745
2025-06-17,60689.20907489763,57778.913553798746,2910.2955210988875,1.0955680807001045e-11,1.710365182816531e-11,4443.681259623894,3338.859805409438,4770.0,2790.0
2025-06-18,57534.183654575696,59271.600246604095,-1737.4165920283995,11.165181590059703,7.377876087844015e-12,5591.747252009052,6396.763906128646,3425.991310808891,3630.0
2025-06-19,54487.502283683556,57035.15299128639,-2547.6507076028356,31.4440724423921,1.4746028711517152,2758.665919363589,4554.9776177675485,2805.2903609727173,2789.1151758206647
2025-06-20,19054.62995025432,18260.983404988005,793.6465452663142,5.5990767577895895e-12,4.604316927725449e-12,9621.475222155059,8845.40561715101,3840.0,2597.9325598734454
2025-06-21,21833.05262875802,20723.374279181866,1109.6783495761556,3.865352482534945e-12,5.9117155615240335e-12,15963.232509736486,13584.314537920916,7710.0,7740.0
2025-06-22,50499.33648491269,51213.958374223716,-714.6218893110272,1.411848415955319e-11,1.574917973812262e-11,2528.316717646994,3808.935779939193,2940.0,2880.0
2025-06-23,52088.72866738737,52574.066351597736,-485.337684210368,1.3947953902970767e-11,1.4025225425484678e-11,2618.7526787546576,4162.153165752767,4201.1536887780885,2823.8660401788834
2025-06-24,60839.3222480276,61287.08753353115,-447.7652855035485,1.4285461702456814e-11,1.3489653838405502e-11,2347.754766388247,2447.311789298239,3930.0,4378.395515396585
2025-06-25,54076.661998326825,53263.19965571926,813.4623426075632,1.4174439399994299e-11,1.568078999980571e-11,2601.3245985467947,2339.0680734658004,3498.954568430643,3414.3210092314466
2025-06-26,53487.20223777977,50598.0895377314,2889.1127000483684,1.2887468869848817e-11,16.9393462693167,5990.242283912145,2315.85518882657,2760.0,2520.0
2025-06-27,18770.25203835485,19478.819431123167,-708.5673927683165,4.888534022029489e-12,3.0127011996228248e-12,13160.028660525648,13988.597235895126,2790.0,3540.0
2025-06-28,20189.04124347363,21237.274584145664,-1048.2333406720318,4.234834705130197e-12,4.604316927725449e-12,10043.990902713014,11751.19719678277,9105.653124854425,9266.630445143359
2025-06-29,50522.25307441764,49146.17183453823,1376.0812398794078,1.4339418541453597e-11,2.236588692028363e-11,1393.8979779957017,775.946908947267,3149.711582294371,2761.296677339769
2025-06-30,54045.48080189176,51557.2348880704,2488.24591382136,1.0190737143034312e-11,8.134328326108053,4779.628915585578,1656.6123730957256,2664.1183064852153,2459.316330258919
2025-07-01,69729.92187638034,70885.86562185347,-1155.9437454731378,738.338646209509,951.0668193555841,1.6859402762747777e-11,1.4946710535923557e-11,1200.0,1252.3284156570317
2025-07-02,67013.23908854302,65186.18916298062,1827.0499255624018,1121.744383467945,509.2232536057392,1.5599632696705612e-11,1.4708234630234074e-11,1516.1415198001948,1385.5531592496536
2025-07-03,71465.79121726242,73695.32568815078,-2229.534470888364,1378.5887274513946,2094.502491623067,218.0088677276624,1.7393197992987552e-11,1200.0,1249.7896713492078
2025-07-04,30327.001452720728,31312.48942690681,-985.4879741860823,1694.426572328213,1836.6706281973557,9787.789477308994,9812.41444199006,1714.2547470635348,1827.011869675286
2025-07-05,32366.05113559841,31780.74892867348,585.3022069249273,1395.4110179672111,1237.7604881482512,10753.686919648264,10871.755040158348,6912.680972219709,6403.591724496488
2025-07-06,69139.43458538993,71498.41866973354,-2358.9840843436104,689.8099035850751,925.1354575056397,1.7346124536743446e-11,19.132321131372883,2321.207273833234,2336.1915410385736
2025-07-07,67707.3227866766,64385.53043006998,3321.7923566066165,887.8855486904388,599.7644941322728,110.15687198618167,504.80196694928696,5826.344533907544,4591.590609252104
2025-07-08,66988.08844887232,65893.15172969172,1094.9367191806086,3.066990854868166,7.280987531010666,5605.7593372584015,4417.563064200897,5289.203198371671,4935.432268851209
2025-07-09,64812.81978836472,64874.98017402297,-62.160385658244195,33.23427220929847,23.232495944361467,7846.93915629979,6639.5063583392575,3054.2483770192716,3069.01467368024
2025-07-10,63371.690235723225,63249.84884015273,121.84139557049639,0.15101377570845642,10.325636755776927,3087.1322176216127,5503.253759868092,2499.1148290638794,2872.85363299544
2025-07-11,28391.836351055146,28643.177130644766,-251.34077958962007,29.43503333334017,56.43503333334164,8744.564971278029,8857.71622339699,5353.02643966214,4930.301086068907
2025-07-12,30796.17131481582,29226.065298523637,1570.1060162921822,32.661783333337176,5.66178333333837,14562.120577999742,10700.891359086007,9302.997531349876,9885.308283720922
2025-07-13,59813.50650425081,61258.21406441246,-1444.7075601616525,1.0505374348213081e-11,8.885336910680053e-12,6368.331030251023,7950.719587631083,3596.14241020166,3385.4405284800846
2025-07-14,64106.333574237666,62471.095417363395,1635.2381568742712,1.0877521106067434e-11,7.1525008138451085e-12,6705.103688781761,5277.4619974898615,3772.393392252854,2969.083241971462
2025-07-15,62123.13351981217,65214.14343943485,-3091.00991962268,2.1298518504409003e-11,1.1731060567399254e-11,1345.531171238723,5567.863110666824,3817.524942957153,3272.0493540169246
2025-07-16,65768.05035044189,62691.71701310205,3076.333337339842,28.6281753044703,35.963723605667354,7049.065140771817,2507.1990817992073,4096.652294254954,3629.2878360572727
2025-07-17,62952.6513088805,63515.73392664787,-563.0826177673662,1.476152533541608e-11,1.1151968237754772e-11,4434.801562122987,6077.633977736653,3114.529611992909,2744.775686121166
2025-07-18,27695.229482727198,28476.185936441983,-780.9564537147853,3.666400516522117e-12,4.192202140984591e-12,11984.31550603668,11559.8682063187,3046.8136233975224,3509.3788240719755
2025-07-19,28681.89501759503,30125.095129555666,-1443.2001119606357,7.58859641791787e-12,4.888534022029489e-12,15060.264231363806,18556.24494699167,5573.598539222922,6994.114314639105
2025-07-20,61247.97340391558,61321.59557109353,-73.62216717794945,1.128119819782114e-11,1.66564539938463e-11,3649.584189130587,3959.045792757979,5370.073237142389,5153.6672399148865
2025-07-21,66951.26263397059,64577.2525252474,2374.0101087231888,7.405631663459644e-12,1.2521539360932366e-11,8740.457641719247,4913.764649587553,4033.3792678181703,4321.946813887658
2025-07-22,65993.12464190398,64864.94820803224,1128.1764338717403,1.2395418025334948e-11,1.1755929563150858e-11,7529.323074628964,7930.140144326097,3908.895283120065,3038.7653770507036
2025-07-23,65260.68866554918,66559.03257011299,-1298.3439045638079,52.796231191075734,9.450218385609332e-12,3654.860479884775,6404.570890941466,2318.219773961865,2829.7473701952435
2025-07-24,67109.28852545533,65769.1463135839,1340.1422118714254,1.333333443653828e-11,1.3592682535090717e-11,2878.821702599749,3443.613947927882,3724.306125555014,2773.612702259729
2025-07-25,24295.756613595557,25870.818355290117,-1575.0617416945606,5.5422333389287814e-12,14.911033333339248,12209.443552997198,12807.852128790972,2445.821737512594,3586.9859222029545
2025-07-26,30441.181176261292,28954.349688438862,1486.83148782243,5.7980287238024175e-12,5.6843418860808015e-12,14569.465887999306,11655.524264884152,9059.908385681658,10206.925145848081
2025-07-27,60650.27976284124,59957.713347542216,692.5664152990212,1.3667289522345527e-11,1.2828849094148609e-11,4571.692347310821,5395.828602933516,3349.3161987949575,3295.8009145929223
2025-07-28,63677.27165615992,66149.02457688212,-2471.752920722196,1.3455903058456897e-11,1.3882672789122807e-11,1360.8082243897936,4185.941160752295,2937.2962333585892,3344.9939343423243
2025-07-29,64712.99529687228,64335.60868333233,377.3866135399512,2.8205166851534758,1.4122036873231991e-11,4858.745430574825,3825.9591686271074,2802.6138659718754,2978.944706630504
2025-07-30,68640.11299431356,63836.028762913375,4804.084231400186,1.0789591442517121e-11,1.4569678796760854e-11,7165.376927034222,2665.972638841239,5314.408378400745,4751.575940451963
2025-07-31,60927.27686921967,62838.84113583652,-1911.5642666168496,1.900701818158268e-11,1.1475265182525618e-11,4229.429546111586,5856.868959751202,2951.868873376913,2693.4227847755897
2025-08-01,26555.56969972596,26501.639068516,53.93063120995794,3.675726389928968e-12,4.376943252282217e-12,20102.68825151315,19984.563602939666,3482.228698471385,3492.0897323164004
2025-08-02,27627.533205474178,28469.541637782197,-842.0084323080191,6.0254023992456496e-12,8.554934538551606e-12,18893.435081617165,21631.35942616005,7573.10765358372,6881.006177824024
2025-08-03,50795.02260438079,50783.42496994116,11.597634439633111,42.92183496873506,34.61803055709239,3087.835095675079,2696.826791697242,2717.2656380431163,2364.1724127096145
2025-08-04,55623.06121439632,57311.989087185946,-1688.9278727896235,1.368505309073953e-11,1.1546319456101628e-11,2782.144808722539,3997.6426193210077,2676.6307316362363,2862.3391977897304
2025-08-05,54874.423022225885,54705.60651597305,168.8165062528351,1.3443468560581096e-11,5.592908051214536,2326.370675734649,3161.8696373095845,3990.856751697072,2989.6002711491365
2025-08-06,58257.34447703006,58796.352925218765,-539.0084481887025,1.2875034371973015e-11,1.3057999126431241e-11,3131.691052817755,3172.7447667793194,1570.4646780745643,2512.8324803356295
2025-08-07,55920.07563197063,55692.02563764875,228.0499943218747,1.1603162874962436e-11,1.2228440482431324e-11,4264.600858974414,3837.117020758923,1495.686643714575,1560.859272327302
2025-08-08,23569.190222985926,22913.381421184746,655.8088018011804,7.16227077646181e-12,7.105427357601002e-12,21846.596840190974,21765.707968122282,3008.746940014509,1846.1672149850992
2025-08-09,24983.137179307796,25616.613357881637,-633.476178573841,5.9685589803848416e-12,51.75345429713548,18053.320547815885,18204.246678881223,7633.729989114417,6922.795063887916
2025-08-10,53219.20577228506,52399.89688185748,819.3088904275792,1.6218137943724287e-11,1.6619594589428743e-11,863.1649145753423,1182.5367294937548,3812.378731600642,3526.7003149540615
2025-08-11,53981.555846026575,54228.34532215469,-246.78947612811317,155.87952259946636,215.14310458470618,5114.753011545285,4411.571205290793,2268.875793771763,1809.955194855424
2025-08-12,56407.044850780265,57420.25345657668,-1013.2086057964116,113.23666478881377,23.511574251670375,2862.178689749664,2883.347429589493,1706.6319949243632,2573.6532272270665
2025-08-13,53977.320989364685,53286.29553034564,691.0254590190452,8.743051260364787,58.7018478955992,1431.781993099849,1617.1607227453399,3465.4546448667675,2712.812390034168
2025-08-14,53323.362091724804,54378.313209365355,-1054.9511176405504,42.95590828451027,46.3916272090011,1424.3175072707313,2825.335364716266,1886.5509218391448,1818.0238705833933
2025-08-15,23275.300234735336,23062.40305982889,212.89717490644762,28.028582935755395,44.42995057848565,19952.39988902199,19522.183373078748,1508.4782766676649,1763.6206021996222
2025-08-16,26391.698321326832,26498.525588037257,-106.82726671042474,80.02952536566349,5.087485988042317e-12,20210.984497267636,20341.344299341534,6546.907231326301,7052.8928324309045
2025-08-17,51313.016560247925,52068.276145824166,-755.2595855762411,78.45288521326239,113.66943262486494,5525.760670008828,6384.708455490767,1681.5555356674922,1708.2427593424961
2025-08-18,54519.441630210815,53497.06493688333,1022.3766933274819,18.555438034264185,45.32969236100294,1758.606575559365,2613.8901894409073,3190.5871192460745,2320.8273536925312
2025-08-19,54076.426058800935,53889.20591476495,187.22014403598587,31.809798256893927,16.333660077187133,3564.4277916378132,2685.380489685219,3009.1955437544325,3063.6224252759826
2025-08-20,58355.9003695202,58510.02894243757,-154.128572917376,37.06058259410139,59.89806450076663,1820.05669466066,1635.805994712179,2737.530306291322,2936.6780031008184
2025-08-21,53608.899110592596,53996.375593062905,-387.47648247030884,1.3663736808666727e-11,1.2278178473934531e-11,3441.1335351029325,2846.4544984823024,1560.0809981313357,1579.1798411322484
2025-08-22,23685.0428107275,24122.852024074295,-437.8092133467944,10.448624741891336,161.4650864836264,16862.77250359216,15970.35422681847,1517.643487094147,2141.015989071052
2025-08-23,26004.79742971655,25140.651653853234,864.1457758633151,6.956213383091381e-12,6.906475391588174e-12,15322.841136536768,15025.315456757267,8117.1829806716905,7460.117410191067
2025-08-24,53342.47439254314,52709.4771836096,632.9972089335424,1.326583287664107e-11,1.7973178501051734e-11,3176.141776964832,2365.599496180927,5531.064570127358,4905.857351915443
2025-08-25,63162.504497368835,63082.99235286379,79.51214450504631,87.25117483995545,8.672090204375346,2422.5419163499428,3215.0637766588825,3773.3494045129582,4067.3427818762198
2025-08-26,53518.05338359505,53580.90074834528,-62.84736475023237,1.2917666936118621e-11,1.2207124200358521e-11,2053.4276690069264,2543.8698772773364,2850.0,2421.6385550793716
2025-08-27,55347.634656786904,56621.727361583005,-1274.0927047961013,1.77209358298569e-11,19.451305233130448,2262.48585019372,3316.22541029293,1648.5994486382172,2253.7279310123163
2025-08-28,56588.21150780136,57129.79461274741,-541.5831049460539,15.728663963976825,1.7561063714310876e-11,1424.3480724752344,1238.9603489787992,1878.3958976441866,2057.606951101663
2025-08-29,25230.803296486716,24177.501121931236,1053.3021745554797,3.822719918389339e-12,0.9573000000043486,16988.773778254046,16374.632839331178,3479.526187119518,2032.7420114043136
2025-08-30,27023.948321257118,28309.292521570474,-1285.3442003133569,50.867457904677224,157.4931333227222,19791.482445166082,20033.336801904625,9294.390149910208,10066.686106011302
2025-08-31,50744.58325349468,49953.35603511481,791.2272183798705,1.6434853478131117e-11,2.7291946480545448e-11,881.0602328120444,756.1437376506595,3707.235239403948,3654.6204782341374
2025-09-01,47328.03929676222,47201.072878635474,126.96641812674352,6.870948254800169e-12,8.462563982902793e-12,11032.750801283704,11528.603005386482,4050.0,2940.0
2025-09-02,45694.762623363145,45464.399922759534,230.3627006036113,5.616840326183592e-12,6.441069899665308e-12,11143.921239301158,9814.243386969618,3720.0,3840.0
2025-09-03,48584.925405530754,48616.292949334005,-31.367543803251465,6.764366844436154e-12,7.87281351222191e-12,8194.450085588334,9425.170573481773,3900.0,3660.0
2025-09-04,47048.21242501809,47196.23697497858,-148.02454996048618,7.293721182577428e-12,5.95790083934844e-12,10038.34056922254,9186.901491620154,3000.0,2999.0520527793196
2025-09-05,18930.90318951081,18833.80743617539,97.09575333541943,1.9895196601282805e-12,1.9326762412674725e-12,27168.614610823242,27058.82495009851,3690.0,3600.0
2025-09-06,20719.153936460916,20886.65062685316,-167.49669039224318,4.831690603168681e-12,3.240074875066057e-12,27164.75957823755,27558.894641526684,7170.0,7740.0
2025-09-07,44466.59658762747,43729.672848483315,736.9237391441566,6.560085807905125e-12,9.492850949754938e-12,8219.80268347831,9141.496346497894,3690.0,2961.4907407407404
2025-09-08,44401.121320967104,45090.473307120934,-689.3519861538298,1.5075940495989926e-11,1.4480860954790842e-11,2151.573439016671,2080.894374411522,5139.981539849139,5308.883087710693
2025-09-09,41336.6326376957,40741.54768203729,595.0849556584071,1.7926993223227328e-11,1.8552270830696216e-11,2443.5989996032595,2793.8877518054974,6766.1161513291345,5756.8674083801425
2025-09-10,41884.78240061876,42981.80837977092,-1097.0259791521603,2.0879298290310544e-11,1.815081418499176e-11,294.1235057397875,102.26531745764214,2359.5691523494506,3558.4566542784205
2025-09-11,42244.06543625677,40082.945113807626,2161.1203224491474,1.3109513474773848e-11,1.9028334463655483e-11,1720.338735605382,891.4518173150276,1934.3881034818608,1841.999611473184
2025-09-12,16407.83762334257,15532.56977259243,875.2678507501405,102.50035643776569,6.785683126508957e-12,17797.753494433044,18212.94108761858,3594.1173675935147,2135.029959197238
2025-09-13,17848.66950120597,18186.802854901303,-338.1333536953316,9.023892744153272e-12,1.0459189070388675e-11,21297.950762538137,21004.79127054203,9790.57867829338,9951.142188605938
2025-09-14,42439.0480435312,42315.18609177444,123.86195175675675,1.8900436771218665e-11,1.98667748918524e-11,2789.784297159619,2088.0628225364726,3593.542158432663,4421.285695617424
2025-09-15,41001.367877796554,40109.04531854359,892.3225592529634,9.833911462919787e-12,1.7280399333685637e-11,2017.9730293071812,1104.5385825016024,3859.8019968955464,3844.550701297134
2025-09-16,44687.93969060653,45675.897179674765,-987.9574890682343,1.8950174762721872e-11,1.574562702444382e-11,1066.995976810722,2656.605336800436,3568.730755612462,3666.8370573916986
2025-09-17,46563.449535453736,45179.593527742545,1383.8560077111906,1.9841905896100798e-11,1.900879453842208e-11,917.3495535771531,156.07203504969067,6585.327100059327,6472.176969525582
2025-09-18,39960.710754591535,41182.85320840824,-1222.1424538167048,1.3521822550544016e-11,1.8894524833612536e-11,872.7208149419904,1395.4626231538425,1513.1551167152902,1542.1308965522458
2025-09-19,15887.039906378966,16382.97116635894,-495.93125997997413,8.327560863108374e-12,7.482015007553855e-12,13294.638067761069,13318.452111689638,2841.062182719854,4363.017613923268
2025-09-20,18130.93967977231,17168.8160584564,962.12362131591,9.197975714414497e-12,1.48876466710135e-11,14182.825711394686,13670.270604353245,10110.0,9856.639726326957
2025-09-21,42540.555942513856,42889.09400623149,-348.53806371763494,8.445000000017092,1.4175327578413999e-11,2808.603793272361,4132.835132749943,5745.404365577214,4916.14308828649
2025-09-22,45781.440246566926,45995.19891280781,-213.75866624088667,2.4126478592734202e-11,2.0087043139938032e-11,80.15391712975259,51.87417357405533,3367.7601819279566,4295.475741419015
2025-09-23,45213.48340773338,46545.97944940429,-1332.4960416709073,1.780842140419736e-11,2.0055956895248528e-11,971.6589663645249,857.3021978068223,2609.639046655044,3702.3440645879036
2025-09-24,43930.055581135086,43412.5083854519,517.5471956831825,1.5009327114512416e-11,1.8554935365955316e-11,1.9376500404177932e-11,17.367516666681794,2827.458909765546,2016.7060878230795
2025-09-25,44992.6506421108,45322.01259731519,-329.36195520438923,1.5198509117908543e-11,31.886366666680836,2663.891834618037,2729.820920955628,1974.6826240118437,1786.7839421994536
2025-09-26,16151.64536731529,15842.124113174701,309.521254140589,8.839151632855646e-12,7.901235221652314e-12,12022.029573039128,12151.19794265188,3302.014068061698,3199.6470275563734
2025-09-27,18954.519852223915,18678.083733948835,276.43611827507993,79.60435655418507,7.361222742474638e-12,12897.991333327565,13117.423300472308,9643.716941814066,9526.77680925796
2025-09-28,44214.47630437514,45777.57616938384,-1563.0998650087058,2.1270873951095837e-11,1.8758328224066645e-11,1130.4493342545684,1025.20451637846,5468.471801284618,7807.583204623126
2025-09-29,46569.994530293116,44833.50719749622,1736.4873327968962,15.776535000018185,94.1690541407606,791.4971595355814,488.95227706729247,3264.9325042585906,3904.366253559322
2025-09-30,50133.36754735412,49188.09690763129,945.2706397228321,1.4702905559715873e-11,1.5626611116204003e-11,1356.0526019173865,1921.842742265844,4605.4577572310345,4261.427885924525
2025-10-01,41492.317110939475,40444.84911856202,1047.467992377453,9.35918009759007e-12,1.241318159372895e-11,9183.348349942424,7795.453601843547,4950.0,3840.0
2025-10-02,42323.72127726898,42953.99403449142,-630.2727572224394,9.123368727159686e-12,8.924416761146858e-12,7244.924751845684,7804.874897569243,2940.0,2310.0
2025-10-03,14450.19766608889,14354.632606816349,95.56505927254148,9.947598300641403e-12,8.071765478234738e-12,20289.77302987806,20367.895366341087,5880.0,5340.0
2025-10-04,16828.93803214355,16711.406370807934,117.53166133561535,8.626876990547316e-12,9.07895980617468e-12,17601.53838281219,17197.072634589218,9480.0,9510.0
2025-10-05,41338.38887757789,40351.185154081,987.2037234968884,1.1723955140041653e-11,2.1331381105937908e-11,3644.113952018328,2420.2822392893627,4770.0,4680.0
2025-10-06,41318.389749074515,42255.883840314826,-937.4940912403108,1.5557333199467394e-11,1.1450396186774014e-11,1637.7638019179408,2073.163862980628,3690.0,3870.0
2025-10-07,44477.446556475275,43039.50269987306,1437.9438566022145,1.3084644479022245e-11,1.823252659960417e-11,5354.425508874843,2812.7670101788344,5070.0,5580.0
2025-10-08,41270.210879394086,39623.973616629686,1646.2372627644,136.05136279045425,65.09941832182639,708.3879251456411,1383.7848388485188,6554.3985561245,5848.349144349075
2025-10-09,40579.44078284985,42320.736200849744,-1741.2954179998924,220.1342994617113,259.04785162913663,496.1876630600268,492.9295361363735,1378.477715931011,1540.963940509103
2025-10-10,14812.211345473173,14148.182118295503,664.0292271776707,7.581490990560269e-12,1.2228440482431324e-11,18833.94529188149,18633.212473420666,5080.03946387785,4126.857851246407
2025-10-11,15327.1802630091,15986.468810798797,-659.2885477896962,1.4125589586910792e-11,8.384404281969182e-12,14722.057873455107,15212.943029920105,10064.65405073598,9504.566342051117
2025-10-12,41364.205882660186,41936.434290644786,-572.2284079845995,228.1269781327475,148.57656574074855,1172.563654181299,1990.3946911242297,7804.85294470243,8330.830464328294
2025-10-13,41254.98148706815,41202.54772533775,52.43376173040451,1.929834070324432e-11,42.691939153438426,201.90654691399862,844.0866181605138,7323.019967702855,6640.529891234255
2025-10-14,43786.0434136473,44485.86058882927,-699.8171751819755,1.3429257705865894e-11,153.8920078639012,1382.0557339878792,797.3302991223802,6322.133936072529,6505.652877567659
2025-10-15,45086.053640323524,45312.29098104716,-226.23734072363732,1.6661283464003418e-11,1.4487022692577511e-11,1283.8802171435032,1266.0802634619708,6688.009143249237,7259.1077447445405
2025-10-16,42413.89856818164,42922.44947584258,-508.5509076609378,1.751310207964707e-11,1.8594903394841822e-11,206.48487740434382,1759.1223100131747,1576.2998903031212,1758.4830499754764
2025-10-17,15527.204589857694,15344.819694367008,182.38489549068618,7.645439836778678e-12,1.028865881380625e-11,12715.102821526922,12538.037514311947,6086.369494559236,6385.8775368280885
2025-10-18,14618.477352440697,15120.584328624805,-502.10697618410813,1.2391865311656147e-11,21.641666666674155,12003.044010733718,12325.676872279648,8174.096236179173,9720.0
2025-10-19,46300.17660980635,44054.46891606403,2245.7076937423262,1.780975367182691e-11,1.8626877817951026e-11,1259.3773226813182,17.43995157807439,6115.010816403389,6540.999002703554
2025-10-20,47886.6122877643,50131.10628050424,-2244.493992739939,1.375610736431554e-11,1.8033574633591343e-11,1595.3949989898026,2900.2970564066454,7922.725931414421,8011.419174342058
2025-10-21,47574.11222716918,47454.98641590208,119.12581126709847,2.0058621430507628e-11,1.3372414287005085e-11,1270.4466479782664,1367.2327628963426,8419.903939630987,8286.399584007899
2025-10-22,46402.913257111904,46664.65689225704,-261.74363514513243,2.0438761794139282e-11,1.6626700016786344e-11,719.6650684729719,927.0681013186861,7306.835821277771,7933.195173685152
2025-10-23,47008.26908360024,45629.85465818568,1378.4144254145576,1.9239498882939188e-11,2.272471100184248e-11,1061.186352137856,281.4580906020148,1941.4325509537555,2004.5362668328612
2025-10-24,14591.339928085064,14728.284040749102,-136.94411266403768,9.14379683081279e-12,8.447464949767891e-12,11423.780802333285,11760.182068950211,3052.135110064602,3485.7338843080283
2025-10-25,16895.10505331093,16194.521744575848,700.583308735082,48.95589128139011,1.2050804798491299e-11,10638.594572424028,10487.708488984374,10012.743124906036,9217.920277688254
2025-10-26,47360.61218152252,46500.98657831141,859.6256032111123,1.7628565274208086e-11,1.5333512237702962e-11,835.4385881134999,652.7647973777495,6526.936302284345,7008.829298522243
2025-10-27,45738.9147463548,46856.30547906042,-1117.3907327056222,1.5774048733874224e-11,16.945663280683853,1218.2184226754707,3084.9799024003864,6145.126871361642,6234.281138598169
2025-10-28,47491.61214411838,47336.77912552761,154.83301859076892,2.1768198354976676e-11,2.283551125970007e-11,979.0219424159172,253.0211001468489,6006.29162175898,7533.908290395477
2025-10-29,50978.24597490358,50630.183534095515,348.0624408080621,1.795363857581833e-11,1.1882050898748275e-11,1683.5805540616789,2327.892136312149,6892.821410394302,5315.102284519044
2025-10-30,45022.41726905742,45904.39089176521,-881.9736227077883,1.751843115016527e-11,1.9468870959826745e-11,559.6228029614527,677.0330167290222,1296.236821662322,1607.4212081295814
2025-10-31,17526.916421383845,17532.597667331374,-5.681245947529533,6.181721801112872e-12,7.261746759468224e-12,6994.8336333096595,6804.54321984697,8405.762493020879,8519.01194970094
2025-11-01,15431.578019081775,14922.647461240893,508.9305578408821,8.86757334228605e-12,1.2434497875801753e-11,8477.762808600186,7786.282894352727,10260.0,10440.0
2025-11-02,49113.56603485007,49024.126267159794,89.43976769027358,140.21137065068498,35.10364788729224,1897.4573403000445,2029.7935141296703,5437.040117410743,4384.309153514402
2025-11-03,52232.80977035717,52508.04929148694,-275.23952112976986,1.8194334927557065e-11,1.4480860954790842e-11,1853.3023423593063,2100.975865620623,6192.987699175343,5530.932077415239
2025-11-04,49357.369213868915,49429.18524183877,-71.8160279698568,1.252925541095351e-11,99.19572091803344,1717.0996959859017,1796.6451036204126,4376.149212698458,4955.0685924330555
2025-11-05,54408.078332115154,54918.132941294585,-510.0546091794313,39.511960544406755,1.4367174117069226e-11,892.7899467457477,887.0170257840938,8084.913099883994,7113.4090324375975
2025-11-06,50611.86703050469,50409.1394111313,202.72761937339237,1.929834070324432e-11,142.4181146226532,2011.590190621833,637.3081087103565,1571.4161149673348,1307.6319973388183
2025-11-07,15873.10841601654,16436.541730086057,-563.433314069518,1.071498445526231e-11,1.255529014088097e-11,7915.335871716015,8317.96753937412,4432.564846407786,4773.114687853317
2025-11-08,17404.33690071167,16896.191135784953,508.1457649267177,1.3358203432289883e-11,1.1837641977763269e-11,8286.04265981025,7888.239035370246,10217.268950258782,10158.24476354793
2025-11-09,50842.90847590064,51948.77797112921,-1105.8694952285732,1.8985701899509877e-11,1.695354967523599e-11,734.2096334978108,1786.155478035078,7163.392703485596,6899.981629949747
2025-11-10,56355.809331279335,55150.919121634965,1204.8902096443708,57.22972592898647,1.6417089909737115e-11,1937.2920610909139,1212.3932685701975,4924.85412502352,5771.664182782033
2025-11-11,54757.27440964217,52763.76924476375,1993.5051648784138,1.6008527836675057e-11,1.5912604567347444e-11,1792.8579003433483,1663.3818665051572,4010.3233859345655,2512.0392006137927
2025-11-12,53732.152901131005,54520.313391332464,-788.1604902014587,1.2683187833317788e-11,1.7257861806285746e-11,1599.0899816073968,1889.9515803277595,4538.4865486500175,3833.914918345416
2025-11-13,54345.20343119922,53610.19668551774,735.0067456814795,184.28843690520856,21.0482514799177,729.4789541055014,421.5033691656892,1707.0701131319438,1650.6209664120504
2025-11-14,17127.9492261042,17502.828729913526,-374.8795038093267,1.674038685450796e-11,1.697952889401222e-11,5374.530832262295,5074.52835749884,5668.419954841263,7139.159091376511
2025-11-15,18686.72130631582,17456.882976753193,1229.8383295626263,1.4239276424632408e-11,5.231566666678647,6120.077441789279,4784.733912015825,8924.7595804461,9630.0
2025-11-16,53905.72063754043,54432.004280261295,-526.2836427208676,1.6360246490876307e-11,1.9468870959826745e-11,717.7284554519406,1319.4251270972256,5911.112458166924,5231.188608152964
2025-11-17,56146.467968834055,55496.359717597414,650.1082512366411,1.6786572132332367e-11,1.942979110935994e-11,1741.4494390814605,945.8259707287273,7122.593329900378,6805.646743322742
2025-11-18,55335.33904836592,55890.61927409168,-555.2802257257645,1.5006662579253316e-11,1.7480239478118165e-11,139.26480247586483,712.5756828982239,6757.554966307329,6384.004350362494
2025-11-19,59921.61972513527,59987.89133280789,-66.27160767262103,2.0058621430507628e-11,1.3850000000186853,1329.4270965552782,1471.0273008925137,8701.029514686274,7856.6051145168785
2025-11-20,52374.78236615045,52164.61351919583,210.16884695462068,2.155786660296144e-11,1.7468693158662063e-11,575.4368329020426,211.72159148339944,1532.4099806828726,1607.1409581303344
2025-11-21,18434.115125397497,18202.97166454766,231.14346084983845,1.7344348179904046e-11,9.883649454422994e-12,4398.354222510007,4856.744324079997,7454.127178762387,6663.042074752059
2025-11-22,18551.394281741683,18752.42070382575,-201.02642208406542,1.623323697685919e-11,1.4918732915703004e-11,3807.2306013852703,5071.614312894136,10390.025106195753,10161.15884001156
2025-11-23,55807.387150782946,56055.414641537165,-248.0274907542189,2.043609725888018e-11,1.8842705173938157e-11,845.6603538327284,852.7114977643283,6609.050305953911,6735.408632216542
2025-11-24,54160.34252956846,54399.09714303217,-238.75461346371594,1.957545237019076e-11,2.459898951201467e-11,669.6304449287129,171.5173372722298,4131.593469198971,6086.183242216886
2025-11-25,61139.43071240229,60671.46772102618,467.96299137610913,1.4452439245360438e-11,1.5205614545266144e-11,2071.0920806163285,2368.065697030275,4949.0344075970315,5826.543029033179
2025-11-26,59027.61015491697,59009.477334285635,18.132820631333743,2.2153989300025465,1.9383605831535533e-11,2025.385787293543,1564.8816636953625,3950.2860010001114,4703.9846841200115
2025-11-27,56725.18125905862,57022.52519742033,-297.34393836170784,1.9265478101715416e-11,1.957811690544986e-11,837.8321725808355,1475.3744984102857,1941.0345692064466,1828.6309523007958
2025-11-28,17282.28017851551,17084.168849439848,198.11132907566207,1.1882050898748275e-11,1.8356871578362188e-11,3576.528118008233,2608.867409175733,4485.579260838669,5527.1147607368
2025-11-29,20817.079291761096,21281.652424865068,-464.5731331039715,1.2775558388966601e-11,1.6540768754680357e-11,3264.3007179116075,2569.8994830182305,9524.517607568796,10360.173405372327
2025-11-30,59688.65187216147,59930.09219468437,-241.44032252289617,1.9479529100863147e-11,1.7637447058405087e-11,763.9004696098716,725.5643484808495,6047.640082065555,6432.211800951021
2025-12-01,81174.0147391973,81091.95095464573,82.06378455157392,2473.30644787395,2521.8519740469287,1156.6050726861479,979.5414970750489,6083.213702518949,5580.0
2025-12-02,85566.70947069325,85003.84170369915,562.8677669941098,2642.136606487895,2157.5604631414867,882.5446240141174,929.9229021812938,5251.409694630027,6002.856975611627
2025-12-03,78332.83530428266,81581.8853911249,-3249.0500868422387,550.6426290442757,1737.2177707475332,889.1963564465283,502.5941955174986,5970.535402806682,6216.200243228471
2025-12-04,80138.22452856848,79544.6578468362,593.5666817322781,2088.094408605099,1698.7058022569036,838.9174143952617,1147.046380724498,2383.36373542177,2411.864224707956
2025-12-05,26549.94513888843,25557.46386174783,992.4812771405996,607.2173003836161,709.0830681548798,947.0459261933323,792.2106059825353,5418.156133077896,5282.013749006897
2025-12-06,26085.715278245298,26958.842229506114,-873.126951260816,1.807975991141575e-11,289.43099741939676,532.3204790956233,955.3146484963595,9480.0,10140.0
2025-12-07,80725.3857504739,76220.56701414817,4504.818736325731,1806.7367043404965,920.3837866210031,710.6762812106442,653.6166795408345,9493.805285890796,7981.920973615961
2025-12-08,75376.32179473844,73833.24760356569,1543.0741911727528,1.4310330698208418e-11,1.851674369390821e-11,6688.704450734419,3043.5503762587027,7355.005929848361,7386.208386886093
2025-12-09,73750.45483025607,74566.35063636815,-815.8958061120793,1.589484099895344e-11,1.0608403044898296e-11,4834.203209561493,5284.948958602783,5512.378090575126,7089.322480568757
2025-12-10,73160.53496080425,74568.62123790348,-1408.086277099239,1.7266188478970435e-11,1.5219825399981346e-11,889.1022877093333,2977.2178293070338,7328.642203913005,7976.025219023338
2025-12-11,69577.12633389363,67128.37783744458,2448.748496449043,1.8467005702405004e-11,2.3014479211269645e-11,3346.5432191124128,2332.557226365832,2357.974940201922,1657.2741736438065
2025-12-12,27357.60131024787,26748.902519529373,608.6987907184957,1.0885514711844735e-11,1.2455814157874556e-11,4758.842726886144,3044.3562332020774,8123.309794381429,8820.333575928142
2025-12-13,25949.615334570855,26219.365228636256,-269.74989406540044,1.4152234939501795e-11,1.0372147585258062e-11,4220.994414994779,4866.110978588332,10170.0,10320.0
2025-12-14,72387.23528926991,73543.54170715285,-1156.3064178829372,1.6854073692229576e-11,1.5148771126405336e-11,3062.623782630745,3184.212841709211,6151.830615109717,8632.349896485297
2025-12-15,74033.5591823603,74046.47495109701,-12.91576873671147,2.212630079156952e-11,1.8474111129762605e-11,758.0415293723252,2508.7080524036,7389.07321567169,6382.5077221342435
2025-12-16,75981.45644817108,75316.23055054357,665.2258976275189,1.553246420371579e-11,1.6910917111090384e-11,3439.885551242669,1702.067867620531,8661.915864282757,8751.094780915868
2025-12-17,73141.30980592598,74585.63904595745,-1444.3292400314676,1.5944578990456648e-11,37.65892293780533,2769.3943680429857,3465.057907086814,5924.505095463088,7960.094099452768
2025-12-18,70499.17398781121,68980.78987683855,1518.3841109726636,1.7281287512105337e-11,1.7713830402499298e-11,2228.5296664720872,2402.2167379122557,2453.0523504347393,2337.098109695046
2025-12-19,24889.501821572372,25149.8450113826,-260.34318981022807,2.05773176276125e-11,2.041566915522708e-11,576.9370571409444,1991.3045169757645,7616.674384886676,6581.260438931322
2025-12-20,23927.115527737806,24608.10902034962,-680.9934926118149,1.2871481658294215e-11,1.9202417433916708e-11,1310.0604667152024,1729.0418168731467,10170.0,10245.850337658012
2025-12-21,73838.35809313454,71794.75625763935,2043.6018354951811,15.710458781060893,21.164439677879543,4411.000002472056,1656.2710078248438,7169.61225980038,8050.162583009278
2025-12-22,73280.43201312849,74233.7982820879,-953.3662689594057,116.21345021696541,173.1465896900902,2009.0732968349098,3026.2646362738296,6462.30353703252,6374.02506547907
2025-12-23,73702.58189763439,74821.42627181178,-1118.8443741773954,1.9099388737231493e-11,23.554442169827922,1805.0501601983324,4433.801330817463,8355.065629897448,7941.817156190866
2025-12-24,71649.33488520476,72727.41545596474,-1078.0805707599793,7.552249463933947,1.674749228186556e-11,1039.3102121860593,1965.1478139466303,9390.747606260473,8809.910355461918
2025-12-25,67832.47887995801,68381.87437364185,-549.3954936838418,78.0280127063767,1.979572061827639e-11,1191.4213201515047,693.4464767641391,1609.50690848799,2366.3115293408
2025-12-26,26215.239583076993,25036.6753533144,1178.5642297625927,1.6541434888495132e-11,1.1382894626876805e-11,3025.578287230598,756.8319205866228,7767.165029804896,8370.0
2025-12-27,24287.691794889448,24416.357876011556,-128.66608112210815,1.893685208642637e-11,1.5120349416974932e-11,3075.8199370046505,3854.313015675397,10230.0,10350.0
2025-12-28,68511.04103085786,71626.52670510246,-3115.485674244599,1.9177548438165104e-11,1.602984411874786e-11,921.0099897674647,3522.211783595823,7440.0,8130.0
2025-12-29,72033.77936984446,71004.46922575499,1029.310144089468,1.6854073692229576e-11,1.5575096767861396e-11,2597.086374911798,2118.3180931174575,8101.80739177036,7472.708490359435
2025-12-30,70555.97269124314,70887.60556288573,-331.63287164259236,3.6127665878683786,3.612766587873324,3328.5873484788726,3328.5873484788617,6437.955001598785,6437.955001598786
2025-12-31,74430.14738330939,74430.14738330938,1.4551915228366852e-11,37.41500000001162,37.415000000010934,4680.005571864667,4680.005571864671,6000.0,6000.0
