date,planned_cost,increase_cost,reduction_net_cost,emergency_cost,total_cost,emergency_energy,spill_energy,ending_inventory,projection_count,planned_energy,adjusted_energy
2025-02-01,26588.0911619491,2.4728592507017315e-13,-1526.775798819462,3.4056132136583985e-11,25061.315363129674,9.467981954003335e-12,3651.0081778535973,9248.97492943919,0,50264.194602937525,45442.96947690074
2025-02-02,58848.11591038597,4.352102678240044e-13,-2352.242662096246,4.189737978776975e-11,56495.873248289776,1.4143353155304794e-11,3557.134648994406,8732.975632220998,0,91939.56454817006,85816.1305516686
2025-02-03,59418.20582043762,2.322451564396033e-13,-2457.9392123958132,7.962712089693014e-11,56960.26660804189,2.134470378223341e-11,2317.040866582759,8263.487496542237,0,92871.79970753906,86598.71583914114
2025-02-04,62338.591484501725,2.2552626433025581e-13,-2755.9872159844035,5.886639797836323e-11,59582.60426851738,1.482192146795569e-11,3549.932190635047,8820.085631671673,0,96849.26809371625,89949.6351829938
2025-02-05,55890.69291689314,811.4984417816826,-1098.5553009745904,8.913992055603615e-11,55603.63605770032,2.3848922836577913e-11,1374.3144763632627,8135.256149707709,0,87804.73075615955,85911.53517570019
2025-02-06,60555.80741267276,6.542734354297864e-13,-2942.465335132784,40.7091430215899,57654.05122056157,6.968953697102819,1298.6879561541969,8691.366614410634,0,94363.60554555798,86594.08632594529
2025-02-07,24359.36186297272,1.8563923731562682e-13,-1488.308659042586,2.75136358141026e-11,22871.05320393016,8.640199666842818e-12,5966.268557920081,8126.276850002676,0,46264.77008961851,40959.959147183865
2025-02-08,18998.450641197138,880.6332279487965,-5.643020981285119,5.833966554291692e-11,19873.440848164704,1.7131185359176015e-11,1769.0601164841905,8389.905759571811,0,36813.382540435894,37375.027415131204
2025-02-09,56178.4111036088,16.641033229013342,-831.416572874971,6.647886863220264e-11,55363.63556396292,1.922728642966831e-11,2093.2973329902666,8500.43737666007,0,88367.76825231957,86184.00928375535
2025-02-10,53986.93465179879,3.4237359614053277e-13,-1977.131350109159,6.229294036153021e-11,52009.803301689695,1.9689583297122226e-11,1213.6863423632183,8366.359661482134,0,85125.19108798789,79828.84745585085
2025-02-11,52927.784452059466,4.2615223339153605,-1480.2788870936488,976.451305450342,52428.21839275008,203.21954636308513,269.8970269065534,8593.249562433824,0,83781.87445039394,80059.00095784097
2025-02-12,52623.87636032462,38.7958352653541,-1256.3145342150715,139.00401966725107,51545.361681042166,31.739700803122453,759.5253278656977,8175.621894058389,0,83383.82216227023,80063.74529213572
2025-02-13,51114.1486095704,3.0335627343447416e-13,-1550.975389443568,137.75721891316033,49700.93043904001,30.41361927249679,1848.9942071654746,7812.007820473991,0,81035.22740199437,77150.12123453818
2025-02-14,19295.987597949017,448.2003297022631,-68.03668390820808,4.997110991666886e-11,19676.151243743123,1.404032445861958e-11,3604.5083027122055,7712.040256661698,0,36956.065333621125,36950.98552378747
2025-02-15,19907.874831603593,1.7481056602264288e-13,-264.73675925956155,3.7280031506270464e-11,19643.13807234407,9.86233317235019e-12,3808.3162011450017,7976.409740128753,0,37704.396596618746,37049.06514181255
2025-02-16,54092.06482748595,847.5541276010874,-2353.486788620232,241.56745419455467,52827.69962066136,49.73997630183367,18.858161543679017,8048.04991620334,0,85769.15155842608,79750.34185004598
2025-02-17,52819.03332598551,356.21312783333474,-3002.0380393547766,550.76193618572,50723.97035064979,82.5785940997572,759.6867914908198,8030.751784985411,0,84536.1467997364,75903.68340427455
2025-02-18,48186.530850085604,563.9062339946909,-0.8210271838675589,37.52579250010845,48787.14184939654,8.248333333364709,841.8488028789402,8404.033535983794,0,76790.53137823746,77427.42818047715
2025-02-19,48229.005904478174,1063.9275173047135,-28.628576257128046,205.83339006575417,49470.13823559151,46.99928988829049,925.5895632880969,7768.925119320972,0,76533.31640376795,77461.96868658539
2025-02-20,49404.99955983389,99.8497144165438,-1209.4156323948978,155.0333462430339,48450.46698809857,33.09849407409459,1236.6094138997635,7072.243497070292,0,79339.19989551048,75730.69220782639
2025-02-21,18222.95867288248,1.966640184036805e-13,-35.049855883279356,3.453720864854404e-11,18187.908816999236,9.038103598868474e-12,5961.613056678775,6926.137618823075,0,35197.099117406324,35102.8014479921
2025-02-22,19356.488750048964,1.5762111615913454e-13,-86.81074448322829,3.7600898394885006e-11,19269.678005565773,1.0402345651527867e-11,3671.0874323360513,8503.876640148848,0,37088.50354307309,36824.67327429554
2025-02-23,49403.195830627694,7.157544094241899,-1127.7981475174226,78.31593110741716,48360.87115831193,16.92155707396041,742.8675216199421,7969.163603132273,0,79146.62249154555,76025.5208332658
2025-02-24,46990.66550343987,173.21309943929404,-417.2916363386813,250.87786511673357,46997.46483165723,55.26621666668639,1326.599462779356,8349.13708620013,0,74720.51260637376,73988.74070092144
2025-02-25,49492.056603858226,3.820474603344337e-13,-2626.9656482787595,136.18055250004758,47001.27150807952,31.095000000014423,2239.6698163234255,7951.586549377851,0,79369.81286307702,71733.11915635252
2025-02-26,45104.68162409139,1506.247243738225,-49.41484571754856,5.1192506234087886e-11,46561.51402211211,1.4349410548675223e-11,903.6603602950535,8700.283961745712,0,73120.77443098048,74775.49737106395
2025-02-27,42097.70557939651,2346.018241181419,-6.658269953497011,8.240743198939525e-11,44437.06555062451,2.2708945834892802e-11,302.79171359253627,6617.097539372731,0,67014.49596644622,69328.28789062495
2025-02-28,17606.618740128302,57.29821065291575,-125.78135169793256,3.804478865276906e-11,17538.13559908332,9.72022462519817e-12,7136.382761313742,6265.979834815656,0,33648.05386010143,33422.777008453006
2025-03-01,21274.002467918588,1.8301307136425747e-13,-608.9289619876438,3.557444472335192e-11,20665.073505930974,1.1581846592889633e-11,9856.666523893966,8093.184774734692,0,41236.99408345023,39612.18380337048
2025-03-02,51344.84485490169,312.9211235490501,-1163.7481012665735,6.144358621895662e-11,50494.01787718423,1.6129320101754274e-11,2711.7980614934518,8073.315416264756,0,82205.02026801667,79410.69111303508
2025-03-03,50474.86843700393,750.5002470731384,-1124.568128764195,9.047370141956889e-11,50100.80055531296,2.509636942704674e-11,1800.2964132727561,7937.677758759598,0,81061.19954181388,78024.75803937347
2025-03-04,45023.934274565676,2294.0761516013954,-146.91244030873025,252.60863695645457,47423.70662281479,51.26467301714816,640.5422244669938,8027.723365935711,0,72340.36793260997,73931.50855506943
2025-03-05,50410.19755994685,355.47772529877477,-2791.4052300524495,1058.6380141187244,49032.9080693119,232.82575793459728,2553.0016732516847,8369.629674452057,0,80896.02565098763,72904.35075344192
2025-03-06,45323.15639668335,3.3118681130872573e-13,-802.8209174691588,6.185872791775183e-11,44520.33547921425,1.8125945189240156e-11,2337.190863908565,6146.895472967451,0,72422.21875764111,70111.70762000742
2025-03-07,17371.099512207125,1.1714575975929621e-13,-376.8309771071972,3.178973306816602e-11,16994.26853509996,9.36717370336737e-12,8697.036679480416,5182.055039559167,0,32879.75005122655,31973.630233436248
2025-03-08,17842.364100470433,721.0714346323298,-9.17140141609707e-14,3.6516695445243386e-11,18563.4355351028,1.0516032489249483e-11,9292.38312733179,8759.71013636448,0,34780.589940680984,35325.15223324986
2025-03-09,45680.70862281802,112.34999558071114,-1414.7897636722764,4.239911710612887e-11,44378.2688547265,1.240785252321075e-11,1801.8428371603281,8728.132530907618,0,73946.30158103409,69246.51136971841
2025-03-10,44260.132870081725,1168.1224047336614,-28.541034613722545,7.376083321908311e-11,45399.714240201734,2.0189627747413397e-11,936.8424652810971,8679.377426038694,0,72141.17160327485,73103.14984249033
2025-03-11,39850.360549311095,3186.505107515816,-1.6859003430156123,6.841684907499257e-11,43035.179756483965,1.944400196407514e-11,893.9102446597703,8294.237727169912,0,64497.55651210989,68630.27912736195
2025-03-12,44626.80292358278,9.188255489789296e-13,-986.828598723656,4.7031971206479285e-11,43639.97432485917,1.3908874052503961e-11,2773.9095417340613,8106.990079633571,0,72047.25468891548,69037.00370086203
2025-03-13,44181.40891164375,439.394581404339,-595.7944871085031,665.1247642685017,44690.133770208085,99.85558594555773,1814.1819368088713,4416.637475313502,0,70562.95737738888,69322.41798818109
2025-03-14,15714.442978580779,635.7338652023229,-0.036451598911389556,3.3619550000282574,16353.502347184218,0.7818500000077613,11352.337420035376,4821.754664522168,0,30358.259621855083,30803.471133521834
2025-03-15,17542.809754894814,547.6575973649313,-2.3459642184152796,61.63852698343519,18149.75991502477,13.155165293659387,7204.023336358385,8369.344429374518,0,35018.73045036073,35410.018030876614
2025-03-16,43582.617951600834,1171.3873098100428,-447.18944771852074,7.4611800000608115,44314.27699369242,1.6400000000156059,2698.5498710996394,9036.17962470029,0,70512.55261409028,70848.68342488611
2025-03-17,39082.348341268036,2049.51379951031,-1036.8857472615593,8.195630130103382e-11,40094.97639351686,2.1437074337882223e-11,799.8764384911353,8713.061282147992,0,64564.602609452675,62333.58830158027
2025-03-18,46848.875931040355,6.049944545338803e-13,-2843.308038675996,7.668952051176348e-11,44005.567892364445,2.0339285811132868e-11,1846.0118375628592,8706.790113297799,0,75376.06657619914,66953.65036940888
2025-03-19,38804.59713316683,2229.8829629811726,0.0,6.49580617750195e-11,41034.480096148065,1.7829095838584053e-11,1923.678894764992,9085.70178933549,0,62960.5564847615,65825.32514008865
2025-03-20,41015.09374360314,272.9798189238293,-885.1082574997452,628.6365059133072,41031.60181094053,129.91646423642655,1197.2753235227513,4522.9120593006655,0,64793.26720713581,62297.92823353127
2025-03-21,15172.208105547146,369.15160273893554,-82.60998301758254,2.7808823688246776e-11,15458.74972526853,8.043343768804334e-12,14791.175534677459,4090.4043412645183,0,29179.92053519528,29293.272167449104
2025-03-22,18663.15107957711,3.745036281088687e-13,-2.57113886289174,3.5480894666761743e-11,18660.57994071426,1.0231815394945443e-11,11817.445543403383,9372.45765334398,0,36461.6411845716,36453.598297761106
2025-03-23,44234.94613085475,9.664972822065465e-13,-2338.0907433774073,534.684891278251,42431.540278755594,77.77951078070049,3153.2446662657467,8722.923906859412,0,71406.99078627813,64940.08381661987
2025-03-24,40965.53243424238,112.9937100767355,-882.5776991474536,4.781483653459873e-11,40195.94844517171,1.3812950783176348e-11,2441.15120522094,8049.1044024717,0,66711.7730852955,63710.435762675326
2025-03-25,45529.124693218895,8.853936619858791,-2150.640497696503,5.3634924057632826e-11,43387.33813214231,1.5994316981959855e-11,2280.8353288281933,8066.772806465645,0,74322.32044220247,67213.346717166
2025-03-26,40405.28626571865,828.9285926275572,-1536.7596101757829,8.037094545443325e-11,39697.4552481705,2.518163455533795e-11,2014.5628296113255,8640.388344827055,0,66389.4033870198,62204.411619335966
2025-03-27,38361.05950384883,405.4949408129212,-969.9468907113956,6.698885357536711e-11,37796.60755395042,1.9539925233402755e-11,963.2683620977595,4097.311873184305,0,61193.76711920531,58569.98354551613
2025-03-28,15873.401849829246,1.8531522982812023e-13,-90.8962433935011,1.657770098972833e-11,15782.505606435761,6.0822458181064576e-12,16649.058566138825,4109.288496578829,0,30774.29346192519,30574.03545617304
2025-03-29,16507.94263773915,663.1869583788059,-2.1657699668337376,3.664425918259439e-11,17168.963826151157,9.762857189343777e-12,18613.34368273095,8615.523076705256,0,33768.894753343106,34245.702518354796
2025-03-30,41435.33862883325,0.0,-2332.128234654535,5.405599523555793e-11,39103.210394178765,1.4701129202876473e-11,1120.8025395683048,8451.994426047791,0,67665.60779742891,60253.75124867048
2025-03-31,36895.96167939784,499.63942260101055,-185.26210583096062,6.958394749290164e-11,37210.33899616796,2.0975221559638157e-11,109.78171468722455,8251.228940329247,0,60824.24506070955,60753.09117134479
2025-04-01,41261.91608800175,213.94731404439153,-116.75333774958537,5.892747623192918e-11,41359.11006429662,1.6186163520615082e-11,3463.650470280426,8614.937541239957,0,67986.89611412065,67768.3288397936
2025-04-02,42162.257766012,5.333333774615312e-13,-702.8548112285041,5.776121270173462e-11,41459.40295478355,1.8253842881676974e-11,2610.1594468078138,8691.793463375201,0,69489.57293097759,66837.78551503911
2025-04-03,40500.82907283867,1.859973508544499e-13,-1686.587305638626,4.486585680751887e-11,38814.24176720009,1.574562702444382e-11,4950.559960171737,3704.5868549539127,0,64015.60389967148,59353.842351237196
2025-04-04,14270.007060330518,2.772139851003885e-13,-0.3655157723510485,3.4574867413539326e-11,14269.641544558202,9.521272659185342e-12,18758.558756314338,4105.408734392873,0,28411.476372939695,28409.730000400992
2025-04-05,16393.585464701,734.2938651801469,-1.5493787354804793,4.841590950377395e-11,17126.329951145715,1.2946088645549025e-11,13539.093164317188,9009.101527347704,0,33363.125153413115,33776.210958285614
2025-04-06,38344.12204924034,303.39577043279587,-1045.13319667984,436.3634449433076,38038.748067936605,93.55108330202586,3018.2239594257762,8663.962899534921,0,64328.16011138806,60890.66322990911
2025-04-07,34676.51418738501,1370.1317685818544,-257.7691981692907,6.393493379164284e-11,35788.87675779763,1.878674993349705e-11,1832.4358069610494,8005.780094615265,0,58156.28384190346,58195.15780243409
2025-04-08,41384.11894511052,8.423512554145418e-13,-2225.4086501453976,100.99144976964801,39259.70174473477,21.55403900750632,2991.3424546074975,8022.358901797317,0,68216.383211832,61304.44622841206
2025-04-09,41553.03704550829,6.558167342518572e-13,-1246.8670040120621,5.874329644939279e-11,40306.17004149628,1.7195134205394424e-11,1829.093764659127,8331.956202321808,0,68476.54242090252,65198.44475539448
2025-04-10,35093.41195588706,521.3972353538918,-569.7156155198679,5.849108397626424e-11,35045.09357572114,1.6923351608966186e-11,1718.2874448270313,3411.262575819245,0,55621.86016425719,54477.43086223515
2025-04-11,12979.646588342488,514.2098075926314,-5.064748620497994e-14,3.485942912107021e-11,13493.856395935156,8.37019342725398e-12,19127.39160617096,2912.0586986491585,0,26257.471289591023,26649.915789366776
2025-04-12,17149.668227257054,2.66905431089981e-13,-271.2658886258944,3.186634156548962e-11,16878.40233863119,7.952749569994921e-12,15721.527855769757,8670.45777475739,0,34418.10295391397,33797.59046016144
2025-04-13,37862.605956388914,211.43101817696578,-1271.1907939437306,8.5053408760416e-11,36802.84618062223,2.1147528173059982e-11,410.62213925158346,8947.00790923834,0,62949.84697760413,58894.0759620645
2025-04-14,37949.258937625564,710.5613235162194,-2439.7935847518893,848.5861255039752,37068.61280189386,139.34633704806825,630.8203983487892,8247.164059193214,0,62497.552989377255,56076.65432218375
2025-04-15,34709.09408985591,383.01996087940176,-430.79669200672504,6.592867940469205e-11,34661.31735872866,1.709743457922741e-11,2554.8536927207897,8455.569705542872,0,58119.451556181964,56594.298553624816
2025-04-16,36913.18218533395,920.7871325625075,-455.9552619217425,6.362669735526794e-11,37378.01405597477,1.8452184225026258e-11,1828.6433644158967,8414.230927674882,0,61970.404393411656,61362.84905649309
2025-04-17,32183.458680992568,1070.0897261769567,-405.1353560464521,8.43477096501566e-11,32848.41305112316,2.422784195488248e-11,2.025077306017934,3319.592213984034,0,50649.65373705704,51125.66945545177
2025-04-18,13602.889380904644,2.2433122026654928e-13,-57.313854643249634,3.780858115476349e-11,13545.575526261431,9.411138535142527e-12,17852.060674989752,3449.9453107344198,0,27149.32855218488,27019.428822442234
2025-04-19,15022.857347714802,773.5593525755737,-3.1538667759838845,2.1023652152507565e-11,15793.262833514415,6.195932655828074e-12,17336.294301563892,8343.142839497617,0,31697.489888293137,32249.899248510137
2025-04-20,36613.299420686526,7.939309529797337,-589.6470028174189,5.922562951177212e-11,36031.59172739896,1.836264473809024e-11,2743.313645612644,8761.284426315939,0,61368.24115647757,59027.14580549773
2025-04-21,35205.19121151368,5.54427970200777e-13,-1120.4943805747382,4.5214164856588465e-11,34084.69683093898,1.3301360013429075e-11,2737.181456235681,8238.96624833685,0,58101.40999066629,54432.516529293636
2025-04-22,34318.63119048518,451.28580074095805,-155.48738205548526,7.785648836744486e-11,34614.42960917074,2.2742696614841407e-11,643.818759908896,8721.164213177688,0,56741.64337317846,56876.23077431532
2025-04-23,31236.98318204659,3084.95103810375,-10.989392509612564,8.020505237738007e-11,34310.94482764081,2.2465584947894968e-11,630.733214710514,8493.272006173242,0,51749.58953181008,55442.085517029744
2025-04-24,31174.56977598225,730.2875110349484,-499.8150955094574,5.034848982177209e-11,31405.042191507793,1.5660361896152608e-11,4815.788147938374,2528.3471049713944,0,50507.83573569544,49139.22393759901
2025-04-25,12894.226344689283,2.553179001552053e-13,-168.19335828444636,2.2427158796745062e-11,12726.03298640486,5.3717030823463574e-12,21111.88318526661,2309.5926932078346,0,25793.78816343507,25436.36330107018
2025-04-26,15930.328801120988,1.764561829986633e-13,-0.03495168367818834,2.8726759637720532e-11,15930.293849437337,7.30437932361383e-12,23500.50936235431,8636.669287309092,0,33141.23126599817,33141.06639956572
2025-04-27,32678.22431944342,940.5337827579702,-411.8383778083605,1062.893269764791,34269.812994157815,224.47873829794327,1889.4548293165822,8560.773073709152,0,54413.922774780774,53994.80043894994
2025-04-28,38151.43499342963,1083.2375990538799,-930.970093610324,7.047678707294835e-11,38303.70249887326,2.1302071218087804e-11,2338.9613804502524,8226.034317131485,0,63932.39493625265,62411.27536382573
2025-04-29,34507.12303797726,757.1646251314293,-772.8772248043515,6.291665499702503e-11,34491.4104383044,1.91562321560923e-11,4659.330102185948,8153.838382945689,0,57888.578647816015,55516.699944312044
2025-04-30,33020.49364317668,2.1618973278236807e-13,-320.871881411496,7.386401534859033e-11,32699.62176176525,2.1103119252074976e-11,1534.3696194591987,8505.156995332803,0,54329.639651480626,53727.341217898196
2025-05-01,31236.449185393823,733.3380293823008,-499.0971459076998,7068.638544497869,38539.32861336629,1162.0411286576827,2236.664822895614,1313.3906141844102,0,49115.598914704155,48063.043667221165
2025-05-02,14404.673667838513,523.1220485082408,-2.1647591829521002,6257.971425066448,21183.60238223025,1108.787809289208,12554.493839201881,1778.1402499388767,0,28853.88140845884,29155.596077800605
2025-05-03,16782.505427668737,123.7192135999237,-3.732871789452474e-14,5582.878963626496,22489.103604895157,1073.502860541281,16880.72759806185,8158.713839178855,0,34485.547656887975,34561.77834670374
2025-05-04,37249.093127006345,316.778561207927,-1941.4889637595159,4993.605988576906,40617.988713031664,859.8062683861014,1725.1238952941471,7362.364831554364,0,61793.225668084924,55138.65134993935
2025-05-05,37377.984657810535,624.5629666440989,-1194.7106175882652,4549.488710197319,41357.32571706368,703.6039778141649,96.77299868850275,7515.923086046997,0,61270.85641346573,58420.77052208203
2025-05-06,33673.211285886275,2097.5505331996,-322.31247558708037,5114.271669431013,40562.721012929804,873.2576865207255,993.43115625847,7290.146482238957,0,55703.144204040385,56588.71237540648
2025-05-07,35226.86251476593,1103.9215256202713,-7.6062522921281035,5571.30962311234,41894.48741120641,911.897077810646,1041.6801496584312,7609.110724677403,0,58624.21315426324,59443.18113372129
2025-05-08,39390.044678474085,2.352472161181302,-1564.907438149613,42.45980617613784,37869.949518661786,6.284290117102168,2526.885654007255,3179.610513015715,0,62857.28207476198,57048.42871267526
2025-05-09,15964.850007820463,3.847162588499486e-14,-5.198278606292156,2.7767669052991552e-11,15959.651729214198,5.8264504332328215e-12,17976.78890115313,3270.0,0,29104.594690220736,29085.7299922037
2025-05-10,17914.827581348683,234.61038239586304,0.0,2.611708538324819e-11,18149.43796374457,7.204903340607416e-12,13739.589466948828,8669.374219534542,0,34480.18993654052,34652.14916931112
2025-05-11,37757.49286724972,348.2824183917066,-325.24691449543076,25.64296082675122,37806.17133197275,3.803747063237468,1461.0214784453738,8657.749902829615,0,61236.569685000824,60438.58340477374
2025-05-12,36479.72872559807,585.3937642700097,-245.16961754007303,5.859075358216615e-11,36819.95287232807,1.5283774246199755e-11,2627.3462045836177,8910.0,0,58614.435455969855,57980.16860095822
2025-05-13,41186.72928450389,331.00771931778723,-2028.1944506331383,5.5437329393726036e-11,39489.54255318859,1.4789947044846485e-11,3961.478343287591,8820.0,0,66972.92852809659,60451.35496890817
2025-05-14,41316.47478494537,7.353264663834125e-13,-2036.581968063657,7.15268573259209e-11,39279.89281688179,1.9451107391432743e-11,2229.794873598168,9630.0,0,65582.93197862933,59436.77212223925
2025-05-15,36179.404359092725,879.5469442779897,-1257.6208941571708,7.14924981437548e-11,35801.33040921362,1.858246889696602e-11,2712.076358628701,3630.0,0,54669.41329145855,52252.907234447106
2025-05-16,15443.32407832343,2.227125150966458e-13,-85.37074566331009,170.26744910001034,15528.220781760134,41.706266666670345,23000.992843886575,2922.2986204823956,0,27518.917719036537,27345.90659299541
2025-05-17,18856.32552979175,0.0,-237.4243294077547,3.122441682990029e-11,18618.90120038403,6.3806737671257e-12,15530.890982525052,8850.0,0,35486.21672187579,34959.968848658755
2025-05-18,41746.4873463864,12.129347586322044,-2037.271277804132,5.5846700597328434e-11,39721.345416168646,1.7715606759338698e-11,3628.460916017196,8850.0,0,67551.52834892567,60652.45635477376
2025-05-19,36449.31214295877,4.3234962276983424e-13,-672.2106953373163,306.7307919770548,36083.832239598516,45.47865549367823,6304.026364259704,8385.069177842934,0,59329.82522836393,56631.03826315167
2025-05-20,36147.26952763855,575.3135063523214,-164.3784980687399,9.280505075537349e-11,36558.204535922225,2.4703794565539283e-11,1364.3031318128337,8420.186167579144,0,59308.62639653228,59341.695248198805
2025-05-21,36540.520513485,258.457211391925,-153.91016297828804,5.961376814411778e-11,36645.06756189869,1.666933258093195e-11,3214.9606480526154,8717.407273025783,0,58493.989016722335,58205.80593526806
2025-05-22,35160.0174458284,2.914362084993627e-13,-872.4193131213533,5.858326801444492e-11,34287.59813270711,1.8388846001471393e-11,3374.4257968805177,3240.0,0,53932.77373305311,51475.08965476368
2025-05-23,14187.535170397023,716.9107642421264,-7.225366971397307e-14,2.3091430989552463e-11,14904.44593463917,5.144329406903125e-12,18561.438625262665,2790.0,0,26441.009396146626,26961.842378163732
2025-05-24,18410.325893046396,0.0,-131.67853244620838,2.369898055576413e-11,18278.64736060021,5.8975047068088315e-12,21367.32665133759,9536.738927562248,0,35112.64097227103,34840.1181580078
2025-05-25,36072.33326186562,5.638923994411017e-13,-679.906553960873,4.8869637225834594e-11,35392.42670790479,1.2818190953112207e-11,5217.641634995217,8705.255556850845,0,59283.00154018419,56257.152132303556
2025-05-26,36970.959616034495,1549.826251181036,-264.0199151025933,7.166916482503893e-11,38256.76595211301,1.808686533877335e-11,2321.9429946067467,8790.0,0,58804.8048781834,60468.8525631539
2025-05-27,35636.435536260906,209.45397423532918,-284.2899606373745,4.6020719679518153e-11,35561.5995498589,1.6217249765304587e-11,3048.928572698305,9030.0,0,56210.056844241,56007.72662801938
2025-05-28,38513.92991866402,6.327013579721097e-13,-1071.6053442621505,6.560729559623723e-11,37442.32457440194,1.7124079931818414e-11,3165.638954293694,8963.63945855071,0,63112.52004095961,58929.9800129177
2025-05-29,34293.115541660605,863.8292990748157,-396.92014422931504,6.868139657001393e-11,34760.024696506174,2.1808332917316875e-11,2672.444167385669,2877.229071937937,0,54378.59947614026,53624.18765853827
2025-05-30,16024.037761043133,0.0,-13.205144129617823,3.0182413013335466e-11,16010.832616913545,7.190692485892214e-12,19353.082367428837,3060.0,0,28522.844333923043,28492.701710599067
2025-05-31,19921.291989253477,0.0,-484.74210646381584,2.428143375254876e-11,19436.549882789688,5.5138116294983774e-12,18779.249579773925,8893.775925925926,0,37262.23789327615,36171.46424327197
2025-06-01,48844.80727690304,3463.617658841802,-2779.009606640572,7150.5702887690095,56679.98561787329,1503.61096865752,1178.2378760138783,6990.188608077663,0,77855.77941071976,72783.53818075967
2025-06-02,48545.76290176599,3455.5089510021303,-2554.4657277464003,6109.698661240566,55556.50478626228,1294.5434586182546,1177.2813212917547,6632.819262349187,0,78439.08829490996,72089.26689419623
2025-06-03,45750.078109290946,3445.4827329462973,-493.67461272027106,3023.9564035979733,51725.84263311494,612.5315367402229,1909.8907666478478,7337.944558337827,0,74109.35542033448,74202.23044311517
2025-06-04,53102.035118731714,254.9660434886461,-3657.0595185763323,2120.410846942107,51820.352490586134,466.031386695361,851.0790082729834,7324.2391232185355,0,84693.17789816174,73966.47458463549
2025-06-05,43335.954381947144,3034.7044827421473,-497.5525791253045,3734.4128567127045,49607.51914227669,732.5538045235329,648.8953073015479,1209.8209576905915,0,68447.56611782694,68280.15689180592
2025-06-06,19857.235350349052,3307.5206492747216,-652.3787894924532,4678.390931768863,27190.768141900186,967.5362649488391,2570.865252917262,1322.2624761913253,0,35244.427594329696,35449.989245631834
2025-06-07,22898.048776890915,2760.91030749686,-149.02566460333955,2833.963155056737,28343.896574841172,479.73375773530415,4848.956092046389,7201.689780256926,0,44575.98094014857,45457.37777195956
2025-06-08,50017.581289011345,1148.5940935392475,-1767.638929739594,6.901221283328597e-11,49398.536452811066,1.5567991340503795e-11,3666.9381783780877,9540.0,0,79824.88302992916,74981.34880549395
2025-06-09,55149.62757432121,7.526523404521868e-13,-2313.35133386072,30.77752379381797,52867.05376425431,4.571145669665196,4824.663355142804,9119.081276132865,0,85459.23678518602,79525.32946157415
2025-06-10,51467.152626214265,3.943000592698809e-13,-946.7611333144417,132.77686634718896,50653.16835924702,19.65172298486646,3013.354829115432,8494.193009730165,0,80417.86038678142,78150.8894802894
2025-06-11,53463.551925607455,2408.696166659284,-734.907368299438,7.080490949107343e-11,55137.34072396736,1.943423200145844e-11,2481.133808299828,9374.398803745013,0,83543.50124635876,84062.48286203333
2025-06-12,50526.21237321652,18.62129481739076,-707.21914563873,4.900438455024414e-11,49837.61452239523,1.2597922705026576e-11,3476.1787775839957,5070.0,0,76824.68009060863,75200.24482348246
2025-06-13,23148.44911843868,1.984759023798688e-13,-220.08245079075857,80.96211905835293,23009.328786706275,13.859816666671557,7157.48489249197,4270.052096057295,0,37932.747481938546,37555.93776719432
2025-06-14,26404.706398135986,2.508926399968914e-13,-677.7436965992524,2.1469958255693198e-11,25726.962701536755,5.8548721426632255e-12,9466.188850190347,9060.0,0,45248.377130093024,43886.10453744136
2025-06-15,49503.577797912934,458.6237581578989,-498.3188728100349,6.311638944822561e-11,49463.882683260854,1.6366463739814208e-11,2210.8874452629625,9252.414368794767,0,77541.56370896223,77286.24584242876
2025-06-16,50946.35837006552,512.6434612925672,-170.60141287819624,5.499746791315374e-11,51288.40041847995,1.6196821661651484e-11,4010.3162630427087,8460.0,0,80031.75649876264,80044.40276671204
2025-06-17,52776.14421755298,822.5875971341667,-305.1722139953955,5.532527413976141e-11,53293.55960069179,1.4945378268294007e-11,3694.3958717833975,9030.0,0,82788.77194650428,83301.29818608926
2025-06-18,54087.91385972911,40.252688172454704,-1663.5327197693277,188.22173356308247,52652.85556169532,27.916254601661183,5545.0941563276465,8961.808642098653,0,84752.06165438575,80256.7027759747
2025-06-19,46520.3395790121,2438.364967685512,-1726.4892737349762,215.91797365168324,47448.13324661432,32.118701919186144,2568.42298557716,3237.60142729618,0,71219.020728842,68851.57993746796
2025-06-20,21592.971130096743,1.667572746555379e-14,-228.67496854710245,1.9255296024311974e-11,21364.29616154966,5.4853899200679734e-12,9450.258375361616,3889.4681949469586,0,35465.898271693375,35121.81922684407
2025-06-21,25412.79676084955,3.794575320625881e-13,-206.05596489940177,1.5153176491367048e-11,25206.740795950158,3.979039320256561e-12,15872.092969925776,9450.0,0,44297.51066796704,43976.627449466105
2025-06-22,47040.088804841565,1248.5501209642161,-1080.128927487909,6.253020146118615e-11,47208.50999831794,1.765698698363849e-11,1869.7710937586291,9255.27643648637,0,75751.81378640377,73131.13009052502
2025-06-23,48066.06986282604,9.27307297615698e-13,-621.8009861783894,6.307264399652013e-11,47444.26887664773,1.6548540315852733e-11,2594.936276948696,9052.879667313357,0,75064.81557912842,73486.12084007598
2025-06-24,56624.47108964744,11.160907614885847,-1700.5736660195284,6.353447545848213e-11,54935.058331242864,1.679723027336877e-11,2323.190030970518,9307.235732360958,0,87813.00256143571,83046.68087199586
2025-06-25,47902.345603102964,2630.307682744792,-841.2813775306624,7.703210513909653e-11,49691.37190831717,2.114486363780088e-11,2201.2445301170233,9462.49058054905,0,76572.72936076556,76677.86655905464
2025-06-26,47622.7027240482,722.8302021334748,-750.233332200488,5.92685216460609e-11,47595.29959398124,1.404298899387868e-11,5885.6526186262145,3450.0,0,71644.51883330347,70344.63617181833
2025-06-27,22350.63133995005,2.4235760065494107e-13,-813.706003822808,2.7996179596811996e-11,21536.925336127268,5.286437954055145e-12,13279.974119233013,3240.0,0,37723.45727172005,35804.399694301384
2025-06-28,22731.15980405335,2.463906412231154e-13,-19.681437687418857,2.863806969344296e-11,22711.478366365962,7.58859641791787e-12,9966.29840947261,9092.910199487436,0,40876.30380183227,40821.0414895897
2025-06-29,43388.70899643966,4882.082729930965,-66.2326500971644,6.898025139978614e-11,48204.55907627352,1.8368195853213365e-11,1393.4159669074054,8749.503423134855,0,69808.76647602033,74258.97934390849
2025-06-30,50916.99377620796,58.48642173631944,-711.7566679677057,99.52804345628412,50363.25157343286,14.782124380856716,4444.027974176036,9253.849845082019,0,80647.59171644034,78826.7466063642
2025-07-01,43995.15984754223,9899.203145786783,-1.7035155508438038e-13,8143.874140644044,62038.23713397305,2005.8393955593822,1.9056756173085887e-11,6645.366997458626,0,69952.25255792296,77825.53537595707
2025-07-02,43871.811784722544,8723.865395960907,-1.0086296242661774e-13,3188.723705540315,55784.40088622377,613.1137572662387,1.3294254586071474e-11,7171.936722638994,0,69754.40477622664,76706.52869228437
2025-07-03,46493.47109167439,7228.024264922834,-291.9567449774905,4362.640721711659,57792.1793333314,1278.7005757042218,288.19719989815695,1510.6343721965627,0,71952.69734102141,76614.04732988673
2025-07-04,20601.20744738011,4377.649948339611,-3.4995650821656456e-14,6008.467283308921,30987.324679028643,1879.1050090270294,9682.16212230812,1200.0,0,36429.09077042996,39158.03960898574
2025-07-05,22976.99520240869,5931.799542591938,-6.141291919448122e-14,6736.94817007064,35645.74291507127,2072.3779740277523,10784.78400408345,6724.975756584742,0,42764.22387849864,46251.04201988458
2025-07-06,49092.402209558044,7837.483684495715,-125.84266691472028,3326.8783613688597,60130.9215885079,520.3029839496199,2.0593304839167104e-11,6450.116625046867,0,76935.7045227915,83286.05969106422
2025-07-07,45470.494001144514,5687.231707162848,-74.72710780785144,5834.372008925834,56917.37060942534,1101.5212258734102,173.3738453346197,6705.488344539562,0,72853.39529393864,76690.29534973399
2025-07-08,59504.85426749711,389.84484070864073,-2171.485588679303,58.859649694470676,57782.07316922092,8.63734984973594,5593.643446046908,8641.95691591343,0,92815.52294293205,87293.55263064399
2025-07-09,57525.228364217364,53.08370318966883,-1439.611331109688,264.84261636364283,56403.543352660985,39.26502837118955,7832.84358829659,9500.715642749441,0,90749.6108286515,86655.67321543588
2025-07-10,52551.48592470649,7.73499664319388e-13,-1713.860661218266,5.0939458873244806e-11,50837.62526348827,1.440270125385723e-11,3104.536840174179,3774.880192222806,0,78278.4496813923,73758.95256641693
2025-07-11,27580.990356343533,2.8751401259796693e-13,-427.94464752482577,111.07400998336321,27264.11971880207,29.435033333341647,8777.654263840328,3860.0640983652793,0,45217.42409900134,44212.13384065688
2025-07-12,31385.937727582375,141.6228105266395,-211.73778377647838,112.66682160835428,31428.48957594089,32.66178333333843,14109.090880762637,8875.360832006125,0,53787.67290854713,53588.133014315725
2025-07-13,57194.31694978,227.87513178533712,-3380.350955691735,4.879170134586275e-11,54041.84112587365,1.2523315717771766e-11,6041.245221918271,8612.449973644674,0,87770.42585576788,78849.46102958353
2025-07-14,57322.63859550676,52.482641446322646,-2299.8209233471985,4.3925611592499085e-11,55075.30031360593,1.1445067116255814e-11,6944.428532068869,9061.477294592538,0,90246.3885590178,83002.97056153495
2025-07-15,56097.76646538134,6.616062364628305e-13,-3007.395526224587,6.922129536235389e-11,53090.37093915682,1.886135692075186e-11,1372.0018148612353,9326.96700550153,0,86799.58230155261,78127.30423260071
2025-07-16,56401.35413607149,126.23330525966345,-1605.0230316915888,262.7823504987498,55185.346760138316,38.89326581792271,6965.060489996985,8871.10685444863,0,86683.48242117543,82303.21463689228
2025-07-17,52182.574285429415,749.8261721564674,-1408.940109348595,6.375902650290754e-11,51523.460348237364,1.6608936448392342e-11,4398.99438132162,3862.2008957913868,0,78808.834122622,75309.2128401587
2025-07-18,29711.863340008094,3.399946990612079e-13,-837.5234009523253,1.9227698544455055e-11,28874.33993905579,4.177991286269389e-12,12286.54343117874,4034.928793150199,0,49049.13845645635,46841.2051468461
2025-07-19,32556.371132093558,7.557016346027012e-13,-1159.0450197009218,3.123744818367413e-11,31397.326112392664,7.673861546209082e-12,15082.538448123763,9682.042299378438,0,54141.57051466785,51249.804638691625
2025-07-20,54149.905012534364,22.400828728248182,-1706.0536894602628,5.297395500036828e-11,52466.252151802386,1.5906831407619393e-11,3681.3204395715366,9163.820841404793,0,83791.04413462993,79051.20414225769
2025-07-21,59123.282922944156,7.448761607520282e-14,-1690.2929165288845,5.3373050867833175e-11,57432.99000641533,1.4738432696503878e-11,8626.414941508665,9507.190499760562,0,91008.97712095633,86881.51594597756
2025-07-22,53330.79561967267,2184.7183186576103,-485.2445970105432,6.333555369053557e-11,55030.2693413198,1.6218137943724287e-11,7263.601117508395,8943.116357385969,0,82880.74659209754,84420.28168643631
2025-07-23,59949.9997498385,17.570387195925655,-3666.395313881014,348.3696984108667,56649.544521564276,51.67747648813791,3595.4268296390746,8483.617233584826,0,91874.06707928075,81408.75390269197
2025-07-24,58765.76363969483,2.0470452000154185e-13,-4074.8257126000904,5.512985268296688e-11,54690.9379270948,1.6207479802687885e-11,2803.6019396653014,4796.1588270216125,0,86954.53840646053,76112.61525829772
2025-07-25,25290.681653945703,2.9191369321779346e-13,-303.29101435563155,2.03711216784086e-11,24987.390639590092,5.5990767577895895e-12,12142.822317322712,3747.3019009598715,0,41378.52579638581,40676.79922371049
2025-07-26,30628.555927349265,14.334345747725875,-375.83344837325114,2.1776287439934093e-11,30267.056824723764,6.650680006714538e-12,13967.173895384863,9493.184616922368,0,53093.873063788626,52150.06221500986
2025-07-27,56499.80086929201,125.97029975725897,-2110.5234727560746,7.019925618578783e-11,54515.24769629327,1.7902124227475724e-11,4254.0835051047525,9833.273473189165,0,88004.721495901,82345.97545113938
2025-07-28,54846.32384853717,258.17357160223713,-908.5295478529757,6.260789708889547e-11,54195.9678722865,1.738076349511175e-11,1408.359654381069,9082.679738417844,0,84228.48207659596,82704.98345043522
2025-07-29,55362.544754506445,1202.7065059579052,-595.484024111309,33.48153862895353,56003.248774982,4.9517915594203865,4986.905744455004,9384.544129200654,0,85399.01649848888,85236.83351440716
2025-07-30,50110.76219778093,6806.084022820351,-339.8554555249186,4.123756491836162e-11,56576.9907650764,1.0305534203780553e-11,6268.450868310959,9450.0,0,77295.78410650903,84220.04877179033
2025-07-31,50202.19653272434,318.5293861536538,-257.0242904403613,5.900106003764449e-11,50263.701628437695,1.3301360013429075e-11,4148.0193510950485,3756.024452698642,0,76870.32024852764,76574.24118618373
2025-08-01,27609.41830072094,1.0356592860986538,-510.1223439492369,1.7608383195977238e-11,27100.331616057818,4.1873171596762404e-12,20397.016801632693,3917.7916528357046,0,45758.09428226411,44557.68819343505
2025-08-02,30606.851982810535,6.085201675887219e-13,-984.0242914120456,3.088752009716699e-11,29622.82769139852,7.275957614183426e-12,18911.25644249362,9738.030497743906,0,51635.33662716814,49082.93431712516
2025-08-03,46193.03021064788,9.619355978429667e-13,-721.54796092081,289.53711684695645,45761.01936657403,42.93096149469306,3159.7071352330777,8424.23331116212,0,69614.81217587287,68166.7365927513
2025-08-04,47764.540301399466,1006.0625435128769,-1201.6576117550412,6.149787523668238e-11,47568.945233157356,1.7926993223227328e-11,1775.071208317313,8615.845094372035,0,72500.31035726705,71010.01450406518
2025-08-05,47248.85238755186,308.80651645041416,-761.4941686424684,6.077398317927419e-11,46796.16473535987,1.9046098032049485e-11,2157.9727898619776,8984.65310774309,0,72952.1764573794,71192.88243750614
2025-08-06,53285.874908765254,5.581625828199321e-13,-2867.694937431871,5.789389234678311e-11,50418.17997133345,1.56035184772918e-11,3051.77579102911,7671.3057749839245,0,81339.6594855412,73529.46525954985
2025-08-07,49197.851468842695,8.680544283379277e-13,-2858.161862274289,4.8846807487734624e-11,46339.689606568456,1.4928502878319705e-11,3939.5728469740816,2511.7588568131955,0,75452.52551463552,65308.75002442651
2025-08-08,24495.677791338803,7.225366971397307e-14,-352.55358520479086,3.2116219017552795e-11,24143.12420613404,6.480149750132114e-12,21887.47882900479,2754.8217328032833,0,41416.94133751218,40742.49103804387
2025-08-09,26049.99060814767,4.699302280641859e-13,-73.64181594870689,2.3906579826871164e-11,25976.348792198987,6.30961949354969e-12,18067.150410184262,8039.850408383428,0,45622.88349406211,45502.137337158376
2025-08-10,49789.74574030947,7.291873771464452e-14,-1985.268269586219,5.6060358133436244e-11,47804.4774707233,1.7124079931818414e-11,1069.4601193300991,8987.795335162018,0,77111.16372991228,70815.88589111729
2025-08-11,47540.150478263895,7.905271104391431e-13,-705.4165535522054,1123.9282999743077,47958.66222468599,163.69056009367904,5159.320797260099,8265.184779081339,0,74262.78415782655,72532.8421804526
2025-08-12,48583.45849912104,403.944433611244,-866.5743375021201,1017.3605061876225,49138.18910141779,165.34583846793603,2769.5417078760274,8190.342440401587,0,76989.30893401765,73911.0152213373
2025-08-13,44148.61041005636,1750.5851588269784,-6.414211384253577e-14,103.98382815049916,46003.17939703383,15.42443494038022,1381.9596677596217,8540.365998933426,0,69829.35561915953,71510.09076240075
2025-08-14,45058.21116000938,295.36045400549784,-1107.1658438603542,452.766542250088,44699.17231240461,65.59998034583357,1788.551658137568,2757.7217354303048,0,68000.14230590116,65124.13799764628
2025-08-15,24963.964514630377,444.8839660473158,-886.1599098879901,156.36423522248185,24679.052806012183,82.9557537332008,19944.001614652,2448.6298569856467,0,41072.36283340903,39427.257015894036
2025-08-16,28530.2723842491,128.19464896823723,-1161.67075348978,742.8930929090792,28239.689372636632,108.01281608991734,20175.32578004166,8314.766323705373,0,48731.60908841932,46112.97824492347
2025-08-17,45947.54987272184,835.2008367431832,-706.1176362031262,696.6722378011183,46773.30531106302,102.73371119004182,3917.494154412178,8348.973115432675,0,72950.69912375463,70737.50048083832
2025-08-18,47085.92518736708,54.57209435438943,-974.9044200924798,129.1460841149788,46294.738945743964,18.96496705993148,1476.3065497761268,8485.231427411241,0,72415.3328914536,69738.8238348917
2025-08-19,47401.08271913209,8.419249297730857e-13,-710.5610819463833,191.84528471202862,46882.36692189773,28.39418111627289,3637.3579966576895,8485.091540713638,0,73743.24858716299,71538.52778766974
2025-08-20,51350.340934375665,517.9054066238396,-1886.017300921672,357.5784667205775,50339.80750679842,53.03068197912879,1530.6623904735616,7684.038216967811,0,81281.02608058712,75364.98677146758
2025-08-21,45791.86898407403,126.31437302538752,-878.5955481327364,7.41270120840909e-11,45039.58780896675,2.042455093942408e-11,2825.2440412391848,3452.9599999762195,0,70892.09081245374,67692.72397579464
2025-08-22,24409.634415888708,135.55320959970982,-192.9320733119614,197.63305272594408,24549.8886049024,31.663913562127107,16870.050527829644,2999.4384987012863,0,40657.398928859635,40350.16836762948
2025-08-23,25858.901143031304,913.3412171227122,-4.936378807101712,3.008216520328233e-11,26767.30598134694,8.734346579331032e-12,15328.504327423132,8274.336990976653,0,45910.776693884356,46521.94284057441
2025-08-24,48128.62163190305,8.374740900762845e-13,-727.3278888793188,5.963291016541917e-11,47401.29374302378,1.724487219689763e-11,3402.5300275818895,8868.735247220156,0,73598.2866498311,71764.88796022962
2025-08-25,61735.42168399345,5.716718975738707,-6397.964734166486,585.545353111357,55928.71902191406,86.83719907557746,2294.6303064070134,8642.91354785085,0,95648.93827024943,76636.95476018489
2025-08-26,47327.748632176605,260.6048014375358,-482.8778434463329,8.567526776914747e-11,47105.47559016789,2.5053736862901133e-11,1388.6685101129376,9450.0,0,72530.88895212165,71554.71843029863
2025-08-27,46507.88626081034,2632.5447065939675,-398.8169126204535,7.01968119187768e-11,48741.61405478392,1.8772539078781847e-11,2585.23965733156,8070.759708126781,0,70391.56883021582,72848.14906774196
2025-08-28,45406.77389396024,1676.6818560601496,-4.453634065865089,411.5174332628484,47490.51954921738,61.09898659753355,1431.160549452683,3591.808965192138,0,69753.20997314517,71198.14340395742
2025-08-29,26328.60104000503,33.34591735780548,-333.38379864097226,1.577282660036872e-11,26028.56315872188,4.561684363579843e-12,16910.789918060516,3761.665561571457,0,43294.036465513374,42519.02982660151
2025-08-30,27683.67312378584,1.4450733942794615e-13,-498.5982082281517,3.126876890746644e-11,27185.074915557714,7.844391802791506e-12,19726.0770794483,8238.078953444081,0,47477.59700871298,46194.42097584858
2025-08-31,46252.191482443566,1485.4330432510758,-193.8698749141685,44.00843313214947,47587.76308391262,6.546438547002033,782.6422156602521,9331.347392428266,0,70841.66899992147,72598.21551683435
2025-09-01,49746.59422507813,2.6947191145154646e-13,-3214.928912020968,3.9345934510492955e-11,46531.6653130572,9.258371846954105e-12,11065.359453727957,9390.0,0,77420.94263308975,67991.5618626379
2025-09-02,45675.42077850618,1036.8496494831604,-1331.452949143488,3.6646486734071e-11,45380.8174788459,8.942180329540861e-12,11195.887745443903,9630.0,0,71542.46180183999,69274.60450985449
2025-09-03,49101.220164971724,7.448761607520282e-14,-2965.2003390081986,4.16446539475146e-11,46136.01982596357,1.0174971976084635e-11,8237.983898531085,9870.0,0,76227.3557593464,67439.00683419064
2025-09-04,46042.23323973343,6.423874765459913e-14,-2306.797167779316,3.3962912482365934e-11,43735.436071954144,8.203215884350357e-12,10030.373139076626,5160.0,0,68707.99975151639,62377.67639049133
2025-09-05,23491.310390447972,0.0,-1377.2611926411657,7.1631518494541526e-12,22114.049197806817,1.4779288903810084e-12,27168.22282743172,4455.009755542926,0,38751.530209480174,36097.63643967356
2025-09-06,26855.96854655174,0.0,-1207.9784287417535,1.9616635427155414e-11,25647.990117810004,3.865352482534945e-12,27147.838300361465,9930.0,0,46065.010501768054,43700.69695602001
2025-09-07,46795.18511466102,90.5904645813485,-1961.4284636650066,3.303969897672232e-11,44924.3471155774,9.686473845249566e-12,7865.378579797953,10709.952534657157,0,71768.7735859292,67372.48669142928
2025-09-08,40597.62467252989,985.2512981813281,-860.9097830860139,8.864151546106314e-11,40721.966187625294,2.5194069053213752e-11,2195.064036061894,7911.643233005838,0,64837.47085234895,62569.31152648435
2025-09-09,36260.51476046321,2929.526665258006,-6.644578792753127,7.629294174194001e-11,39183.39684692853,2.2247093056648737e-11,2459.3303888252913,8592.435553330775,0,58107.95698542202,60137.327514238656
2025-09-10,41431.87070790416,390.79837253174907,-305.14278137278853,7.598296747346467e-11,41517.5262990632,2.113509367518418e-11,250.8148543464159,8577.352801625237,0,66325.22140111611,65577.53186501635
2025-09-11,42341.17712281649,18.872567360832175,-3349.1895613853467,5.315814632922411e-11,39010.860128792025,1.4352963262354024e-11,2069.747393029792,3808.215235385136,0,65037.817261989156,54141.748810712415
2025-09-12,18449.0087805169,29.202173404273424,-175.6949894007795,411.93865966124685,18714.454624181642,113.42727462574015,17789.610113029863,4034.3709245972013,0,32538.38047285854,32183.620605605814
2025-09-13,19642.730513512055,1130.4270816074531,-5.497256821914621,4.8557678766769643e-11,20767.660338297643,1.1713296999005252e-11,21248.180253532177,8971.532826429418,0,36974.80167524811,37594.876036517366
2025-09-14,44832.87554709643,212.4930203076426,-1656.924224616089,8.601857359735732e-11,43388.44434278807,2.142996891052462e-11,2913.6867074731854,8491.30803517965,0,70550.14960966367,66398.61037645582
2025-09-15,38359.81179152371,311.6319720101431,-78.25298610166878,4.720989466022729e-11,38593.19077743223,1.5717205315013416e-11,1883.8360862487114,8072.421606630758,0,60505.221391489664,60585.29890885634
2025-09-16,44653.393828987726,299.2523765104711,-2097.620908135492,8.033858023281938e-11,42855.02529736279,2.2815527245256817e-11,1238.0748403933553,8070.81380074689,0,70916.11346546895,64553.58448431364
2025-09-17,45268.26223169025,40.63127785922216,-2210.6818001952374,9.077860241291091e-11,43098.21170935432,2.3792523506926955e-11,866.6370046156297,8220.908676886265,0,70877.2409250064,64860.20932187766
2025-09-18,36237.1222423056,2813.455595977519,-2.505735220628931,8.001838355808921e-11,39048.07210306257,2.248887187583648e-11,1166.385953734958,3826.159198885797,0,55732.63066189676,59268.3174907366
2025-09-19,18521.067229902626,19.360180789847266,-102.5855305071765,3.2543425732001196e-11,18437.84188018533,8.697043085703626e-12,13222.6684616967,4285.793531697899,0,33117.008631107776,32892.47994832103
2025-09-20,20789.999200620943,1.6730723473301622e-13,-125.66526067847006,4.1764876890226784e-11,20664.333939942517,1.1540990385583427e-11,13978.798188108913,8686.944775030273,0,37903.000552545935,37594.70126962425
2025-09-21,43287.082074529186,1.3710567348113043e-12,-1324.832663630805,5.841015848773168e-11,41962.24941089844,1.9337420553711127e-11,2647.118253940172,8315.681268205095,0,68287.63721013155,64306.811305192175
2025-09-22,47425.40280845977,315.11067215879046,-3253.994237990146,1.1127336563276915e-10,44486.51924262853,2.9597657658086973e-11,25.746759215569487,8688.734560250217,0,74504.16330025902,64855.065454338066
2025-09-23,44090.29219916441,45.25481085317134,-939.0887342089902,7.31436473611069e-11,43196.45827580866,1.8263168755083825e-11,974.0584168923169,8577.682273337301,0,69650.98977016332,67194.60188334783
2025-09-24,39252.41288892245,2939.9578190308166,-14.045954136913759,9.5417410861387e-11,42178.32475381645,2.5305091355676268e-11,88.41710349913087,8924.206943548425,0,61980.407651156514,65513.607162573426
2025-09-25,42069.296674389785,118.36909402889067,-695.0788349866144,6.282819953185026e-11,41492.58693343213,1.901057089526148e-11,2696.0506577892893,4826.847395387255,0,64473.67600110647,62256.96450653365
2025-09-26,20097.77011137527,1.8106049992638872e-13,-964.2893200094879,3.802004755470989e-11,19133.480791365815,9.976020010071807e-12,11991.442784856445,4941.891267760551,0,35195.37781319975,32964.41311200113
2025-09-27,20222.862616937502,301.46315386019205,-13.315924321838795,645.2837618333662,21156.29360830922,136.18404087793814,12847.170512754607,8271.8425361738,0,37510.647435687664,37679.096656988986
2025-09-28,42308.065507993924,1410.3858257343747,-24.48469359996335,8.20280598445855e-11,43693.96664012842,2.4041990620560227e-11,1068.7621127962072,8400.696781321594,0,66897.44591975308,68756.88315640257
2025-09-29,47405.85313151272,2.695123650725352,-2075.9661046596857,86.77920854006169,45419.36135904382,15.776535000018228,959.095067684884,8841.311406361709,0,74282.01873702212,68308.68443805986
2025-09-30,45457.273567244454,1332.1383171073062,-334.3558899374451,6.655109263675741e-11,46455.055994414375,1.7189805134876224e-11,1457.9284068259535,8512.921839699678,0,70149.91597193971,70513.75370251351
2025-10-01,43072.88877631514,6.270738595048898e-13,-1889.6085158831413,3.3610257688110323e-11,41183.28026043203,1.0098144542780574e-11,8725.739103571916,9060.0,0,68487.682283075,62694.32908305258
2025-10-02,45207.883301780144,0.0,-3823.912156002363,4.607144887813774e-11,41383.97114577783,1.3642420526593924e-11,7319.032685748181,5490.0,0,70108.3990590521,58901.887538731986
2025-10-03,16853.472298574776,134.34381886992125,-43.43956532680937,4.010325937997549e-11,16944.376552117927,1.1340262062731199e-11,20090.29664366519,5550.0,0,30755.28377426906,30764.700114426592
2025-10-04,21754.375548712218,0.0,-743.7754499129987,3.562483641417202e-11,21010.600098799252,8.854250665990548e-12,17598.724642841007,9030.0,0,39181.96710411239,37602.90846006312
2025-10-05,46941.718376405435,5.594607443981659e-13,-3689.055285695327,4.7565357874646e-11,43252.66309071016,1.3855583347321954e-11,3525.106217080771,9330.0,0,74347.58828962164,62186.90624480507
2025-10-06,39013.87840949176,1393.8060276547665,-22.403768100335284,7.247222555406551e-11,40385.28066904626,2.041744551206648e-11,1349.9905544324054,9240.0,0,61015.2103920872,62833.78945483695
2025-10-07,42439.6555525098,734.973374363431,-607.4914193587817,3.804762016557106e-11,42567.13750751449,1.0526690630285884e-11,5225.132233615035,8940.0,0,67864.75330368188,66490.73680861772
2025-10-08,40044.489544730546,4.2651322473830074e-13,-1320.0299506172905,694.144601154503,39418.604195267755,136.05136279045183,687.3142003624636,8706.437975002933,0,65756.66376960756,60850.10280398935
2025-10-09,42918.73424668453,3.645936885732226e-14,-3878.2700841442465,1199.5638481039068,40240.028010644186,224.67431047407436,487.9605851826374,4941.180952742449,0,68166.88892387398,55975.154010651546
2025-10-10,16828.334553079465,366.2240287968705,-159.94293015144257,3.0983354548652644e-11,17034.615651724926,9.130474154517287e-12,18772.59306873219,5630.755201953132,0,32445.548517594143,32252.175282954806
2025-10-11,17996.038975191663,4.521244832596988,-18.802734614233877,3.022745431735529e-11,17981.757485410053,7.901235221652314e-12,14685.315645134804,8419.08791502078,0,35379.95701015359,35325.54513839238
2025-10-12,40857.414412986334,298.6226333042861,-1109.2327844927595,1602.5420082342355,41649.346270032096,242.0938636691369,1172.8549678645963,8296.674810813085,0,66687.19801468213,63350.13382072352
2025-10-13,42417.63647461205,833.9698748398982,-2337.0101965461236,8.504009940679679e-11,40914.59615290591,2.3916868485684972e-11,175.08998147602273,8224.514031056158,0,68990.93857275862,61080.73776903169
2025-10-14,44120.98073841446,528.5906554894682,-1664.5212184269826,5.170142003407818e-11,42985.050175476994,1.4424017535930034e-11,1411.205122699391,8163.705253328644,0,71232.91820930742,66182.45999402602
2025-10-15,46074.18654277665,3.434834839261158,-2235.766588600192,6.795596479980405e-11,43841.85478901579,1.837369145718526e-11,1213.6687653562046,8359.274328034238,0,74356.9221793279,67408.60451900592
2025-10-16,39295.80919567806,2085.922598382097,-3.0816990843470866,6.41962358827186e-11,41378.65009497588,1.7990942069445737e-11,231.404607969154,5313.6301315891815,0,61918.79905645011,63880.552292162174
2025-10-17,16048.471920676058,1057.176574179942,-43.429436012050836,3.658772129710997e-11,17062.219058843984,9.549694368615746e-12,12531.580453666906,5473.511630452305,0,31122.715592482775,31825.219855194922
2025-10-18,19125.58925611827,1.6057981611083962e-13,-488.55522888028065,4.5747128751827406e-11,18637.034027238034,1.2448708730516955e-11,11960.238331929733,8514.213155106372,0,36146.885099428095,34924.025873827224
2025-10-19,46624.96837268688,0.7198762265661804,-1442.5321223303288,6.497305449215674e-11,45183.156126583184,1.8690826664169435e-11,1511.275620465782,8652.963685642699,0,73934.42226287832,69509.9148649342
2025-10-20,45552.40418299189,15.996783558699775,-773.6720227472483,5.961527094200391e-11,44794.728943803406,1.8097523479809752e-11,1635.9890960698472,8223.835071118727,0,71836.2485724723,69490.51690730356
2025-10-21,45239.405998499424,407.43381612313755,-248.4763542027593,6.96510094044811e-11,45398.363460419874,1.98641103565933e-11,1230.7296309030685,9022.088972332745,0,72729.87512530241,72742.35945805788
2025-10-22,44587.87136316496,8.154671604643227e-13,-293.0256869524732,7.062239149036032e-11,44294.84567621256,1.9834800468743197e-11,640.1656699325713,8322.10429096223,0,70190.83750087027,69614.6512360922
2025-10-23,51339.22714544575,0.13523465420226347,-4724.181826985851,6.249861506102406e-11,46615.18055311416,1.7882362257637396e-11,1079.37835609499,6161.964051321584,0,80765.40920521179,66207.56387906286
2025-10-24,17302.537471577372,89.34152764937207,-0.41674976164366395,4.575805068185446e-11,17391.46224946515,1.1602274696542736e-11,11390.002463702738,5895.825919724374,0,32774.466024160865,32847.04092793605
2025-10-25,18126.74295609629,450.3472807473239,-15.717824682383936,638.9302060543954,19200.302618215625,120.08097152938873,10561.678696218129,8110.719797100119,0,35486.108222295574,35786.1309739624
2025-10-26,50507.828318258275,0.3200461779099295,-3390.6282391701493,6.637529992303825e-11,47117.520125266106,1.865174681370263e-11,863.3542951065313,8891.039475430869,0,80162.29804719784,70379.07582845348
2025-10-27,43631.70469100773,649.5150085832347,-280.3790215877409,8.60194830920591e-11,44000.840678003304,2.5714541607158026e-11,1339.0431984552392,8541.547841471709,0,68924.17288287843,68535.63740591842
2025-10-28,44949.93289203934,733.5050812186397,-166.97537851045252,7.729851528304188e-11,45516.4625947476,1.987815467785481e-11,1233.120661602003,8699.533451051188,0,70829.65537381478,71172.86388290841
2025-10-29,48199.59025014967,11.219037170530017,-452.7309051074708,6.625895210277122e-11,47758.078382212785,1.8172130467064562e-11,1890.7140766564264,8581.754872862937,0,76901.12347945258,75297.41404332238
2025-10-30,40135.45940675319,3525.0731620004503,-125.25396071364948,7.281810532333566e-11,43535.27860804006,1.871214294624224e-11,441.6439082875493,6098.5551424732985,0,63142.91967755389,66646.45174431647
2025-10-31,18862.779664672984,1.2775274171872296e-13,-206.94948035549282,2.3588725639456244e-11,18655.830184317514,6.920686246303376e-12,6914.519477010424,6315.235799087394,0,34915.582256489906,34373.07342663511
2025-11-01,20183.344578650725,1.4995151786934005e-13,-300.2736983160165,2.3211185862237473e-11,19883.07088033473,6.480149750132114e-12,8020.267768077605,9214.206369944513,0,37826.246832371326,37079.333717051806
2025-11-02,45939.81023562914,1648.0484403463183,-305.65457332321955,897.0711987837147,48179.27530143595,138.19584009289753,2049.558414293975,8166.962015852905,0,72816.79472351485,73969.82128940066
2025-11-03,49573.59470398331,30.804013477782117,-1004.7822719418799,7.326638140625618e-11,48599.61644551929,1.8989254613188677e-11,2034.2239383517892,8985.114251070812,0,79449.14830799885,76527.954876826
2025-11-04,47891.03072781311,1.477375555225535e-13,-1017.9362829904197,85.78589086006025,46958.88033568274,18.314665000016813,2073.4982797723433,8205.699298617474,0,75795.42199671778,72813.33503742606
2025-11-05,50938.52521500923,10.909164280393105,-1917.4408341668682,184.71945379998485,49216.71299892274,37.6744625701531,1007.283879793586,8619.772368904622,0,80988.89163061276,75505.98116752249
2025-11-06,48514.755937200156,485.5397607183411,-312.82060311902507,6.840377864136827e-11,48687.47509479954,1.9610979506978765e-11,2181.472785289887,6739.469021005609,0,76031.45293005684,75728.84063488398
2025-11-07,18333.85439125702,380.3676248905643,-0.4986766693722145,4.554564725367527e-11,18713.723339478256,1.1311840353300795e-11,7900.74148847624,7095.649738738235,0,35185.49514834678,35467.49521822893
2025-11-08,19556.70108757523,15.72856537386337,-108.31898382959787,3.34166259108315e-11,19464.11066911953,1.0516032489249483e-11,8211.179122245036,8346.652762719265,0,37321.05969974206,37054.609082007635
2025-11-09,49182.6180966835,1.1334080340930084e-12,-379.7141900861726,6.971442712000453e-11,48802.90390659739,1.852207276442641e-11,741.8216073445496,8858.246457466794,0,78035.20795771002,76862.32324793914
2025-11-10,49817.45117095815,3109.145726381743,-883.7191141480816,361.9547032321892,52404.832486424,85.03033484520057,2113.9289848303024,8166.997495314195,0,78676.98732212075,79403.2341233782
2025-11-11,53247.784797342276,1.5474075179893025,-1984.9522736096694,5.804437996914657e-11,51264.37993125065,1.5209167258944944e-11,1755.9740610094846,8527.251122632857,0,83215.9760253536,77967.42899714614
2025-11-12,49588.40635373555,1121.7719700589425,-824.5980780704217,6.056645596164146e-11,49885.58024572413,1.7328138923744518e-11,1831.8883017965188,8676.124295111264,0,78556.14912563708,77269.89470112196
2025-11-13,48025.23870344871,2059.118143786116,-297.5665580999654,969.8432668187675,50756.63355595363,247.4104381991268,852.1237432825027,8083.515345097079,0,75506.0032709458,76267.36827364132
2025-11-14,19171.75340497605,308.87945120927327,-1.860001958934956,6.711027822348114e-11,19478.772854226456,1.6399326341343112e-11,5290.3966133415515,7574.187009341471,0,35406.56184088302,35884.50902708587
2025-11-15,22877.56776239587,6.619984560529702e-14,-996.5357349044899,6.209731395756534e-11,21881.03202749144,1.836042429204099e-11,6507.661422628049,8439.744714513781,0,42874.76598410391,39645.131170989014
2025-11-16,49903.99465618976,855.5291930450683,-18.26810504915493,7.353764930329021e-11,50741.25574418575,1.859046250274332e-11,1037.1753229140045,8273.000607249282,0,78987.35311472979,79678.20232157229
2025-11-17,49397.47806257267,1736.5798097171098,-84.12197722090968,7.050673289654697e-11,51049.93589506894,1.9682033780554775e-11,1855.6094369560667,8683.076835723476,0,77462.1073983575,79048.29664671198
2025-11-18,50491.83414800584,516.2038758195524,-161.2253626059573,7.818422886884945e-11,50846.812661219505,2.3302249019252486e-11,224.8381818514381,8850.706960438485,0,79859.05136302058,79822.22257737644
2025-11-19,50037.22183812673,3374.512708523442,-315.62540179531857,6.301057500085977,53102.410202354935,1.3850000000217007,1586.3205613480663,8487.106869713098,0,78796.7972874493,80787.07910097798
2025-11-20,49731.59177283784,1451.8357602596736,-145.9469810613176,6.190349921553207e-11,51037.48055203626,1.7756462966644904e-11,883.3424343028232,7887.571546077654,0,78570.90069908682,79316.7234534552
2025-11-21,19611.20029178114,1.5668319974793122e-13,-1.0348191851958615,5.668592883978363e-11,19610.165472596,1.6694201576683554e-11,3697.872732401331,8238.376331433252,0,36688.74269087671,36683.82891261058
2025-11-22,22536.67590076079,1.7481056602264288e-13,-937.341797424729,4.3043296038547396e-11,21599.334103336107,1.3433698597964394e-11,4832.4200431113295,8440.27375496399,0,42426.648467812556,39117.09162411251
2025-11-23,50583.16358872786,2165.920364325028,-485.44619035327054,6.193651791441823e-11,52263.63776269968,1.9897417047332056e-11,759.3646140618902,8373.956475676288,0,79465.56026601176,80291.56111855971
2025-11-24,49693.891420507185,1012.4261740191295,-283.47071004204406,59.11592898522823,50481.962813469494,12.62082173041447,671.5454541234647,8020.69658746612,0,78793.45025819042,78903.13323176428
2025-11-25,57970.25843332677,1.0744599876488792e-12,-2632.040432400918,8.409876528503446e-11,55338.21800092593,2.1756818568974268e-11,2469.574610429558,8019.84713558901,0,90483.46175272303,83157.51066536256
2025-11-26,55053.17949678197,199.18876709558634,-960.4182851132052,5.6939455854767385,54297.64392434983,1.2156160515570988,2130.334814763615,8708.589639396818,0,86489.3903451208,84081.70873617573
2025-11-27,52284.84574685478,102.18179838449618,-515.0513327872758,6.531355767336322e-11,51871.976212452064,1.9944046414366312e-11,923.7687688676396,8077.930370955966,0,81509.18185785862,80422.91564557812
2025-11-28,20822.94151464337,1.4958061456127325e-13,-391.0191892158093,5.93901381407136e-11,20431.922325427622,1.7054802015081805e-11,2726.5681011768042,8186.265375438557,0,38573.81002070061,37508.655582327316
2025-11-29,24898.838181520103,1.0344365364289843e-13,-1377.578510621625,5.0932242312562435e-11,23521.25967089853,1.4252821145532835e-11,2789.405840183382,8746.65518192352,0,47493.538267585995,41777.98150454368
2025-11-30,54593.78014408553,442.19365183237886,-240.26190685267233,8.17472196601443e-11,54795.71188906532,2.4241941787295218e-11,849.0041778722011,8320.880274668809,0,85682.3378064817,85174.04138703016
2025-12-01,58675.550425246875,913.14228855828,-392.9410424151431,10470.941409339011,69666.69308072902,2694.5758378477776,1160.860978848164,9223.521483328997,0,90782.82944505422,90256.44364747727
2025-12-02,59212.303792026374,2191.607125114853,-911.7509048576096,10284.315761753058,70776.47577403669,2632.679450051481,1046.586173540301,8232.586688097388,0,91683.4890274397,90570.33982549483
2025-12-03,52212.25210656254,11660.095112798641,-2.829771972301387e-14,1625.022792788781,65497.37001214996,588.7708464916534,960.6126513362841,8339.071434718984,0,81789.64515005375,92291.963787745
2025-12-04,58559.38684000551,3298.408364175285,-979.736502540203,8426.05458978328,69304.11329142387,2199.648204901961,969.4944492450726,8662.952663275628,0,90518.33983316922,90398.31505383758
2025-12-05,23896.87956999486,1418.8955734274582,-150.41851251518617,2903.80634234871,28069.16297325585,583.1539553712051,848.6974673307358,8642.950212180485,0,44685.79316021557,45368.39753507917
2025-12-06,23888.825928518574,3125.6066463802267,-1.2261650579288645,5.53772885325543e-11,27013.20640984093,1.573674524024682e-11,245.06768956230724,8526.890096028299,0,44660.902827677826,47671.03313630681
2025-12-07,59810.677871867345,1645.4234388665768,-664.7967270230482,6986.6129585387225,67777.91754224958,1854.8484349323114,916.7008157572359,8642.020896608088,0,92619.76161449534,91420.47694043355
2025-12-08,65942.1375074631,4.217724836053094e-13,-967.592967507424,5.2473410505626814e-11,64974.544539955736,1.3812950783176348e-11,6607.146515403366,8863.70692878462,0,102098.23828566918,99271.58814524971
2025-12-09,65521.57433565137,3.56322971128975e-13,-1465.1452384586523,5.850055728728875e-11,64056.42909719278,1.4644285784015665e-11,5033.88394395556,8546.569109684764,0,100731.47068471205,96668.57337543534
2025-12-10,59064.85367523426,1875.8213887291738,-120.06833828256865,6.334001056984562e-11,60820.60672568093,1.8744117369351443e-11,925.5425743654661,8216.701380697876,0,92109.10272150402,93779.43871851433
2025-12-11,63817.45177803963,1.097512480896512e-12,-1710.97727331594,7.975740601295911e-11,62106.47450472377,2.120259523508139e-11,3133.005568805231,8286.452014508755,0,98326.96435047225,93835.56378775436
2025-12-12,28500.023076853773,385.4134159292589,-465.4778381415256,4.702833544811824e-11,28419.95865464156,1.312105979422995e-11,4352.169984026358,8986.44031219741,0,53884.47324641848,52646.12317870739
2025-12-13,28434.47902843203,124.31157032528112,-824.2218343701567,4.149551546817065e-11,27734.568764387193,1.2926548720315623e-11,3665.927373493093,8434.940280652689,0,53150.71358305618,50570.71192381758
2025-12-14,61665.10577400712,1352.4447710309923,-56.638790858230934,4.569984923818993e-11,62960.91175417993,1.425348727934761e-11,3170.2146618585284,9046.944092924048,0,95937.63320205655,97318.89963444622
2025-12-15,59372.276319838165,2175.2255301095283,-45.80172789432282,8.864382294859752e-11,61501.70012205346,2.354738626308972e-11,650.334776957579,8265.774778162839,0,91960.60490133654,94001.71045923993
2025-12-16,65424.46049945129,5.125670554662065e-13,-1504.2043058681738,6.641420924324849e-11,63920.25619358318,1.91420213013771e-11,2935.858715239272,8126.162296573313,0,100595.7106284316,96844.69031655407
2025-12-17,65394.56678721424,9.761834007804283e-13,-1950.1082048947105,9.205031403780595e-11,63444.45858231961,2.2566837287740782e-11,2739.2429433374296,8702.036804445454,0,101696.11034508591,96130.08970173597
2025-12-18,62401.66957353719,14.76663230713119,-662.1822795046745,7.644685240393302e-11,61754.25392633972,2.0321522242738865e-11,2341.343229032984,8642.144876019649,0,95815.02146107811,94146.30548990806
2025-12-19,25746.028338001543,764.5361953456103,-705.5894601613961,6.410227015862802e-11,25804.975073185822,1.815436689867056e-11,474.67781008704503,8119.427173170881,0,47781.2443782128,46723.167776750706
2025-12-20,27811.55611879871,77.74367149295607,-1180.3568219564609,6.610522262917584e-11,26708.942968335272,1.963584850273037e-11,1112.4580661906903,8645.570951806962,0,51933.30018711944,48470.96030492868
2025-12-21,64223.69929504698,5.453728135762504e-13,-666.1332599048944,98.48580873006587,63656.05184387216,16.11087988386994,4328.288513894649,8075.953260265684,0,99301.0339725142,97424.90008732546
2025-12-22,61764.18930764464,158.0926907410616,-187.60122768570562,538.750677444475,62273.43144814449,114.73617734255937,1967.1834827635812,8132.938531780035,0,95649.35701061177,95487.46037825744
2025-12-23,63429.83454099521,221.92597659567673,-1417.7395709712237,9.998259997701097e-11,62234.020946619756,2.8322233447397593e-11,1755.5237750760662,8980.046481064574,0,98295.65917541683,94584.23552089873
2025-12-24,60445.25979513541,455.1324305512622,-401.4939074633621,395.44223934156804,60894.34055756488,59.90936143530641,1111.8732531087642,8133.847371513296,0,93133.21318001609,92721.99340539853
2025-12-25,60321.81783739812,191.24290476343086,-276.5969827515331,983.8179141638542,61220.28167357387,147.87725526397273,1239.4707325274144,8063.6673745616945,0,94007.79237497444,93568.65443921927
2025-12-26,27330.95387397232,297.71589020059145,-396.00846044036234,6.68254838132043e-11,27232.661303732617,1.77333703277327e-11,2483.567699532048,9260.075536746688,0,51571.28446842674,50602.461336602864
2025-12-27,27014.169733681694,326.1918040321871,-506.7691804594603,8.080043389924185e-11,26833.592357254503,2.1175061704070686e-11,2566.38221033045,9096.305023388906,0,50858.217269844936,49545.53829251668
2025-12-28,60480.17191627959,349.0774492574713,-765.7827086767974,8.415027252794971e-11,60063.46665686034,2.2097879082139116e-11,807.3535813839293,8896.141268597643,0,93620.24953909639,91996.95613485688
2025-12-29,61420.48336410806,218.05357498494408,-492.3461756339377,5.7287110166726055e-11,61146.19076345912,1.6427748050773516e-11,2604.709902070139,8254.994375319793,0,95075.97296975035,94012.45847947351
2025-12-30,62818.07606858024,62.305780292977644,-1429.1263219045325,21.10397602303386,61472.35950299172,3.6127665878737076,3110.6954755931292,8125.867880766745,0,97734.23296830762,93908.01185200857
2025-12-31,60670.56614670213,6.811063713030308e-13,-695.9630846822286,90.8867074296058,60065.489769449516,42.51015314760329,4082.553996314483,1200.0,0,91570.27911076532,89677.51405905609
